Input dir:  /home/lwestern/agage/meteorology/cfsv2/
Output dir: /home/lwestern/agage/meteorology/cfsv2/flexpart_inputs/
AVAILABLE:  /home/lwestern/agage/meteorology/cfsv2/flexpart_inputs/AVAILABLE
Repack to grid_simple: 1
Overwrite existing GF files: 0
Step filter mode: nonzero_max
Workers: 8
Required fields: 2t@heightAboveGround@2 2r@heightAboveGround@2 10u@heightAboveGround@10 10v@heightAboveGround@10 sp@surface@0
Found 3216 timesteps to process
Processing timestep: 201901010100
Processing timestep: 201901010200
Processing timestep: 201901010300
Processing timestep: 201901010400
Processing timestep: 201901010500
Processing timestep: 201901010600
Processing timestep: 201901010700
Processing timestep: 201901010800
  Writing /home/lwestern/agage/meteorology/cfsv2/flexpart_inputs//GF19010101
  Trying cycle: 20190101
  Writing /home/lwestern/agage/meteorology/cfsv2/flexpart_inputs//GF19010102
  Trying cycle: 20190101
  WARNING: Missing ipvgrbh file for 201901010200 cycle 20190101 (continuing with pgrbh only)
  WARNING: Missing ipvgrbh file for 201901010100 cycle 20190101 (continuing with pgrbh only)
  Writing /home/lwestern/agage/meteorology/cfsv2/flexpart_inputs//GF19010108
  Writing /home/lwestern/agage/meteorology/cfsv2/flexpart_inputs//GF19010105
  Writing /home/lwestern/agage/meteorology/cfsv2/flexpart_inputs//GF19010106
  Writing /home/lwestern/agage/meteorology/cfsv2/flexpart_inputs//GF19010107
  Writing /home/lwestern/agage/meteorology/cfsv2/flexpart_inputs//GF19010103
  Trying cycle: 20190101
  Trying cycle: 20190101
  Writing /home/lwestern/agage/meteorology/cfsv2/flexpart_inputs//GF19010104
  Trying cycle: 20190101
  Trying cycle: 20190101
  Trying cycle: 20190101
  Trying cycle: 20190101
  Step filtering not needed (single numeric stepRange=2)
  Step filtering not needed (single numeric stepRange=1)
  WARNING: Missing ipvgrbh file for 201901010400 cycle 20190101 (continuing with pgrbh only)
  WARNING: Missing ipvgrbh file for 201901010500 cycle 20190101 (continuing with pgrbh only)
  WARNING: Missing ipvgrbh file for 201901010800 cycle 20190101 (continuing with pgrbh only)
  WARNING: Missing ipvgrbh file for 201901010300 cycle 20190101 (continuing with pgrbh only)
  WARNING: Missing ipvgrbh file for 201901010600 cycle 20190101 (continuing with pgrbh only)
  WARNING: Missing ipvgrbh file for 201901010700 cycle 20190101 (continuing with pgrbh only)
  Step filtering not needed (single numeric stepRange=4)
  Step filtering not needed (single numeric stepRange=5)
  Step filtering not needed (single numeric stepRange=1)
  Step filtering not needed (single numeric stepRange=6)
  Step filtering not needed (single numeric stepRange=3)
  Step filtering not needed (single numeric stepRange=2)
  Selected cycle: 20190101
Processing timestep: 201901010900
  Selected cycle: 20190101
Processing timestep: 201901011000
  Selected cycle: 20190101
Processing timestep: 201901011100
  Selected cycle: 20190101
Processing timestep: 201901011200
  Selected cycle: 20190101
Processing timestep: 201901011300
  Selected cycle: 20190101
Processing timestep: 201901011400
  Writing /home/lwestern/agage/meteorology/cfsv2/flexpart_inputs//GF19010110
  Writing /home/lwestern/agage/meteorology/cfsv2/flexpart_inputs//GF19010109
  Writing /home/lwestern/agage/meteorology/cfsv2/flexpart_inputs//GF19010113
  Writing /home/lwestern/agage/meteorology/cfsv2/flexpart_inputs//GF19010111
  Writing /home/lwestern/agage/meteorology/cfsv2/flexpart_inputs//GF19010114
  Writing /home/lwestern/agage/meteorology/cfsv2/flexpart_inputs//GF19010112
  Trying cycle: 20190101
  Trying cycle: 20190101
  Trying cycle: 20190101
  Selected cycle: 20190101
  Trying cycle: 20190101
  Trying cycle: 20190101
  Trying cycle: 20190101
Processing timestep: 201901011500
  Selected cycle: 20190101
Processing timestep: 201901011600
  Writing /home/lwestern/agage/meteorology/cfsv2/flexpart_inputs//GF19010115
  Trying cycle: 20190101
  Writing /home/lwestern/agage/meteorology/cfsv2/flexpart_inputs//GF19010116
  Trying cycle: 20190101
  WARNING: Missing ipvgrbh file for 201901010900 cycle 20190101 (continuing with pgrbh only)
  WARNING: Missing ipvgrbh file for 201901011000 cycle 20190101 (continuing with pgrbh only)
  WARNING: Missing ipvgrbh file for 201901011400 cycle 20190101 (continuing with pgrbh only)
  WARNING: Missing ipvgrbh file for 201901011300 cycle 20190101 (continuing with pgrbh only)
  WARNING: Missing ipvgrbh file for 201901011100 cycle 20190101 (continuing with pgrbh only)
  WARNING: Missing ipvgrbh file for 201901011200 cycle 20190101 (continuing with pgrbh only)
  Step filtering not needed (single numeric stepRange=3)
  Step filtering not needed (single numeric stepRange=4)
  WARNING: Missing ipvgrbh file for 201901011500 cycle 20190101 (continuing with pgrbh only)
  WARNING: Missing ipvgrbh file for 201901011600 cycle 20190101 (continuing with pgrbh only)
  Step filtering not needed (single numeric stepRange=6)
  Step filtering not needed (single numeric stepRange=5)
  Step filtering not needed (single numeric stepRange=2)
  Step filtering not needed (single numeric stepRange=1)
  Step filtering not needed (single numeric stepRange=3)
  Step filtering not needed (single numeric stepRange=4)
  Selected cycle: 20190101
Processing timestep: 201901011700
  Writing /home/lwestern/agage/meteorology/cfsv2/flexpart_inputs//GF19010117
  Trying cycle: 20190101
  Selected cycle: 20190101
Processing timestep: 201901011800
  Selected cycle: 20190101
Processing timestep: 201901011900
  Writing /home/lwestern/agage/meteorology/cfsv2/flexpart_inputs//GF19010118
  Trying cycle: 20190101
  Writing /home/lwestern/agage/meteorology/cfsv2/flexpart_inputs//GF19010119
  Trying cycle: 20190101
  Selected cycle: 20190101
Processing timestep: 201901012000
  Writing /home/lwestern/agage/meteorology/cfsv2/flexpart_inputs//GF19010120
  Trying cycle: 20190101
  WARNING: Missing ipvgrbh file for 201901011700 cycle 20190101 (continuing with pgrbh only)
  Selected cycle: 20190101
Processing timestep: 201901012100
  Step filtering not needed (single numeric stepRange=5)
  Writing /home/lwestern/agage/meteorology/cfsv2/flexpart_inputs//GF19010121
  Trying cycle: 20190101
  Selected cycle: 20190101
Processing timestep: 201901012200
  Writing /home/lwestern/agage/meteorology/cfsv2/flexpart_inputs//GF19010122
  Trying cycle: 20190101
  Selected cycle: 20190101
Processing timestep: 201901012300
  WARNING: Missing ipvgrbh file for 201901011800 cycle 20190101 (continuing with pgrbh only)
  Writing /home/lwestern/agage/meteorology/cfsv2/flexpart_inputs//GF19010123
  Trying cycle: 20190101
  WARNING: Missing ipvgrbh file for 201901011900 cycle 20190101 (continuing with pgrbh only)
  Step filtering not needed (single numeric stepRange=6)
  Selected cycle: 20190101
Processing timestep: 201901020000
  Step filtering not needed (single numeric stepRange=1)
  WARNING: Missing ipvgrbh file for 201901012000 cycle 20190101 (continuing with pgrbh only)
  Writing /home/lwestern/agage/meteorology/cfsv2/flexpart_inputs//GF19010200
  Trying cycle: 20190101
  Step filtering not needed (single numeric stepRange=2)
  WARNING: Missing ipvgrbh file for 201901012100 cycle 20190101 (continuing with pgrbh only)
  WARNING: Missing ipvgrbh file for 201901012200 cycle 20190101 (continuing with pgrbh only)
  Step filtering not needed (single numeric stepRange=3)
  WARNING: Missing ipvgrbh file for 201901012300 cycle 20190101 (continuing with pgrbh only)
  Step filtering not needed (single numeric stepRange=4)
  WARNING: Missing ipvgrbh file for 201901020000 cycle 20190101 (continuing with pgrbh only)
  Step filtering not needed (single numeric stepRange=5)
  Step filtering not needed (single numeric stepRange=6)
  Selected cycle: 20190101
Processing timestep: 201901060100
  Writing /home/lwestern/agage/meteorology/cfsv2/flexpart_inputs//GF19010601
  Trying cycle: 20190106
  Selected cycle: 20190101
Processing timestep: 201901060200
  Writing /home/lwestern/agage/meteorology/cfsv2/flexpart_inputs//GF19010602
  Trying cycle: 20190106
  Selected cycle: 20190101
Processing timestep: 201901060300
  Writing /home/lwestern/agage/meteorology/cfsv2/flexpart_inputs//GF19010603
  Trying cycle: 20190106
  Selected cycle: 20190101
Processing timestep: 201901060400
  Writing /home/lwestern/agage/meteorology/cfsv2/flexpart_inputs//GF19010604
  Trying cycle: 20190106
  WARNING: Missing ipvgrbh file for 201901060100 cycle 20190106 (continuing with pgrbh only)
  Selected cycle: 20190101
Processing timestep: 201901060500
  Step filtering not needed (single numeric stepRange=1)
  Writing /home/lwestern/agage/meteorology/cfsv2/flexpart_inputs//GF19010605
  Trying cycle: 20190106
  Selected cycle: 20190101
Processing timestep: 201901060600
  Writing /home/lwestern/agage/meteorology/cfsv2/flexpart_inputs//GF19010606
  Trying cycle: 20190106
  WARNING: Missing ipvgrbh file for 201901060200 cycle 20190106 (continuing with pgrbh only)
  Step filtering not needed (single numeric stepRange=2)
  Selected cycle: 20190101
Processing timestep: 201901060700
  Writing /home/lwestern/agage/meteorology/cfsv2/flexpart_inputs//GF19010607
  Trying cycle: 20190106
  Selected cycle: 20190101
Processing timestep: 201901060800
  Writing /home/lwestern/agage/meteorology/cfsv2/flexpart_inputs//GF19010608
  Trying cycle: 20190106
  WARNING: Missing ipvgrbh file for 201901060300 cycle 20190106 (continuing with pgrbh only)
  Step filtering not needed (single numeric stepRange=3)
  WARNING: Missing ipvgrbh file for 201901060400 cycle 20190106 (continuing with pgrbh only)
  Step filtering not needed (single numeric stepRange=4)
  WARNING: Missing ipvgrbh file for 201901060500 cycle 20190106 (continuing with pgrbh only)
  Step filtering not needed (single numeric stepRange=5)
  WARNING: Missing ipvgrbh file for 201901060600 cycle 20190106 (continuing with pgrbh only)
  Step filtering not needed (single numeric stepRange=6)
  WARNING: Missing ipvgrbh file for 201901060700 cycle 20190106 (continuing with pgrbh only)
  WARNING: Missing ipvgrbh file for 201901060800 cycle 20190106 (continuing with pgrbh only)
  Step filtering not needed (single numeric stepRange=1)
  Step filtering not needed (single numeric stepRange=2)
  Selected cycle: 20190106
Processing timestep: 201901060900
  Writing /home/lwestern/agage/meteorology/cfsv2/flexpart_inputs//GF19010609
  Trying cycle: 20190106
  Selected cycle: 20190106
Processing timestep: 201901061000
  Writing /home/lwestern/agage/meteorology/cfsv2/flexpart_inputs//GF19010610
  Trying cycle: 20190106
  Selected cycle: 20190106
Processing timestep: 201901061100
  WARNING: Missing ipvgrbh file for 201901060900 cycle 20190106 (continuing with pgrbh only)
  Writing /home/lwestern/agage/meteorology/cfsv2/flexpart_inputs//GF19010611
  Step filtering not needed (single numeric stepRange=3)
  Trying cycle: 20190106
  Selected cycle: 20190106
Processing timestep: 201901061200
  Writing /home/lwestern/agage/meteorology/cfsv2/flexpart_inputs//GF19010612
  Selected cycle: 20190106
Processing timestep: 201901061300
  Trying cycle: 20190106
  Writing /home/lwestern/agage/meteorology/cfsv2/flexpart_inputs//GF19010613
  Trying cycle: 20190106
  WARNING: Missing ipvgrbh file for 201901061100 cycle 20190106 (continuing with pgrbh only)
  Selected cycle: 20190106
Processing timestep: 201901061400
  Step filtering not needed (single numeric stepRange=5)
  Writing /home/lwestern/agage/meteorology/cfsv2/flexpart_inputs//GF19010614
  Trying cycle: 20190106
  Selected cycle: 20190106
Processing timestep: 201901061500
  Writing /home/lwestern/agage/meteorology/cfsv2/flexpart_inputs//GF19010615
  Trying cycle: 20190106
  Selected cycle: 20190106
Processing timestep: 201901061600
  Writing /home/lwestern/agage/meteorology/cfsv2/flexpart_inputs//GF19010616
  Trying cycle: 20190106
  WARNING: Missing ipvgrbh file for 201901061200 cycle 20190106 (continuing with pgrbh only)
  WARNING: Missing ipvgrbh file for 201901061300 cycle 20190106 (continuing with pgrbh only)
  Step filtering not needed (single numeric stepRange=6)
  Step filtering not needed (single numeric stepRange=1)
  WARNING: Missing ipvgrbh file for 201901061400 cycle 20190106 (continuing with pgrbh only)
  WARNING: Missing ipvgrbh file for 201901061000 cycle 20190106 (continuing with pgrbh only)
  Step filtering not needed (single numeric stepRange=2)
  Step filtering not needed (single numeric stepRange=4)
  WARNING: Missing ipvgrbh file for 201901061500 cycle 20190106 (continuing with pgrbh only)
  WARNING: Missing ipvgrbh file for 201901061600 cycle 20190106 (continuing with pgrbh only)
  Step filtering not needed (single numeric stepRange=3)
  Step filtering not needed (single numeric stepRange=4)
  Selected cycle: 20190106
Processing timestep: 201901061700
  Writing /home/lwestern/agage/meteorology/cfsv2/flexpart_inputs//GF19010617
  Trying cycle: 20190106
  WARNING: Missing ipvgrbh file for 201901061700 cycle 20190106 (continuing with pgrbh only)
  Step filtering not needed (single numeric stepRange=5)
  Selected cycle: 20190106
Processing timestep: 201901061800
  Writing /home/lwestern/agage/meteorology/cfsv2/flexpart_inputs//GF19010618
  Trying cycle: 20190106
  Selected cycle: 20190106
Processing timestep: 201901061900
  Writing /home/lwestern/agage/meteorology/cfsv2/flexpart_inputs//GF19010619
  Trying cycle: 20190106
  Selected cycle: 20190106
Processing timestep: 201901062000
  Writing /home/lwestern/agage/meteorology/cfsv2/flexpart_inputs//GF19010620
  Trying cycle: 20190106
  Selected cycle: 20190106
Processing timestep: 201901062100
  Writing /home/lwestern/agage/meteorology/cfsv2/flexpart_inputs//GF19010621
  Trying cycle: 20190106
  Selected cycle: 20190106
Processing timestep: 201901062200
  Selected cycle: 20190106
Processing timestep: 201901062300
  Writing /home/lwestern/agage/meteorology/cfsv2/flexpart_inputs//GF19010622
  Trying cycle: 20190106
  Writing /home/lwestern/agage/meteorology/cfsv2/flexpart_inputs//GF19010623
  WARNING: Missing ipvgrbh file for 201901062000 cycle 20190106 (continuing with pgrbh only)
  Trying cycle: 20190106
  Step filtering not needed (single numeric stepRange=2)
  WARNING: Missing ipvgrbh file for 201901062100 cycle 20190106 (continuing with pgrbh only)
  Step filtering not needed (single numeric stepRange=3)
  WARNING: Missing ipvgrbh file for 201901061800 cycle 20190106 (continuing with pgrbh only)
  Selected cycle: 20190106
Processing timestep: 201901070000
  Step filtering not needed (single numeric stepRange=6)
  Writing /home/lwestern/agage/meteorology/cfsv2/flexpart_inputs//GF19010700
  Trying cycle: 20190106
  WARNING: Missing ipvgrbh file for 201901061900 cycle 20190106 (continuing with pgrbh only)
  Step filtering not needed (single numeric stepRange=1)
  WARNING: Missing ipvgrbh file for 201901062300 cycle 20190106 (continuing with pgrbh only)
  WARNING: Missing ipvgrbh file for 201901062200 cycle 20190106 (continuing with pgrbh only)
  Step filtering not needed (single numeric stepRange=5)
  Step filtering not needed (single numeric stepRange=4)
  WARNING: Missing ipvgrbh file for 201901070000 cycle 20190106 (continuing with pgrbh only)
  Step filtering not needed (single numeric stepRange=6)
  Selected cycle: 20190106
Processing timestep: 201901070100
  Writing /home/lwestern/agage/meteorology/cfsv2/flexpart_inputs//GF19010701
  Trying cycle: 20190107
  Step filtering not needed (single numeric stepRange=1)
  Selected cycle: 20190106
Processing timestep: 201901070200
  Writing /home/lwestern/agage/meteorology/cfsv2/flexpart_inputs//GF19010702
  Trying cycle: 20190107
  Step filtering not needed (single numeric stepRange=2)
  Selected cycle: 20190106
Processing timestep: 201901070300
  Writing /home/lwestern/agage/meteorology/cfsv2/flexpart_inputs//GF19010703
  Trying cycle: 20190107
  Selected cycle: 20190106
Processing timestep: 201901070400
  Writing /home/lwestern/agage/meteorology/cfsv2/flexpart_inputs//GF19010704
  Trying cycle: 20190107
  Selected cycle: 20190106
Processing timestep: 201901070500
  Writing /home/lwestern/agage/meteorology/cfsv2/flexpart_inputs//GF19010705
  Selected cycle: 20190106
Processing timestep: 201901070600
  Trying cycle: 20190107
  Writing /home/lwestern/agage/meteorology/cfsv2/flexpart_inputs//GF19010706
  Trying cycle: 20190107
  Selected cycle: 20190106
Processing timestep: 201901070700
  Writing /home/lwestern/agage/meteorology/cfsv2/flexpart_inputs//GF19010707
  Trying cycle: 20190107
  Selected cycle: 20190106
Processing timestep: 201901070800
  Writing /home/lwestern/agage/meteorology/cfsv2/flexpart_inputs//GF19010708
  Step filtering not needed (single numeric stepRange=3)
  Trying cycle: 20190107
  Step filtering not needed (single numeric stepRange=4)
  Step filtering not needed (single numeric stepRange=5)
  Step filtering not needed (single numeric stepRange=6)
  Step filtering not needed (single numeric stepRange=1)
  Step filtering not needed (single numeric stepRange=2)
  Selected cycle: 20190107
Processing timestep: 201901070900
  Writing /home/lwestern/agage/meteorology/cfsv2/flexpart_inputs//GF19010709
  Trying cycle: 20190107
  Step filtering not needed (single numeric stepRange=3)
  Selected cycle: 20190107
Processing timestep: 201901071000
  Writing /home/lwestern/agage/meteorology/cfsv2/flexpart_inputs//GF19010710
  Trying cycle: 20190107
  Step filtering not needed (single numeric stepRange=4)
  Selected cycle: 20190107
Processing timestep: 201901071100
  Writing /home/lwestern/agage/meteorology/cfsv2/flexpart_inputs//GF19010711
  Selected cycle: 20190107
Processing timestep: 201901071200
  Trying cycle: 20190107
  Writing /home/lwestern/agage/meteorology/cfsv2/flexpart_inputs//GF19010712
  Trying cycle: 20190107
  Selected cycle: 20190107
Processing timestep: 201901071300
  Writing /home/lwestern/agage/meteorology/cfsv2/flexpart_inputs//GF19010713
  Trying cycle: 20190107
  Selected cycle: 20190107
Processing timestep: 201901071400
  Writing /home/lwestern/agage/meteorology/cfsv2/flexpart_inputs//GF19010714
  Trying cycle: 20190107
  Selected cycle: 20190107
Processing timestep: 201901071500
  Writing /home/lwestern/agage/meteorology/cfsv2/flexpart_inputs//GF19010715
  Trying cycle: 20190107
  Step filtering not needed (single numeric stepRange=5)
  Step filtering not needed (single numeric stepRange=6)
  Selected cycle: 20190107
Processing timestep: 201901071600
  Writing /home/lwestern/agage/meteorology/cfsv2/flexpart_inputs//GF19010716
  Trying cycle: 20190107
  Step filtering not needed (single numeric stepRange=1)
  Step filtering not needed (single numeric stepRange=2)
  Step filtering not needed (single numeric stepRange=3)
  Step filtering not needed (single numeric stepRange=4)
  Selected cycle: 20190107
Processing timestep: 201901071700
  Writing /home/lwestern/agage/meteorology/cfsv2/flexpart_inputs//GF19010717
  Trying cycle: 20190107
  Step filtering not needed (single numeric stepRange=5)
  Selected cycle: 20190107
Processing timestep: 201901071800
  Writing /home/lwestern/agage/meteorology/cfsv2/flexpart_inputs//GF19010718
  Trying cycle: 20190107
  Step filtering not needed (single numeric stepRange=6)
  Selected cycle: 20190107
Processing timestep: 201901071900
  Writing /home/lwestern/agage/meteorology/cfsv2/flexpart_inputs//GF19010719
  Trying cycle: 20190107
  Selected cycle: 20190107
Processing timestep: 201901072000
  Writing /home/lwestern/agage/meteorology/cfsv2/flexpart_inputs//GF19010720
  Trying cycle: 20190107
  Step filtering not needed (single numeric stepRange=1)
  Selected cycle: 20190107
Processing timestep: 201901072100
  Writing /home/lwestern/agage/meteorology/cfsv2/flexpart_inputs//GF19010721
  Trying cycle: 20190107
  Step filtering not needed (single numeric stepRange=2)
  Selected cycle: 20190107
Processing timestep: 201901072200
  Writing /home/lwestern/agage/meteorology/cfsv2/flexpart_inputs//GF19010722
  Trying cycle: 20190107
  Selected cycle: 20190107
Processing timestep: 201901072300
  Writing /home/lwestern/agage/meteorology/cfsv2/flexpart_inputs//GF19010723
  Selected cycle: 20190107
Processing timestep: 201901080000
  Trying cycle: 20190107
  Writing /home/lwestern/agage/meteorology/cfsv2/flexpart_inputs//GF19010800
  Trying cycle: 20190107
  Step filtering not needed (single numeric stepRange=3)
  Step filtering not needed (single numeric stepRange=4)
  Step filtering not needed (single numeric stepRange=6)
  Step filtering not needed (single numeric stepRange=5)
  Selected cycle: 20190107
Processing timestep: 201901110100
  Writing /home/lwestern/agage/meteorology/cfsv2/flexpart_inputs//GF19011101
  Trying cycle: 20190111
  WARNING: Missing ipvgrbh file for 201901110100 cycle 20190111 (continuing with pgrbh only)
  Step filtering not needed (single numeric stepRange=1)
  Selected cycle: 20190107
Processing timestep: 201901110200
  Writing /home/lwestern/agage/meteorology/cfsv2/flexpart_inputs//GF19011102
  Trying cycle: 20190111
  WARNING: Missing ipvgrbh file for 201901110200 cycle 20190111 (continuing with pgrbh only)
  Step filtering not needed (single numeric stepRange=2)
  Selected cycle: 20190107
Processing timestep: 201901110300
  Writing /home/lwestern/agage/meteorology/cfsv2/flexpart_inputs//GF19011103
  Trying cycle: 20190111
  Selected cycle: 20190107
Processing timestep: 201901110400
  Writing /home/lwestern/agage/meteorology/cfsv2/flexpart_inputs//GF19011104
  Trying cycle: 20190111
  WARNING: Missing ipvgrbh file for 201901110300 cycle 20190111 (continuing with pgrbh only)
  Step filtering not needed (single numeric stepRange=3)
  WARNING: Missing ipvgrbh file for 201901110400 cycle 20190111 (continuing with pgrbh only)
  Step filtering not needed (single numeric stepRange=4)
  Selected cycle: 20190107
Processing timestep: 201901110500
  Writing /home/lwestern/agage/meteorology/cfsv2/flexpart_inputs//GF19011105
  Trying cycle: 20190111
  Selected cycle: 20190107
Processing timestep: 201901110600
  Writing /home/lwestern/agage/meteorology/cfsv2/flexpart_inputs//GF19011106
  Selected cycle: 20190107
  Trying cycle: 20190111
Processing timestep: 201901110700
  Writing /home/lwestern/agage/meteorology/cfsv2/flexpart_inputs//GF19011107
  Trying cycle: 20190111
  Selected cycle: 20190107
Processing timestep: 201901110800
  Writing /home/lwestern/agage/meteorology/cfsv2/flexpart_inputs//GF19011108
  Trying cycle: 20190111
  WARNING: Missing ipvgrbh file for 201901110500 cycle 20190111 (continuing with pgrbh only)
  Step filtering not needed (single numeric stepRange=5)
  WARNING: Missing ipvgrbh file for 201901110600 cycle 20190111 (continuing with pgrbh only)
  WARNING: Missing ipvgrbh file for 201901110700 cycle 20190111 (continuing with pgrbh only)
  WARNING: Missing ipvgrbh file for 201901110800 cycle 20190111 (continuing with pgrbh only)
  Step filtering not needed (single numeric stepRange=6)
  Step filtering not needed (single numeric stepRange=1)
  Step filtering not needed (single numeric stepRange=2)
  Selected cycle: 20190111
Processing timestep: 201901110900
  Writing /home/lwestern/agage/meteorology/cfsv2/flexpart_inputs//GF19011109
  Trying cycle: 20190111
  WARNING: Missing ipvgrbh file for 201901110900 cycle 20190111 (continuing with pgrbh only)
  Step filtering not needed (single numeric stepRange=3)
  Selected cycle: 20190111
Processing timestep: 201901111000
  Writing /home/lwestern/agage/meteorology/cfsv2/flexpart_inputs//GF19011110
  Trying cycle: 20190111
  WARNING: Missing ipvgrbh file for 201901111000 cycle 20190111 (continuing with pgrbh only)
  Step filtering not needed (single numeric stepRange=4)
  Selected cycle: 20190111
Processing timestep: 201901111100
  Writing /home/lwestern/agage/meteorology/cfsv2/flexpart_inputs//GF19011111
  Trying cycle: 20190111
  WARNING: Missing ipvgrbh file for 201901111100 cycle 20190111 (continuing with pgrbh only)
  Step filtering not needed (single numeric stepRange=5)
  Selected cycle: 20190111
Processing timestep: 201901111200
  Writing /home/lwestern/agage/meteorology/cfsv2/flexpart_inputs//GF19011112
  Trying cycle: 20190111
  WARNING: Missing ipvgrbh file for 201901111200 cycle 20190111 (continuing with pgrbh only)
  Step filtering not needed (single numeric stepRange=6)
  Selected cycle: 20190111
Processing timestep: 201901111300
  Writing /home/lwestern/agage/meteorology/cfsv2/flexpart_inputs//GF19011113
  Trying cycle: 20190111
  WARNING: Missing ipvgrbh file for 201901111300 cycle 20190111 (continuing with pgrbh only)
  Step filtering not needed (single numeric stepRange=1)
  Selected cycle: 20190111
Processing timestep: 201901111400
  Writing /home/lwestern/agage/meteorology/cfsv2/flexpart_inputs//GF19011114
  Trying cycle: 20190111
  Selected cycle: 20190111
Processing timestep: 201901111500
  Writing /home/lwestern/agage/meteorology/cfsv2/flexpart_inputs//GF19011115
  Trying cycle: 20190111
  Selected cycle: 20190111
Processing timestep: 201901111600
  Writing /home/lwestern/agage/meteorology/cfsv2/flexpart_inputs//GF19011116
  Trying cycle: 20190111
  WARNING: Missing ipvgrbh file for 201901111400 cycle 20190111 (continuing with pgrbh only)
  Step filtering not needed (single numeric stepRange=2)
  WARNING: Missing ipvgrbh file for 201901111500 cycle 20190111 (continuing with pgrbh only)
  Step filtering not needed (single numeric stepRange=3)
  WARNING: Missing ipvgrbh file for 201901111600 cycle 20190111 (continuing with pgrbh only)
  Step filtering not needed (single numeric stepRange=4)
  Selected cycle: 20190111
Processing timestep: 201901111700
  Writing /home/lwestern/agage/meteorology/cfsv2/flexpart_inputs//GF19011117
  Trying cycle: 20190111
  WARNING: Missing ipvgrbh file for 201901111700 cycle 20190111 (continuing with pgrbh only)
  Step filtering not needed (single numeric stepRange=5)
  Selected cycle: 20190111
Processing timestep: 201901111800
  Writing /home/lwestern/agage/meteorology/cfsv2/flexpart_inputs//GF19011118
  Trying cycle: 20190111
  WARNING: Missing ipvgrbh file for 201901111800 cycle 20190111 (continuing with pgrbh only)
  Step filtering not needed (single numeric stepRange=6)
  Selected cycle: 20190111
Processing timestep: 201901111900
  Writing /home/lwestern/agage/meteorology/cfsv2/flexpart_inputs//GF19011119
  Trying cycle: 20190111
  Selected cycle: 20190111
Processing timestep: 201901112000
  Writing /home/lwestern/agage/meteorology/cfsv2/flexpart_inputs//GF19011120
  Trying cycle: 20190111
  WARNING: Missing ipvgrbh file for 201901111900 cycle 20190111 (continuing with pgrbh only)
  Step filtering not needed (single numeric stepRange=1)
  WARNING: Missing ipvgrbh file for 201901112000 cycle 20190111 (continuing with pgrbh only)
  Step filtering not needed (single numeric stepRange=2)
  Selected cycle: 20190111
Processing timestep: 201901112100
  Writing /home/lwestern/agage/meteorology/cfsv2/flexpart_inputs//GF19011121
  Trying cycle: 20190111
  WARNING: Missing ipvgrbh file for 201901112100 cycle 20190111 (continuing with pgrbh only)
  Step filtering not needed (single numeric stepRange=3)
  Selected cycle: 20190111
Processing timestep: 201901112200
  Writing /home/lwestern/agage/meteorology/cfsv2/flexpart_inputs//GF19011122
  Trying cycle: 20190111
  Selected cycle: 20190111
Processing timestep: 201901112300
  Writing /home/lwestern/agage/meteorology/cfsv2/flexpart_inputs//GF19011123
  Trying cycle: 20190111
  Selected cycle: 20190111
Processing timestep: 201901120000
  WARNING: Missing ipvgrbh file for 201901112300 cycle 20190111 (continuing with pgrbh only)
  Writing /home/lwestern/agage/meteorology/cfsv2/flexpart_inputs//GF19011200
  Trying cycle: 20190111
  Step filtering not needed (single numeric stepRange=5)
  Selected cycle: 20190111
Processing timestep: 201901130100
  Writing /home/lwestern/agage/meteorology/cfsv2/flexpart_inputs//GF19011301
  Trying cycle: 20190113
  WARNING: Missing ipvgrbh file for 201901120000 cycle 20190111 (continuing with pgrbh only)
  Step filtering not needed (single numeric stepRange=6)
  WARNING: Missing ipvgrbh file for 201901112200 cycle 20190111 (continuing with pgrbh only)
  Step filtering not needed (single numeric stepRange=4)
  WARNING: Missing ipvgrbh file for 201901130100 cycle 20190113 (continuing with pgrbh only)
  Step filtering not needed (single numeric stepRange=1)
  Selected cycle: 20190111
Processing timestep: 201901130200
  Writing /home/lwestern/agage/meteorology/cfsv2/flexpart_inputs//GF19011302
  Trying cycle: 20190113
  WARNING: Missing ipvgrbh file for 201901130200 cycle 20190113 (continuing with pgrbh only)
  Step filtering not needed (single numeric stepRange=2)
  Selected cycle: 20190111
  Selected cycle: 20190111
Processing timestep: 201901130300
Processing timestep: 201901130400
  Writing /home/lwestern/agage/meteorology/cfsv2/flexpart_inputs//GF19011303
  Trying cycle: 20190113
  Writing /home/lwestern/agage/meteorology/cfsv2/flexpart_inputs//GF19011304
  Trying cycle: 20190113
  WARNING: Missing ipvgrbh file for 201901130300 cycle 20190113 (continuing with pgrbh only)
  Step filtering not needed (single numeric stepRange=3)
  WARNING: Missing ipvgrbh file for 201901130400 cycle 20190113 (continuing with pgrbh only)
  Step filtering not needed (single numeric stepRange=4)
  Selected cycle: 20190111
Processing timestep: 201901130500
  Writing /home/lwestern/agage/meteorology/cfsv2/flexpart_inputs//GF19011305
  Trying cycle: 20190113
  WARNING: Missing ipvgrbh file for 201901130500 cycle 20190113 (continuing with pgrbh only)
  Step filtering not needed (single numeric stepRange=5)
  Selected cycle: 20190111
Processing timestep: 201901130600
  Writing /home/lwestern/agage/meteorology/cfsv2/flexpart_inputs//GF19011306
  Trying cycle: 20190113
  WARNING: Missing ipvgrbh file for 201901130600 cycle 20190113 (continuing with pgrbh only)
  Step filtering not needed (single numeric stepRange=6)
  Selected cycle: 20190111
Processing timestep: 201901130700
  Writing /home/lwestern/agage/meteorology/cfsv2/flexpart_inputs//GF19011307
  Trying cycle: 20190113
  Selected cycle: 20190113
Processing timestep: 201901130800
  Writing /home/lwestern/agage/meteorology/cfsv2/flexpart_inputs//GF19011308
  Trying cycle: 20190113
  WARNING: Missing ipvgrbh file for 201901130700 cycle 20190113 (continuing with pgrbh only)
  Step filtering not needed (single numeric stepRange=1)
  Selected cycle: 20190111
Processing timestep: 201901130900
  Writing /home/lwestern/agage/meteorology/cfsv2/flexpart_inputs//GF19011309
  Trying cycle: 20190113
  WARNING: Missing ipvgrbh file for 201901130800 cycle 20190113 (continuing with pgrbh only)
  Step filtering not needed (single numeric stepRange=2)
  WARNING: Missing ipvgrbh file for 201901130900 cycle 20190113 (continuing with pgrbh only)
  Step filtering not needed (single numeric stepRange=3)
  Selected cycle: 20190113
Processing timestep: 201901131000
  Writing /home/lwestern/agage/meteorology/cfsv2/flexpart_inputs//GF19011310
  Trying cycle: 20190113
  WARNING: Missing ipvgrbh file for 201901131000 cycle 20190113 (continuing with pgrbh only)
  Step filtering not needed (single numeric stepRange=4)
  Selected cycle: 20190113
Processing timestep: 201901131100
  Writing /home/lwestern/agage/meteorology/cfsv2/flexpart_inputs//GF19011311
  Trying cycle: 20190113
  Selected cycle: 20190113
Processing timestep: 201901131200
  Writing /home/lwestern/agage/meteorology/cfsv2/flexpart_inputs//GF19011312
  Trying cycle: 20190113
  WARNING: Missing ipvgrbh file for 201901131100 cycle 20190113 (continuing with pgrbh only)
  Step filtering not needed (single numeric stepRange=5)
  WARNING: Missing ipvgrbh file for 201901131200 cycle 20190113 (continuing with pgrbh only)
  Step filtering not needed (single numeric stepRange=6)
  Selected cycle: 20190113
Processing timestep: 201901131300
  Writing /home/lwestern/agage/meteorology/cfsv2/flexpart_inputs//GF19011313
  Trying cycle: 20190113
  WARNING: Missing ipvgrbh file for 201901131300 cycle 20190113 (continuing with pgrbh only)
  Step filtering not needed (single numeric stepRange=1)
  Selected cycle: 20190113
Processing timestep: 201901131400
  Writing /home/lwestern/agage/meteorology/cfsv2/flexpart_inputs//GF19011314
  Trying cycle: 20190113
  WARNING: Missing ipvgrbh file for 201901131400 cycle 20190113 (continuing with pgrbh only)
  Step filtering not needed (single numeric stepRange=2)
  Selected cycle: 20190113
Processing timestep: 201901131500
  Writing /home/lwestern/agage/meteorology/cfsv2/flexpart_inputs//GF19011315
  Trying cycle: 20190113
  WARNING: Missing ipvgrbh file for 201901131500 cycle 20190113 (continuing with pgrbh only)
  Step filtering not needed (single numeric stepRange=3)
  Selected cycle: 20190113
Processing timestep: 201901131600
  Writing /home/lwestern/agage/meteorology/cfsv2/flexpart_inputs//GF19011316
  Trying cycle: 20190113
  Selected cycle: 20190113
Processing timestep: 201901131700
  Writing /home/lwestern/agage/meteorology/cfsv2/flexpart_inputs//GF19011317
  Trying cycle: 20190113
  WARNING: Missing ipvgrbh file for 201901131600 cycle 20190113 (continuing with pgrbh only)
  WARNING: Missing ipvgrbh file for 201901131700 cycle 20190113 (continuing with pgrbh only)
  Step filtering not needed (single numeric stepRange=4)
  Step filtering not needed (single numeric stepRange=5)
  Selected cycle: 20190113
Processing timestep: 201901131800
  Writing /home/lwestern/agage/meteorology/cfsv2/flexpart_inputs//GF19011318
  Trying cycle: 20190113
  WARNING: Missing ipvgrbh file for 201901131800 cycle 20190113 (continuing with pgrbh only)
  Step filtering not needed (single numeric stepRange=6)
  Selected cycle: 20190113
Processing timestep: 201901131900
  Writing /home/lwestern/agage/meteorology/cfsv2/flexpart_inputs//GF19011319
  Trying cycle: 20190113
  WARNING: Missing ipvgrbh file for 201901131900 cycle 20190113 (continuing with pgrbh only)
  Step filtering not needed (single numeric stepRange=1)
  Selected cycle: 20190113
Processing timestep: 201901132000
  Writing /home/lwestern/agage/meteorology/cfsv2/flexpart_inputs//GF19011320
  Trying cycle: 20190113
  WARNING: Missing ipvgrbh file for 201901132000 cycle 20190113 (continuing with pgrbh only)
  Selected cycle: 20190113
Processing timestep: 201901132100
  Writing /home/lwestern/agage/meteorology/cfsv2/flexpart_inputs//GF19011321
  Step filtering not needed (single numeric stepRange=2)
  Trying cycle: 20190113
  WARNING: Missing ipvgrbh file for 201901132100 cycle 20190113 (continuing with pgrbh only)
  Step filtering not needed (single numeric stepRange=3)
  Selected cycle: 20190113
Processing timestep: 201901132200
  Writing /home/lwestern/agage/meteorology/cfsv2/flexpart_inputs//GF19011322
  Trying cycle: 20190113
  WARNING: Missing ipvgrbh file for 201901132200 cycle 20190113 (continuing with pgrbh only)
  Selected cycle: 20190113
  Step filtering not needed (single numeric stepRange=4)
Processing timestep: 201901132300
  Writing /home/lwestern/agage/meteorology/cfsv2/flexpart_inputs//GF19011323
  Trying cycle: 20190113
  WARNING: Missing ipvgrbh file for 201901132300 cycle 20190113 (continuing with pgrbh only)
  Step filtering not needed (single numeric stepRange=5)
  Selected cycle: 20190113
  Selected cycle: 20190113
Processing timestep: 201901140000
Processing timestep: 201901140100
  Writing /home/lwestern/agage/meteorology/cfsv2/flexpart_inputs//GF19011400
  Writing /home/lwestern/agage/meteorology/cfsv2/flexpart_inputs//GF19011401
  Trying cycle: 20190113
  Trying cycle: 20190114
  WARNING: Missing ipvgrbh file for 201901140000 cycle 20190113 (continuing with pgrbh only)
  Step filtering not needed (single numeric stepRange=6)
  Step filtering not needed (single numeric stepRange=1)
  Selected cycle: 20190113
Processing timestep: 201901140200
  Writing /home/lwestern/agage/meteorology/cfsv2/flexpart_inputs//GF19011402
  Trying cycle: 20190114
  Step filtering not needed (single numeric stepRange=2)
  Selected cycle: 20190113
Processing timestep: 201901140300
  Writing /home/lwestern/agage/meteorology/cfsv2/flexpart_inputs//GF19011403
  Trying cycle: 20190114
  Step filtering not needed (single numeric stepRange=3)
  Selected cycle: 20190113
Processing timestep: 201901140400
  Writing /home/lwestern/agage/meteorology/cfsv2/flexpart_inputs//GF19011404
  Trying cycle: 20190114
  Step filtering not needed (single numeric stepRange=4)
  Selected cycle: 20190113
Processing timestep: 201901140500
  Writing /home/lwestern/agage/meteorology/cfsv2/flexpart_inputs//GF19011405
  Trying cycle: 20190114
  Step filtering not needed (single numeric stepRange=5)
  Selected cycle: 20190113
Processing timestep: 201901140600
  Writing /home/lwestern/agage/meteorology/cfsv2/flexpart_inputs//GF19011406
  Trying cycle: 20190114
  Step filtering not needed (single numeric stepRange=6)
  Selected cycle: 20190113
Processing timestep: 201901140700
  Writing /home/lwestern/agage/meteorology/cfsv2/flexpart_inputs//GF19011407
  Trying cycle: 20190114
  Step filtering not needed (single numeric stepRange=1)
  Selected cycle: 20190113
Processing timestep: 201901140800
  Writing /home/lwestern/agage/meteorology/cfsv2/flexpart_inputs//GF19011408
  Trying cycle: 20190114
  Step filtering not needed (single numeric stepRange=2)
  Selected cycle: 20190114
Processing timestep: 201901140900
  Writing /home/lwestern/agage/meteorology/cfsv2/flexpart_inputs//GF19011409
  Trying cycle: 20190114
  Step filtering not needed (single numeric stepRange=3)
  Selected cycle: 20190114
Processing timestep: 201901141000
  Writing /home/lwestern/agage/meteorology/cfsv2/flexpart_inputs//GF19011410
  Trying cycle: 20190114
  Step filtering not needed (single numeric stepRange=4)
  Selected cycle: 20190114
Processing timestep: 201901141100
  Writing /home/lwestern/agage/meteorology/cfsv2/flexpart_inputs//GF19011411
  Trying cycle: 20190114
  Step filtering not needed (single numeric stepRange=5)
  Selected cycle: 20190114
Processing timestep: 201901141200
  Writing /home/lwestern/agage/meteorology/cfsv2/flexpart_inputs//GF19011412
  Trying cycle: 20190114
  Step filtering not needed (single numeric stepRange=6)
  Selected cycle: 20190114
Processing timestep: 201901141300
  Writing /home/lwestern/agage/meteorology/cfsv2/flexpart_inputs//GF19011413
  Trying cycle: 20190114
  Step filtering not needed (single numeric stepRange=1)
  Selected cycle: 20190114
Processing timestep: 201901141400
  Writing /home/lwestern/agage/meteorology/cfsv2/flexpart_inputs//GF19011414
  Trying cycle: 20190114
  Step filtering not needed (single numeric stepRange=2)
  Selected cycle: 20190114
Processing timestep: 201901141500
  Writing /home/lwestern/agage/meteorology/cfsv2/flexpart_inputs//GF19011415
  Trying cycle: 20190114
  Step filtering not needed (single numeric stepRange=3)
  Selected cycle: 20190114
Processing timestep: 201901141600
  Writing /home/lwestern/agage/meteorology/cfsv2/flexpart_inputs//GF19011416
  Trying cycle: 20190114
  Selected cycle: 20190114
Processing timestep: 201901141700
  Writing /home/lwestern/agage/meteorology/cfsv2/flexpart_inputs//GF19011417
  Trying cycle: 20190114
  Step filtering not needed (single numeric stepRange=4)
  Step filtering not needed (single numeric stepRange=5)
  Selected cycle: 20190114
Processing timestep: 201901141800
  Writing /home/lwestern/agage/meteorology/cfsv2/flexpart_inputs//GF19011418
  Trying cycle: 20190114
  Step filtering not needed (single numeric stepRange=6)
  Selected cycle: 20190114
Processing timestep: 201901141900
  Writing /home/lwestern/agage/meteorology/cfsv2/flexpart_inputs//GF19011419
  Trying cycle: 20190114
  Step filtering not needed (single numeric stepRange=1)
  Selected cycle: 20190114
Processing timestep: 201901142000
  Writing /home/lwestern/agage/meteorology/cfsv2/flexpart_inputs//GF19011420
  Trying cycle: 20190114
  Step filtering not needed (single numeric stepRange=2)
  Selected cycle: 20190114
Processing timestep: 201901142100
  Writing /home/lwestern/agage/meteorology/cfsv2/flexpart_inputs//GF19011421
  Trying cycle: 20190114
  Step filtering not needed (single numeric stepRange=3)
  Selected cycle: 20190114
Processing timestep: 201901142200
  Writing /home/lwestern/agage/meteorology/cfsv2/flexpart_inputs//GF19011422
  Trying cycle: 20190114
  Step filtering not needed (single numeric stepRange=4)
  Selected cycle: 20190114
Processing timestep: 201901142300
  Writing /home/lwestern/agage/meteorology/cfsv2/flexpart_inputs//GF19011423
  Trying cycle: 20190114
  Step filtering not needed (single numeric stepRange=5)
  Selected cycle: 20190114
Processing timestep: 201901150000
  Writing /home/lwestern/agage/meteorology/cfsv2/flexpart_inputs//GF19011500
  Trying cycle: 20190114
  Selected cycle: 20190114
Processing timestep: 201901150100
  Writing /home/lwestern/agage/meteorology/cfsv2/flexpart_inputs//GF19011501
  Trying cycle: 20190115
  Step filtering not needed (single numeric stepRange=6)
  WARNING: Missing ipvgrbh file for 201901150100 cycle 20190115 (continuing with pgrbh only)
  Step filtering not needed (single numeric stepRange=1)
  Selected cycle: 20190114
Processing timestep: 201901150200
  Writing /home/lwestern/agage/meteorology/cfsv2/flexpart_inputs//GF19011502
  Trying cycle: 20190115
  WARNING: Missing ipvgrbh file for 201901150200 cycle 20190115 (continuing with pgrbh only)
  Step filtering not needed (single numeric stepRange=2)
  Selected cycle: 20190114
Processing timestep: 201901150300
  Writing /home/lwestern/agage/meteorology/cfsv2/flexpart_inputs//GF19011503
  Trying cycle: 20190115
  Selected cycle: 20190114
Processing timestep: 201901150400
  Writing /home/lwestern/agage/meteorology/cfsv2/flexpart_inputs//GF19011504
  Trying cycle: 20190115
  WARNING: Missing ipvgrbh file for 201901150300 cycle 20190115 (continuing with pgrbh only)
  Step filtering not needed (single numeric stepRange=3)
  WARNING: Missing ipvgrbh file for 201901150400 cycle 20190115 (continuing with pgrbh only)
  Step filtering not needed (single numeric stepRange=4)
  Selected cycle: 20190114
Processing timestep: 201901150500
  Writing /home/lwestern/agage/meteorology/cfsv2/flexpart_inputs//GF19011505
  Trying cycle: 20190115
  WARNING: Missing ipvgrbh file for 201901150500 cycle 20190115 (continuing with pgrbh only)
  Step filtering not needed (single numeric stepRange=5)
  Selected cycle: 20190114
Processing timestep: 201901150600
  Writing /home/lwestern/agage/meteorology/cfsv2/flexpart_inputs//GF19011506
  Trying cycle: 20190115
  WARNING: Missing ipvgrbh file for 201901150600 cycle 20190115 (continuing with pgrbh only)
  Step filtering not needed (single numeric stepRange=6)
  Selected cycle: 20190114
Processing timestep: 201901150700
  Writing /home/lwestern/agage/meteorology/cfsv2/flexpart_inputs//GF19011507
  Trying cycle: 20190115
  WARNING: Missing ipvgrbh file for 201901150700 cycle 20190115 (continuing with pgrbh only)
  Step filtering not needed (single numeric stepRange=1)
  Selected cycle: 20190115
Processing timestep: 201901150800
  Writing /home/lwestern/agage/meteorology/cfsv2/flexpart_inputs//GF19011508
  Trying cycle: 20190115
  Selected cycle: 20190114
Processing timestep: 201901150900
  Writing /home/lwestern/agage/meteorology/cfsv2/flexpart_inputs//GF19011509
  Trying cycle: 20190115
  WARNING: Missing ipvgrbh file for 201901150800 cycle 20190115 (continuing with pgrbh only)
  Step filtering not needed (single numeric stepRange=2)
  WARNING: Missing ipvgrbh file for 201901150900 cycle 20190115 (continuing with pgrbh only)
  Step filtering not needed (single numeric stepRange=3)
  Selected cycle: 20190115
Processing timestep: 201901151000
  Writing /home/lwestern/agage/meteorology/cfsv2/flexpart_inputs//GF19011510
  Trying cycle: 20190115
  WARNING: Missing ipvgrbh file for 201901151000 cycle 20190115 (continuing with pgrbh only)
  Step filtering not needed (single numeric stepRange=4)
  Selected cycle: 20190115
Processing timestep: 201901151100
  Writing /home/lwestern/agage/meteorology/cfsv2/flexpart_inputs//GF19011511
  Trying cycle: 20190115
  Selected cycle: 20190115
Processing timestep: 201901151200
  Writing /home/lwestern/agage/meteorology/cfsv2/flexpart_inputs//GF19011512
  Trying cycle: 20190115
  Selected cycle: 20190115
Processing timestep: 201901151300
  Writing /home/lwestern/agage/meteorology/cfsv2/flexpart_inputs//GF19011513
  Trying cycle: 20190115
  WARNING: Missing ipvgrbh file for 201901151100 cycle 20190115 (continuing with pgrbh only)
  Step filtering not needed (single numeric stepRange=5)
  WARNING: Missing ipvgrbh file for 201901151200 cycle 20190115 (continuing with pgrbh only)
  Step filtering not needed (single numeric stepRange=6)
  WARNING: Missing ipvgrbh file for 201901151300 cycle 20190115 (continuing with pgrbh only)
  Step filtering not needed (single numeric stepRange=1)
  Selected cycle: 20190115
Processing timestep: 201901151400
  Writing /home/lwestern/agage/meteorology/cfsv2/flexpart_inputs//GF19011514
  Trying cycle: 20190115
  WARNING: Missing ipvgrbh file for 201901151400 cycle 20190115 (continuing with pgrbh only)
  Step filtering not needed (single numeric stepRange=2)
  Selected cycle: 20190115
Processing timestep: 201901151500
  Writing /home/lwestern/agage/meteorology/cfsv2/flexpart_inputs//GF19011515
  Trying cycle: 20190115
  WARNING: Missing ipvgrbh file for 201901151500 cycle 20190115 (continuing with pgrbh only)
  Step filtering not needed (single numeric stepRange=3)
  Selected cycle: 20190115
Processing timestep: 201901151600
  Writing /home/lwestern/agage/meteorology/cfsv2/flexpart_inputs//GF19011516
  Trying cycle: 20190115
  Selected cycle: 20190115
Processing timestep: 201901151700
  Writing /home/lwestern/agage/meteorology/cfsv2/flexpart_inputs//GF19011517
  Trying cycle: 20190115
  WARNING: Missing ipvgrbh file for 201901151600 cycle 20190115 (continuing with pgrbh only)
  Step filtering not needed (single numeric stepRange=4)
  WARNING: Missing ipvgrbh file for 201901151700 cycle 20190115 (continuing with pgrbh only)
  Step filtering not needed (single numeric stepRange=5)
  Selected cycle: 20190115
Processing timestep: 201901151800
  Writing /home/lwestern/agage/meteorology/cfsv2/flexpart_inputs//GF19011518
  Trying cycle: 20190115
  WARNING: Missing ipvgrbh file for 201901151800 cycle 20190115 (continuing with pgrbh only)
  Step filtering not needed (single numeric stepRange=6)
  Selected cycle: 20190115
Processing timestep: 201901151900
  Writing /home/lwestern/agage/meteorology/cfsv2/flexpart_inputs//GF19011519
  Trying cycle: 20190115
  WARNING: Missing ipvgrbh file for 201901151900 cycle 20190115 (continuing with pgrbh only)
  Step filtering not needed (single numeric stepRange=1)
  Selected cycle: 20190115
Processing timestep: 201901152000
  Writing /home/lwestern/agage/meteorology/cfsv2/flexpart_inputs//GF19011520
  Trying cycle: 20190115
  Selected cycle: 20190115
Processing timestep: 201901152100
  Writing /home/lwestern/agage/meteorology/cfsv2/flexpart_inputs//GF19011521
  Trying cycle: 20190115
  WARNING: Missing ipvgrbh file for 201901152000 cycle 20190115 (continuing with pgrbh only)
  Step filtering not needed (single numeric stepRange=2)
  WARNING: Missing ipvgrbh file for 201901152100 cycle 20190115 (continuing with pgrbh only)
  Step filtering not needed (single numeric stepRange=3)
  Selected cycle: 20190115
Processing timestep: 201901152200
  Writing /home/lwestern/agage/meteorology/cfsv2/flexpart_inputs//GF19011522
  Trying cycle: 20190115
  WARNING: Missing ipvgrbh file for 201901152200 cycle 20190115 (continuing with pgrbh only)
  Step filtering not needed (single numeric stepRange=4)
  Selected cycle: 20190115
Processing timestep: 201901152300
  Writing /home/lwestern/agage/meteorology/cfsv2/flexpart_inputs//GF19011523
  Trying cycle: 20190115
  WARNING: Missing ipvgrbh file for 201901152300 cycle 20190115 (continuing with pgrbh only)
  Step filtering not needed (single numeric stepRange=5)
  Selected cycle: 20190115
Processing timestep: 201901160000
  Writing /home/lwestern/agage/meteorology/cfsv2/flexpart_inputs//GF19011600
  Trying cycle: 20190115
  Selected cycle: 20190115
Processing timestep: 201901180100
  WARNING: Missing ipvgrbh file for 201901160000 cycle 20190115 (continuing with pgrbh only)
  Writing /home/lwestern/agage/meteorology/cfsv2/flexpart_inputs//GF19011801
  Trying cycle: 20190118
  Step filtering not needed (single numeric stepRange=6)
  Step filtering not needed (single numeric stepRange=1)
  Selected cycle: 20190115
Processing timestep: 201901180200
  Writing /home/lwestern/agage/meteorology/cfsv2/flexpart_inputs//GF19011802
  Trying cycle: 20190118
  Step filtering not needed (single numeric stepRange=2)
  Selected cycle: 20190115
Processing timestep: 201901180300
  Writing /home/lwestern/agage/meteorology/cfsv2/flexpart_inputs//GF19011803
  Trying cycle: 20190118
  Step filtering not needed (single numeric stepRange=3)
  Selected cycle: 20190115
Processing timestep: 201901180400
  Writing /home/lwestern/agage/meteorology/cfsv2/flexpart_inputs//GF19011804
  Trying cycle: 20190118
  Step filtering not needed (single numeric stepRange=4)
  Selected cycle: 20190115
Processing timestep: 201901180500
  Writing /home/lwestern/agage/meteorology/cfsv2/flexpart_inputs//GF19011805
  Trying cycle: 20190118
  Selected cycle: 20190115
Processing timestep: 201901180600
  Writing /home/lwestern/agage/meteorology/cfsv2/flexpart_inputs//GF19011806
  Trying cycle: 20190118
  Selected cycle: 20190115
Processing timestep: 201901180700
  Writing /home/lwestern/agage/meteorology/cfsv2/flexpart_inputs//GF19011807
  Trying cycle: 20190118
  Step filtering not needed (single numeric stepRange=5)
  Selected cycle: 20190118
Processing timestep: 201901180800
  Writing /home/lwestern/agage/meteorology/cfsv2/flexpart_inputs//GF19011808
  Trying cycle: 20190118
  Step filtering not needed (single numeric stepRange=2)
  Step filtering not needed (single numeric stepRange=6)
  Step filtering not needed (single numeric stepRange=1)
  Selected cycle: 20190115
Processing timestep: 201901180900
  Writing /home/lwestern/agage/meteorology/cfsv2/flexpart_inputs//GF19011809
  Trying cycle: 20190118
  Step filtering not needed (single numeric stepRange=3)
  Selected cycle: 20190118
Processing timestep: 201901181000
  Writing /home/lwestern/agage/meteorology/cfsv2/flexpart_inputs//GF19011810
  Trying cycle: 20190118
  Step filtering not needed (single numeric stepRange=4)
  Selected cycle: 20190118
Processing timestep: 201901181100
  Writing /home/lwestern/agage/meteorology/cfsv2/flexpart_inputs//GF19011811
  Trying cycle: 20190118
  Step filtering not needed (single numeric stepRange=5)
  Selected cycle: 20190118
Processing timestep: 201901181200
  Writing /home/lwestern/agage/meteorology/cfsv2/flexpart_inputs//GF19011812
  Trying cycle: 20190118
  Step filtering not needed (single numeric stepRange=6)
  Selected cycle: 20190118
Processing timestep: 201901181300
  Writing /home/lwestern/agage/meteorology/cfsv2/flexpart_inputs//GF19011813
  Trying cycle: 20190118
  Step filtering not needed (single numeric stepRange=1)
  Selected cycle: 20190118
Processing timestep: 201901181400
  Writing /home/lwestern/agage/meteorology/cfsv2/flexpart_inputs//GF19011814
  Trying cycle: 20190118
  Step filtering not needed (single numeric stepRange=2)
  Selected cycle: 20190118
Processing timestep: 201901181500
  Writing /home/lwestern/agage/meteorology/cfsv2/flexpart_inputs//GF19011815
  Trying cycle: 20190118
  Selected cycle: 20190118
Processing timestep: 201901181600
  Writing /home/lwestern/agage/meteorology/cfsv2/flexpart_inputs//GF19011816
  Selected cycle: 20190118
Processing timestep: 201901181700
  Trying cycle: 20190118
  Writing /home/lwestern/agage/meteorology/cfsv2/flexpart_inputs//GF19011817
  Trying cycle: 20190118
  Step filtering not needed (single numeric stepRange=3)
  Step filtering not needed (single numeric stepRange=4)
  Step filtering not needed (single numeric stepRange=5)
  Selected cycle: 20190118
Processing timestep: 201901181800
  Writing /home/lwestern/agage/meteorology/cfsv2/flexpart_inputs//GF19011818
  Trying cycle: 20190118
  Step filtering not needed (single numeric stepRange=6)
  Selected cycle: 20190118
Processing timestep: 201901181900
  Writing /home/lwestern/agage/meteorology/cfsv2/flexpart_inputs//GF19011819
  Trying cycle: 20190118
  Step filtering not needed (single numeric stepRange=1)
  Selected cycle: 20190118
Processing timestep: 201901182000
  Writing /home/lwestern/agage/meteorology/cfsv2/flexpart_inputs//GF19011820
  Trying cycle: 20190118
  Step filtering not needed (single numeric stepRange=2)
  Selected cycle: 20190118
Processing timestep: 201901182100
  Writing /home/lwestern/agage/meteorology/cfsv2/flexpart_inputs//GF19011821
  Trying cycle: 20190118
  Step filtering not needed (single numeric stepRange=3)
  Selected cycle: 20190118
Processing timestep: 201901182200
  Writing /home/lwestern/agage/meteorology/cfsv2/flexpart_inputs//GF19011822
  Trying cycle: 20190118
  Step filtering not needed (single numeric stepRange=4)
  Selected cycle: 20190118
Processing timestep: 201901182300
  Writing /home/lwestern/agage/meteorology/cfsv2/flexpart_inputs//GF19011823
  Trying cycle: 20190118
  Selected cycle: 20190118
Processing timestep: 201901190000
  Writing /home/lwestern/agage/meteorology/cfsv2/flexpart_inputs//GF19011900
  Trying cycle: 20190118
  Selected cycle: 20190118
Processing timestep: 201901240100
  Writing /home/lwestern/agage/meteorology/cfsv2/flexpart_inputs//GF19012401
  Trying cycle: 20190124
  Selected cycle: 20190118
Processing timestep: 201901240200
  Writing /home/lwestern/agage/meteorology/cfsv2/flexpart_inputs//GF19012402
  Trying cycle: 20190124
  Step filtering not needed (single numeric stepRange=5)
  Step filtering not needed (single numeric stepRange=6)
  WARNING: Missing ipvgrbh file for 201901240100 cycle 20190124 (continuing with pgrbh only)
  Step filtering not needed (single numeric stepRange=1)
  WARNING: Missing ipvgrbh file for 201901240200 cycle 20190124 (continuing with pgrbh only)
  Step filtering not needed (single numeric stepRange=2)
  Selected cycle: 20190118
Processing timestep: 201901240300
  Writing /home/lwestern/agage/meteorology/cfsv2/flexpart_inputs//GF19012403
  Trying cycle: 20190124
  Selected cycle: 20190118
Processing timestep: 201901240400
  Writing /home/lwestern/agage/meteorology/cfsv2/flexpart_inputs//GF19012404
  Trying cycle: 20190124
  WARNING: Missing ipvgrbh file for 201901240400 cycle 20190124 (continuing with pgrbh only)
  Step filtering not needed (single numeric stepRange=4)
  Selected cycle: 20190118
Processing timestep: 201901240500
  Writing /home/lwestern/agage/meteorology/cfsv2/flexpart_inputs//GF19012405
  Trying cycle: 20190124
  WARNING: Missing ipvgrbh file for 201901240500 cycle 20190124 (continuing with pgrbh only)
  Step filtering not needed (single numeric stepRange=5)
  WARNING: Missing ipvgrbh file for 201901240300 cycle 20190124 (continuing with pgrbh only)
  Step filtering not needed (single numeric stepRange=3)
  Selected cycle: 20190118
Processing timestep: 201901240600
  Writing /home/lwestern/agage/meteorology/cfsv2/flexpart_inputs//GF19012406
  Trying cycle: 20190124
  WARNING: Missing ipvgrbh file for 201901240600 cycle 20190124 (continuing with pgrbh only)
  Step filtering not needed (single numeric stepRange=6)
  Selected cycle: 20190118
Processing timestep: 201901240700
  Writing /home/lwestern/agage/meteorology/cfsv2/flexpart_inputs//GF19012407
  Trying cycle: 20190124
  Selected cycle: 20190124
Processing timestep: 201901240800
  Writing /home/lwestern/agage/meteorology/cfsv2/flexpart_inputs//GF19012408
  Trying cycle: 20190124
  WARNING: Missing ipvgrbh file for 201901240700 cycle 20190124 (continuing with pgrbh only)
  Step filtering not needed (single numeric stepRange=1)
  Selected cycle: 20190124
Processing timestep: 201901240900
  WARNING: Missing ipvgrbh file for 201901240800 cycle 20190124 (continuing with pgrbh only)
  Writing /home/lwestern/agage/meteorology/cfsv2/flexpart_inputs//GF19012409
  Trying cycle: 20190124
  Step filtering not needed (single numeric stepRange=2)
  Selected cycle: 20190118
Processing timestep: 201901241000
  Writing /home/lwestern/agage/meteorology/cfsv2/flexpart_inputs//GF19012410
  Trying cycle: 20190124
  WARNING: Missing ipvgrbh file for 201901240900 cycle 20190124 (continuing with pgrbh only)
  WARNING: Missing ipvgrbh file for 201901241000 cycle 20190124 (continuing with pgrbh only)
  Step filtering not needed (single numeric stepRange=3)
  Step filtering not needed (single numeric stepRange=4)
  Selected cycle: 20190124
Processing timestep: 201901241100
  Writing /home/lwestern/agage/meteorology/cfsv2/flexpart_inputs//GF19012411
  Trying cycle: 20190124
  WARNING: Missing ipvgrbh file for 201901241100 cycle 20190124 (continuing with pgrbh only)
  Step filtering not needed (single numeric stepRange=5)
  Selected cycle: 20190124
Processing timestep: 201901241200
  Writing /home/lwestern/agage/meteorology/cfsv2/flexpart_inputs//GF19012412
  Trying cycle: 20190124
  WARNING: Missing ipvgrbh file for 201901241200 cycle 20190124 (continuing with pgrbh only)
  Step filtering not needed (single numeric stepRange=6)
  Selected cycle: 20190124
Processing timestep: 201901241300
  Writing /home/lwestern/agage/meteorology/cfsv2/flexpart_inputs//GF19012413
  Trying cycle: 20190124
  WARNING: Missing ipvgrbh file for 201901241300 cycle 20190124 (continuing with pgrbh only)
  Step filtering not needed (single numeric stepRange=1)
  Selected cycle: 20190124
Processing timestep: 201901241400
  Writing /home/lwestern/agage/meteorology/cfsv2/flexpart_inputs//GF19012414
  Trying cycle: 20190124
  WARNING: Missing ipvgrbh file for 201901241400 cycle 20190124 (continuing with pgrbh only)
  Step filtering not needed (single numeric stepRange=2)
  Selected cycle: 20190124
Processing timestep: 201901241500
  Writing /home/lwestern/agage/meteorology/cfsv2/flexpart_inputs//GF19012415
  Trying cycle: 20190124
  Selected cycle: 20190124
Processing timestep: 201901241600
  Writing /home/lwestern/agage/meteorology/cfsv2/flexpart_inputs//GF19012416
  Trying cycle: 20190124
  Selected cycle: 20190124
Processing timestep: 201901241700
  Writing /home/lwestern/agage/meteorology/cfsv2/flexpart_inputs//GF19012417
  Trying cycle: 20190124
  WARNING: Missing ipvgrbh file for 201901241500 cycle 20190124 (continuing with pgrbh only)
  Step filtering not needed (single numeric stepRange=3)
  Selected cycle: 20190124
Processing timestep: 201901241800
  Writing /home/lwestern/agage/meteorology/cfsv2/flexpart_inputs//GF19012418
  Trying cycle: 20190124
  WARNING: Missing ipvgrbh file for 201901241600 cycle 20190124 (continuing with pgrbh only)
  WARNING: Missing ipvgrbh file for 201901241700 cycle 20190124 (continuing with pgrbh only)
  Step filtering not needed (single numeric stepRange=4)
  Step filtering not needed (single numeric stepRange=5)
  WARNING: Missing ipvgrbh file for 201901241800 cycle 20190124 (continuing with pgrbh only)
  Step filtering not needed (single numeric stepRange=6)
  Selected cycle: 20190124
Processing timestep: 201901241900
  Writing /home/lwestern/agage/meteorology/cfsv2/flexpart_inputs//GF19012419
  Trying cycle: 20190124
  WARNING: Missing ipvgrbh file for 201901241900 cycle 20190124 (continuing with pgrbh only)
  Step filtering not needed (single numeric stepRange=1)
  Selected cycle: 20190124
Processing timestep: 201901242000
  Writing /home/lwestern/agage/meteorology/cfsv2/flexpart_inputs//GF19012420
  Trying cycle: 20190124
  WARNING: Missing ipvgrbh file for 201901242000 cycle 20190124 (continuing with pgrbh only)
  Step filtering not needed (single numeric stepRange=2)
  Selected cycle: 20190124
Processing timestep: 201901242100
  Writing /home/lwestern/agage/meteorology/cfsv2/flexpart_inputs//GF19012421
  Trying cycle: 20190124
  WARNING: Missing ipvgrbh file for 201901242100 cycle 20190124 (continuing with pgrbh only)
  Step filtering not needed (single numeric stepRange=3)
  Selected cycle: 20190124
Processing timestep: 201901242200
  Writing /home/lwestern/agage/meteorology/cfsv2/flexpart_inputs//GF19012422
  Trying cycle: 20190124
  WARNING: Missing ipvgrbh file for 201901242200 cycle 20190124 (continuing with pgrbh only)
  Step filtering not needed (single numeric stepRange=4)
  Selected cycle: 20190124
Processing timestep: 201901242300
  Writing /home/lwestern/agage/meteorology/cfsv2/flexpart_inputs//GF19012423
  Trying cycle: 20190124
  WARNING: Missing ipvgrbh file for 201901242300 cycle 20190124 (continuing with pgrbh only)
  Step filtering not needed (single numeric stepRange=5)
  Selected cycle: 20190124
Processing timestep: 201901250000
  Writing /home/lwestern/agage/meteorology/cfsv2/flexpart_inputs//GF19012500
  Trying cycle: 20190124
  Selected cycle: 20190124
Processing timestep: 201901250100
  Writing /home/lwestern/agage/meteorology/cfsv2/flexpart_inputs//GF19012501
  Trying cycle: 20190125
  Selected cycle: 20190124
Processing timestep: 201901250200
  Writing /home/lwestern/agage/meteorology/cfsv2/flexpart_inputs//GF19012502
  Trying cycle: 20190125
  WARNING: Missing ipvgrbh file for 201901250100 cycle 20190125 (continuing with pgrbh only)
  Step filtering not needed (single numeric stepRange=1)
  WARNING: Missing ipvgrbh file for 201901250200 cycle 20190125 (continuing with pgrbh only)
  Step filtering not needed (single numeric stepRange=2)
  WARNING: Missing ipvgrbh file for 201901250000 cycle 20190124 (continuing with pgrbh only)
  Step filtering not needed (single numeric stepRange=6)
  Selected cycle: 20190124
Processing timestep: 201901250300
  Writing /home/lwestern/agage/meteorology/cfsv2/flexpart_inputs//GF19012503
  Trying cycle: 20190125
  WARNING: Missing ipvgrbh file for 201901250300 cycle 20190125 (continuing with pgrbh only)
  Step filtering not needed (single numeric stepRange=3)
  Selected cycle: 20190124
Processing timestep: 201901250400
  Writing /home/lwestern/agage/meteorology/cfsv2/flexpart_inputs//GF19012504
  Trying cycle: 20190125
  WARNING: Missing ipvgrbh file for 201901250400 cycle 20190125 (continuing with pgrbh only)
  Step filtering not needed (single numeric stepRange=4)
  Selected cycle: 20190124
Processing timestep: 201901250500
  Writing /home/lwestern/agage/meteorology/cfsv2/flexpart_inputs//GF19012505
  Trying cycle: 20190125
  WARNING: Missing ipvgrbh file for 201901250500 cycle 20190125 (continuing with pgrbh only)
  Step filtering not needed (single numeric stepRange=5)
  Selected cycle: 20190124
Processing timestep: 201901250600
  Writing /home/lwestern/agage/meteorology/cfsv2/flexpart_inputs//GF19012506
  Trying cycle: 20190125
  WARNING: Missing ipvgrbh file for 201901250600 cycle 20190125 (continuing with pgrbh only)
  Step filtering not needed (single numeric stepRange=6)
  Selected cycle: 20190124
Processing timestep: 201901250700
  Writing /home/lwestern/agage/meteorology/cfsv2/flexpart_inputs//GF19012507
  Trying cycle: 20190125
  WARNING: Missing ipvgrbh file for 201901250700 cycle 20190125 (continuing with pgrbh only)
  Step filtering not needed (single numeric stepRange=1)
  Selected cycle: 20190125
Processing timestep: 201901250800
  Writing /home/lwestern/agage/meteorology/cfsv2/flexpart_inputs//GF19012508
  Trying cycle: 20190125
  WARNING: Missing ipvgrbh file for 201901250800 cycle 20190125 (continuing with pgrbh only)
  Selected cycle: 20190124
Processing timestep: 201901250900
  Writing /home/lwestern/agage/meteorology/cfsv2/flexpart_inputs//GF19012509
  Trying cycle: 20190125
  Step filtering not needed (single numeric stepRange=2)
  WARNING: Missing ipvgrbh file for 201901250900 cycle 20190125 (continuing with pgrbh only)
  Selected cycle: 20190125
Processing timestep: 201901251000
  Writing /home/lwestern/agage/meteorology/cfsv2/flexpart_inputs//GF19012510
  Trying cycle: 20190125
  Step filtering not needed (single numeric stepRange=3)
  WARNING: Missing ipvgrbh file for 201901251000 cycle 20190125 (continuing with pgrbh only)
  Step filtering not needed (single numeric stepRange=4)
  Selected cycle: 20190125
Processing timestep: 201901251100
  Writing /home/lwestern/agage/meteorology/cfsv2/flexpart_inputs//GF19012511
  Trying cycle: 20190125
  WARNING: Missing ipvgrbh file for 201901251100 cycle 20190125 (continuing with pgrbh only)
  Step filtering not needed (single numeric stepRange=5)
  Selected cycle: 20190125
Processing timestep: 201901251200
  Writing /home/lwestern/agage/meteorology/cfsv2/flexpart_inputs//GF19012512
  Trying cycle: 20190125
  WARNING: Missing ipvgrbh file for 201901251200 cycle 20190125 (continuing with pgrbh only)
  Step filtering not needed (single numeric stepRange=6)
  Selected cycle: 20190125
Processing timestep: 201901251300
  Writing /home/lwestern/agage/meteorology/cfsv2/flexpart_inputs//GF19012513
  Trying cycle: 20190125
  WARNING: Missing ipvgrbh file for 201901251300 cycle 20190125 (continuing with pgrbh only)
  Step filtering not needed (single numeric stepRange=1)
  Selected cycle: 20190125
Processing timestep: 201901251400
  Writing /home/lwestern/agage/meteorology/cfsv2/flexpart_inputs//GF19012514
  Trying cycle: 20190125
  WARNING: Missing ipvgrbh file for 201901251400 cycle 20190125 (continuing with pgrbh only)
  Step filtering not needed (single numeric stepRange=2)
  Selected cycle: 20190125
Processing timestep: 201901251500
  Writing /home/lwestern/agage/meteorology/cfsv2/flexpart_inputs//GF19012515
  Trying cycle: 20190125
  WARNING: Missing ipvgrbh file for 201901251500 cycle 20190125 (continuing with pgrbh only)
  Step filtering not needed (single numeric stepRange=3)
  Selected cycle: 20190125
Processing timestep: 201901251600
  Writing /home/lwestern/agage/meteorology/cfsv2/flexpart_inputs//GF19012516
  Trying cycle: 20190125
  WARNING: Missing ipvgrbh file for 201901251600 cycle 20190125 (continuing with pgrbh only)
  Step filtering not needed (single numeric stepRange=4)
  Selected cycle: 20190125
Processing timestep: 201901251700
  Writing /home/lwestern/agage/meteorology/cfsv2/flexpart_inputs//GF19012517
  Trying cycle: 20190125
  Selected cycle: 20190125
Processing timestep: 201901251800
  Writing /home/lwestern/agage/meteorology/cfsv2/flexpart_inputs//GF19012518
  Trying cycle: 20190125
  WARNING: Missing ipvgrbh file for 201901251700 cycle 20190125 (continuing with pgrbh only)
  Step filtering not needed (single numeric stepRange=5)
  WARNING: Missing ipvgrbh file for 201901251800 cycle 20190125 (continuing with pgrbh only)
  Step filtering not needed (single numeric stepRange=6)
  Selected cycle: 20190125
Processing timestep: 201901251900
  Writing /home/lwestern/agage/meteorology/cfsv2/flexpart_inputs//GF19012519
  Trying cycle: 20190125
  WARNING: Missing ipvgrbh file for 201901251900 cycle 20190125 (continuing with pgrbh only)
  Step filtering not needed (single numeric stepRange=1)
  Selected cycle: 20190125
Processing timestep: 201901252000
  Writing /home/lwestern/agage/meteorology/cfsv2/flexpart_inputs//GF19012520
  Trying cycle: 20190125
  WARNING: Missing ipvgrbh file for 201901252000 cycle 20190125 (continuing with pgrbh only)
  Step filtering not needed (single numeric stepRange=2)
  Selected cycle: 20190125
Processing timestep: 201901252100
  Writing /home/lwestern/agage/meteorology/cfsv2/flexpart_inputs//GF19012521
  Trying cycle: 20190125
  WARNING: Missing ipvgrbh file for 201901252100 cycle 20190125 (continuing with pgrbh only)
  Step filtering not needed (single numeric stepRange=3)
  Selected cycle: 20190125
Processing timestep: 201901252200
  Writing /home/lwestern/agage/meteorology/cfsv2/flexpart_inputs//GF19012522
  Trying cycle: 20190125
  WARNING: Missing ipvgrbh file for 201901252200 cycle 20190125 (continuing with pgrbh only)
  Step filtering not needed (single numeric stepRange=4)
  Selected cycle: 20190125
Processing timestep: 201901252300
  Writing /home/lwestern/agage/meteorology/cfsv2/flexpart_inputs//GF19012523
  Trying cycle: 20190125
  WARNING: Missing ipvgrbh file for 201901252300 cycle 20190125 (continuing with pgrbh only)
  Step filtering not needed (single numeric stepRange=5)
  Selected cycle: 20190125
Processing timestep: 201901260000
  Writing /home/lwestern/agage/meteorology/cfsv2/flexpart_inputs//GF19012600
  Trying cycle: 20190125
  WARNING: Missing ipvgrbh file for 201901260000 cycle 20190125 (continuing with pgrbh only)
  Selected cycle: 20190125
Processing timestep: 201901280100
  Selected cycle: 20190125
  Writing /home/lwestern/agage/meteorology/cfsv2/flexpart_inputs//GF19012801
  Trying cycle: 20190128
Processing timestep: 201901280200
  Writing /home/lwestern/agage/meteorology/cfsv2/flexpart_inputs//GF19012802
  Trying cycle: 20190128
  Step filtering not needed (single numeric stepRange=6)
  Step filtering not needed (single numeric stepRange=1)
  Step filtering not needed (single numeric stepRange=2)
  Selected cycle: 20190125
Processing timestep: 201901280300
  Writing /home/lwestern/agage/meteorology/cfsv2/flexpart_inputs//GF19012803
  Trying cycle: 20190128
  Step filtering not needed (single numeric stepRange=3)
  Selected cycle: 20190125
Processing timestep: 201901280400
  Writing /home/lwestern/agage/meteorology/cfsv2/flexpart_inputs//GF19012804
  Trying cycle: 20190128
  Step filtering not needed (single numeric stepRange=4)
  Selected cycle: 20190125
Processing timestep: 201901280500
  Writing /home/lwestern/agage/meteorology/cfsv2/flexpart_inputs//GF19012805
  Trying cycle: 20190128
  Step filtering not needed (single numeric stepRange=5)
  Selected cycle: 20190125
Processing timestep: 201901280600
  Writing /home/lwestern/agage/meteorology/cfsv2/flexpart_inputs//GF19012806
  Trying cycle: 20190128
  Step filtering not needed (single numeric stepRange=6)
  Selected cycle: 20190125
Processing timestep: 201901280700
  Writing /home/lwestern/agage/meteorology/cfsv2/flexpart_inputs//GF19012807
  Trying cycle: 20190128
  Step filtering not needed (single numeric stepRange=1)
  Selected cycle: 20190128
Processing timestep: 201901280800
  Writing /home/lwestern/agage/meteorology/cfsv2/flexpart_inputs//GF19012808
  Trying cycle: 20190128
  Selected cycle: 20190125
Processing timestep: 201901280900
  Writing /home/lwestern/agage/meteorology/cfsv2/flexpart_inputs//GF19012809
  Trying cycle: 20190128
  Selected cycle: 20190128
Processing timestep: 201901281000
  Writing /home/lwestern/agage/meteorology/cfsv2/flexpart_inputs//GF19012810
  Trying cycle: 20190128
  Step filtering not needed (single numeric stepRange=2)
  Step filtering not needed (single numeric stepRange=3)
  Step filtering not needed (single numeric stepRange=4)
  Selected cycle: 20190128
Processing timestep: 201901281100
  Writing /home/lwestern/agage/meteorology/cfsv2/flexpart_inputs//GF19012811
  Trying cycle: 20190128
  Step filtering not needed (single numeric stepRange=5)
  Selected cycle: 20190128
Processing timestep: 201901281200
  Writing /home/lwestern/agage/meteorology/cfsv2/flexpart_inputs//GF19012812
  Trying cycle: 20190128
  Step filtering not needed (single numeric stepRange=6)
  Selected cycle: 20190128
Processing timestep: 201901281300
  Writing /home/lwestern/agage/meteorology/cfsv2/flexpart_inputs//GF19012813
  Trying cycle: 20190128
  Step filtering not needed (single numeric stepRange=1)
  Selected cycle: 20190128
Processing timestep: 201901281400
  Writing /home/lwestern/agage/meteorology/cfsv2/flexpart_inputs//GF19012814
  Trying cycle: 20190128
  Step filtering not needed (single numeric stepRange=2)
  Selected cycle: 20190128
Processing timestep: 201901281500
  Writing /home/lwestern/agage/meteorology/cfsv2/flexpart_inputs//GF19012815
  Trying cycle: 20190128
  Step filtering not needed (single numeric stepRange=3)
  Selected cycle: 20190128
Processing timestep: 201901281600
  Selected cycle: 20190128
Processing timestep: 201901281700
  Writing /home/lwestern/agage/meteorology/cfsv2/flexpart_inputs//GF19012816
  Trying cycle: 20190128
  Writing /home/lwestern/agage/meteorology/cfsv2/flexpart_inputs//GF19012817
  Trying cycle: 20190128
  Step filtering not needed (single numeric stepRange=5)
  Step filtering not needed (single numeric stepRange=4)
  Selected cycle: 20190128
Processing timestep: 201901281800
  Writing /home/lwestern/agage/meteorology/cfsv2/flexpart_inputs//GF19012818
  Trying cycle: 20190128
  Step filtering not needed (single numeric stepRange=6)
  Selected cycle: 20190128
Processing timestep: 201901281900
  Writing /home/lwestern/agage/meteorology/cfsv2/flexpart_inputs//GF19012819
  Trying cycle: 20190128
  Step filtering not needed (single numeric stepRange=1)
  Selected cycle: 20190128
Processing timestep: 201901282000
  Writing /home/lwestern/agage/meteorology/cfsv2/flexpart_inputs//GF19012820
  Trying cycle: 20190128
  Step filtering not needed (single numeric stepRange=2)
  Selected cycle: 20190128
Processing timestep: 201901282100
  Writing /home/lwestern/agage/meteorology/cfsv2/flexpart_inputs//GF19012821
  Trying cycle: 20190128
  Selected cycle: 20190128
Processing timestep: 201901282200
  Writing /home/lwestern/agage/meteorology/cfsv2/flexpart_inputs//GF19012822
  Trying cycle: 20190128
  Step filtering not needed (single numeric stepRange=4)
  Step filtering not needed (single numeric stepRange=3)
  Selected cycle: 20190128
Processing timestep: 201901282300
  Writing /home/lwestern/agage/meteorology/cfsv2/flexpart_inputs//GF19012823
  Trying cycle: 20190128
  Step filtering not needed (single numeric stepRange=5)
  Selected cycle: 20190128
Processing timestep: 201901290000
  Writing /home/lwestern/agage/meteorology/cfsv2/flexpart_inputs//GF19012900
  Trying cycle: 20190128
  Selected cycle: 20190128
Processing timestep: 201902020100
  Writing /home/lwestern/agage/meteorology/cfsv2/flexpart_inputs//GF19020201
  Trying cycle: 20190202
  Step filtering not needed (single numeric stepRange=6)
  Selected cycle: 20190128
Processing timestep: 201902020200
  Writing /home/lwestern/agage/meteorology/cfsv2/flexpart_inputs//GF19020202
  Trying cycle: 20190202
  Selected cycle: 20190128
Processing timestep: 201902020300
  Writing /home/lwestern/agage/meteorology/cfsv2/flexpart_inputs//GF19020203
  Trying cycle: 20190202
  Step filtering not needed (single numeric stepRange=1)
  Step filtering not needed (single numeric stepRange=2)
  Step filtering not needed (single numeric stepRange=3)
  Selected cycle: 20190128
Processing timestep: 201902020400
  Writing /home/lwestern/agage/meteorology/cfsv2/flexpart_inputs//GF19020204
  Trying cycle: 20190202
  Step filtering not needed (single numeric stepRange=4)
  Selected cycle: 20190128
Processing timestep: 201902020500
  Writing /home/lwestern/agage/meteorology/cfsv2/flexpart_inputs//GF19020205
  Trying cycle: 20190202
  Step filtering not needed (single numeric stepRange=5)
  Selected cycle: 20190128
Processing timestep: 201902020600
  Writing /home/lwestern/agage/meteorology/cfsv2/flexpart_inputs//GF19020206
  Trying cycle: 20190202
  Step filtering not needed (single numeric stepRange=6)
  Selected cycle: 20190128
Processing timestep: 201902020700
  Writing /home/lwestern/agage/meteorology/cfsv2/flexpart_inputs//GF19020207
  Trying cycle: 20190202
  Step filtering not needed (single numeric stepRange=1)
  Selected cycle: 20190202
Processing timestep: 201902020800
  Writing /home/lwestern/agage/meteorology/cfsv2/flexpart_inputs//GF19020208
  Trying cycle: 20190202
  Step filtering not needed (single numeric stepRange=2)
  Selected cycle: 20190202
Processing timestep: 201902020900
  Writing /home/lwestern/agage/meteorology/cfsv2/flexpart_inputs//GF19020209
  Trying cycle: 20190202
  Selected cycle: 20190128
Processing timestep: 201902021000
  Writing /home/lwestern/agage/meteorology/cfsv2/flexpart_inputs//GF19020210
  Trying cycle: 20190202
  Selected cycle: 20190202
Processing timestep: 201902021100
  Step filtering not needed (single numeric stepRange=3)
  Writing /home/lwestern/agage/meteorology/cfsv2/flexpart_inputs//GF19020211
  Trying cycle: 20190202
  Step filtering not needed (single numeric stepRange=4)
  Selected cycle: 20190202
Processing timestep: 201902021200
  Writing /home/lwestern/agage/meteorology/cfsv2/flexpart_inputs//GF19020212
  Trying cycle: 20190202
  Step filtering not needed (single numeric stepRange=5)
  Step filtering not needed (single numeric stepRange=6)
  Selected cycle: 20190202
Processing timestep: 201902021300
  Writing /home/lwestern/agage/meteorology/cfsv2/flexpart_inputs//GF19020213
  Trying cycle: 20190202
  Step filtering not needed (single numeric stepRange=1)
  Selected cycle: 20190202
Processing timestep: 201902021400
  Writing /home/lwestern/agage/meteorology/cfsv2/flexpart_inputs//GF19020214
  Trying cycle: 20190202
  Step filtering not needed (single numeric stepRange=2)
  Selected cycle: 20190202
Processing timestep: 201902021500
  Writing /home/lwestern/agage/meteorology/cfsv2/flexpart_inputs//GF19020215
  Trying cycle: 20190202
  Step filtering not needed (single numeric stepRange=3)
  Selected cycle: 20190202
Processing timestep: 201902021600
  Writing /home/lwestern/agage/meteorology/cfsv2/flexpart_inputs//GF19020216
  Trying cycle: 20190202
  Selected cycle: 20190202
Processing timestep: 201902021700
  Writing /home/lwestern/agage/meteorology/cfsv2/flexpart_inputs//GF19020217
  Step filtering not needed (single numeric stepRange=4)
  Trying cycle: 20190202
  Selected cycle: 20190202
Processing timestep: 201902021800
  Writing /home/lwestern/agage/meteorology/cfsv2/flexpart_inputs//GF19020218
  Trying cycle: 20190202
  Selected cycle: 20190202
Processing timestep: 201902021900
  Writing /home/lwestern/agage/meteorology/cfsv2/flexpart_inputs//GF19020219
  Trying cycle: 20190202
  Step filtering not needed (single numeric stepRange=5)
  Step filtering not needed (single numeric stepRange=6)
  Selected cycle: 20190202
Processing timestep: 201902022000
  Writing /home/lwestern/agage/meteorology/cfsv2/flexpart_inputs//GF19020220
  Trying cycle: 20190202
  Step filtering not needed (single numeric stepRange=1)
  Step filtering not needed (single numeric stepRange=2)
  Selected cycle: 20190202
Processing timestep: 201902022100
  Writing /home/lwestern/agage/meteorology/cfsv2/flexpart_inputs//GF19020221
  Trying cycle: 20190202
  Step filtering not needed (single numeric stepRange=3)
  Selected cycle: 20190202
Processing timestep: 201902022200
  Writing /home/lwestern/agage/meteorology/cfsv2/flexpart_inputs//GF19020222
  Trying cycle: 20190202
  Step filtering not needed (single numeric stepRange=4)
  Selected cycle: 20190202
Processing timestep: 201902022300
  Writing /home/lwestern/agage/meteorology/cfsv2/flexpart_inputs//GF19020223
  Trying cycle: 20190202
  Step filtering not needed (single numeric stepRange=5)
  Selected cycle: 20190202
Processing timestep: 201902030000
  Writing /home/lwestern/agage/meteorology/cfsv2/flexpart_inputs//GF19020300
  Trying cycle: 20190202
  Selected cycle: 20190202
Processing timestep: 201902070100
  Writing /home/lwestern/agage/meteorology/cfsv2/flexpart_inputs//GF19020701
  Step filtering not needed (single numeric stepRange=6)
  Trying cycle: 20190207
  Selected cycle: 20190202
Processing timestep: 201902070200
  Writing /home/lwestern/agage/meteorology/cfsv2/flexpart_inputs//GF19020702
  Trying cycle: 20190207
  WARNING: Missing ipvgrbh file for 201902070200 cycle 20190207 (continuing with pgrbh only)
  Step filtering not needed (single numeric stepRange=2)
  Selected cycle: 20190202
Processing timestep: 201902070300
  Writing /home/lwestern/agage/meteorology/cfsv2/flexpart_inputs//GF19020703
  Trying cycle: 20190207
  WARNING: Missing ipvgrbh file for 201902070100 cycle 20190207 (continuing with pgrbh only)
  Step filtering not needed (single numeric stepRange=1)
  Selected cycle: 20190202
Processing timestep: 201902070400
  Writing /home/lwestern/agage/meteorology/cfsv2/flexpart_inputs//GF19020704
  Trying cycle: 20190207
  WARNING: Missing ipvgrbh file for 201902070300 cycle 20190207 (continuing with pgrbh only)
  Step filtering not needed (single numeric stepRange=3)
  WARNING: Missing ipvgrbh file for 201902070400 cycle 20190207 (continuing with pgrbh only)
  Step filtering not needed (single numeric stepRange=4)
  Selected cycle: 20190202
Processing timestep: 201902070500
  Writing /home/lwestern/agage/meteorology/cfsv2/flexpart_inputs//GF19020705
  Trying cycle: 20190207
  WARNING: Missing ipvgrbh file for 201902070500 cycle 20190207 (continuing with pgrbh only)
  Step filtering not needed (single numeric stepRange=5)
  Selected cycle: 20190202
Processing timestep: 201902070600
  Writing /home/lwestern/agage/meteorology/cfsv2/flexpart_inputs//GF19020706
  Trying cycle: 20190207
  WARNING: Missing ipvgrbh file for 201902070600 cycle 20190207 (continuing with pgrbh only)
  Step filtering not needed (single numeric stepRange=6)
  Selected cycle: 20190202
Processing timestep: 201902070700
  Writing /home/lwestern/agage/meteorology/cfsv2/flexpart_inputs//GF19020707
  Trying cycle: 20190207
  WARNING: Missing ipvgrbh file for 201902070700 cycle 20190207 (continuing with pgrbh only)
  Step filtering not needed (single numeric stepRange=1)
  Selected cycle: 20190207
Processing timestep: 201902070800
  Writing /home/lwestern/agage/meteorology/cfsv2/flexpart_inputs//GF19020708
  Trying cycle: 20190207
  Selected cycle: 20190202
Processing timestep: 201902070900
  Writing /home/lwestern/agage/meteorology/cfsv2/flexpart_inputs//GF19020709
  Trying cycle: 20190207
  Selected cycle: 20190207
Processing timestep: 201902071000
  Writing /home/lwestern/agage/meteorology/cfsv2/flexpart_inputs//GF19020710
  WARNING: Missing ipvgrbh file for 201902070800 cycle 20190207 (continuing with pgrbh only)
  Trying cycle: 20190207
  Step filtering not needed (single numeric stepRange=2)
  Selected cycle: 20190207
Processing timestep: 201902071100
  Writing /home/lwestern/agage/meteorology/cfsv2/flexpart_inputs//GF19020711
  Trying cycle: 20190207
  Selected cycle: 20190207
Processing timestep: 201902071200
  Writing /home/lwestern/agage/meteorology/cfsv2/flexpart_inputs//GF19020712
  WARNING: Missing ipvgrbh file for 201902070900 cycle 20190207 (continuing with pgrbh only)
  Trying cycle: 20190207
  Step filtering not needed (single numeric stepRange=3)
  WARNING: Missing ipvgrbh file for 201902071000 cycle 20190207 (continuing with pgrbh only)
  Step filtering not needed (single numeric stepRange=4)
  WARNING: Missing ipvgrbh file for 201902071100 cycle 20190207 (continuing with pgrbh only)
  Step filtering not needed (single numeric stepRange=5)
  Selected cycle: 20190207
Processing timestep: 201902071300
  Writing /home/lwestern/agage/meteorology/cfsv2/flexpart_inputs//GF19020713
  Trying cycle: 20190207
  WARNING: Missing ipvgrbh file for 201902071200 cycle 20190207 (continuing with pgrbh only)
  Step filtering not needed (single numeric stepRange=6)
  WARNING: Missing ipvgrbh file for 201902071300 cycle 20190207 (continuing with pgrbh only)
  Step filtering not needed (single numeric stepRange=1)
  Selected cycle: 20190207
Processing timestep: 201902071400
  Writing /home/lwestern/agage/meteorology/cfsv2/flexpart_inputs//GF19020714
  Trying cycle: 20190207
  WARNING: Missing ipvgrbh file for 201902071400 cycle 20190207 (continuing with pgrbh only)
  Step filtering not needed (single numeric stepRange=2)
  Selected cycle: 20190207
Processing timestep: 201902071500
  Writing /home/lwestern/agage/meteorology/cfsv2/flexpart_inputs//GF19020715
  Trying cycle: 20190207
  WARNING: Missing ipvgrbh file for 201902071500 cycle 20190207 (continuing with pgrbh only)
  Step filtering not needed (single numeric stepRange=3)
  Selected cycle: 20190207
Processing timestep: 201902071600
  Writing /home/lwestern/agage/meteorology/cfsv2/flexpart_inputs//GF19020716
  Trying cycle: 20190207
  WARNING: Missing ipvgrbh file for 201902071600 cycle 20190207 (continuing with pgrbh only)
  Step filtering not needed (single numeric stepRange=4)
  Selected cycle: 20190207
Processing timestep: 201902071700
  Writing /home/lwestern/agage/meteorology/cfsv2/flexpart_inputs//GF19020717
  Trying cycle: 20190207
  WARNING: Missing ipvgrbh file for 201902071700 cycle 20190207 (continuing with pgrbh only)
  Step filtering not needed (single numeric stepRange=5)
  Selected cycle: 20190207
Processing timestep: 201902071800
  Writing /home/lwestern/agage/meteorology/cfsv2/flexpart_inputs//GF19020718
  Trying cycle: 20190207
  WARNING: Missing ipvgrbh file for 201902071800 cycle 20190207 (continuing with pgrbh only)
  Step filtering not needed (single numeric stepRange=6)
  Selected cycle: 20190207
Processing timestep: 201902071900
  Writing /home/lwestern/agage/meteorology/cfsv2/flexpart_inputs//GF19020719
  Trying cycle: 20190207
  WARNING: Missing ipvgrbh file for 201902071900 cycle 20190207 (continuing with pgrbh only)
  Step filtering not needed (single numeric stepRange=1)
  Selected cycle: 20190207
Processing timestep: 201902072000
  Writing /home/lwestern/agage/meteorology/cfsv2/flexpart_inputs//GF19020720
  Trying cycle: 20190207
  Selected cycle: 20190207
Processing timestep: 201902072100
  Writing /home/lwestern/agage/meteorology/cfsv2/flexpart_inputs//GF19020721
  Trying cycle: 20190207
  WARNING: Missing ipvgrbh file for 201902072000 cycle 20190207 (continuing with pgrbh only)
  Step filtering not needed (single numeric stepRange=2)
  WARNING: Missing ipvgrbh file for 201902072100 cycle 20190207 (continuing with pgrbh only)
  Selected cycle: 20190207
Processing timestep: 201902072200
  Writing /home/lwestern/agage/meteorology/cfsv2/flexpart_inputs//GF19020722
  Trying cycle: 20190207
  Step filtering not needed (single numeric stepRange=3)
  WARNING: Missing ipvgrbh file for 201902072200 cycle 20190207 (continuing with pgrbh only)
  Step filtering not needed (single numeric stepRange=4)
  Selected cycle: 20190207
Processing timestep: 201902072300
  Writing /home/lwestern/agage/meteorology/cfsv2/flexpart_inputs//GF19020723
  Trying cycle: 20190207
  WARNING: Missing ipvgrbh file for 201902072300 cycle 20190207 (continuing with pgrbh only)
  Step filtering not needed (single numeric stepRange=5)
  Selected cycle: 20190207
Processing timestep: 201902080000
  Writing /home/lwestern/agage/meteorology/cfsv2/flexpart_inputs//GF19020800
  Trying cycle: 20190207
  WARNING: Missing ipvgrbh file for 201902080000 cycle 20190207 (continuing with pgrbh only)
  Step filtering not needed (single numeric stepRange=6)
  Selected cycle: 20190207
Processing timestep: 201902080100
  Writing /home/lwestern/agage/meteorology/cfsv2/flexpart_inputs//GF19020801
  Trying cycle: 20190208
  Step filtering not needed (single numeric stepRange=1)
  Selected cycle: 20190207
Processing timestep: 201902080200
  Writing /home/lwestern/agage/meteorology/cfsv2/flexpart_inputs//GF19020802
  Trying cycle: 20190208
  Selected cycle: 20190207
Processing timestep: 201902080300
  Writing /home/lwestern/agage/meteorology/cfsv2/flexpart_inputs//GF19020803
  Trying cycle: 20190208
  Selected cycle: 20190207
Processing timestep: 201902080400
  Selected cycle: 20190207
Processing timestep: 201902080500
  Writing /home/lwestern/agage/meteorology/cfsv2/flexpart_inputs//GF19020804
  Writing /home/lwestern/agage/meteorology/cfsv2/flexpart_inputs//GF19020805
  Trying cycle: 20190208
  Trying cycle: 20190208
  Selected cycle: 20190207
Processing timestep: 201902080600
  Writing /home/lwestern/agage/meteorology/cfsv2/flexpart_inputs//GF19020806
  Trying cycle: 20190208
  Step filtering not needed (single numeric stepRange=2)
  Step filtering not needed (single numeric stepRange=3)
  Step filtering not needed (single numeric stepRange=4)
  Step filtering not needed (single numeric stepRange=5)
  Step filtering not needed (single numeric stepRange=6)
  Selected cycle: 20190207
Processing timestep: 201902080700
  Writing /home/lwestern/agage/meteorology/cfsv2/flexpart_inputs//GF19020807
  Trying cycle: 20190208
  Step filtering not needed (single numeric stepRange=1)
  Selected cycle: 20190208
Processing timestep: 201902080800
  Writing /home/lwestern/agage/meteorology/cfsv2/flexpart_inputs//GF19020808
  Trying cycle: 20190208
  Selected cycle: 20190207
Processing timestep: 201902080900
  Writing /home/lwestern/agage/meteorology/cfsv2/flexpart_inputs//GF19020809
  Trying cycle: 20190208
  Step filtering not needed (single numeric stepRange=2)
  Step filtering not needed (single numeric stepRange=3)
  Selected cycle: 20190208
Processing timestep: 201902081000
  Writing /home/lwestern/agage/meteorology/cfsv2/flexpart_inputs//GF19020810
  Trying cycle: 20190208
  Selected cycle: 20190208
Processing timestep: 201902081100
  Writing /home/lwestern/agage/meteorology/cfsv2/flexpart_inputs//GF19020811
  Trying cycle: 20190208
  Step filtering not needed (single numeric stepRange=4)
  Selected cycle: 20190208
Processing timestep: 201902081200
  Writing /home/lwestern/agage/meteorology/cfsv2/flexpart_inputs//GF19020812
  Trying cycle: 20190208
  Step filtering not needed (single numeric stepRange=5)
  Selected cycle: 20190208
Processing timestep: 201902081300
  Writing /home/lwestern/agage/meteorology/cfsv2/flexpart_inputs//GF19020813
  Trying cycle: 20190208
  Selected cycle: 20190208
Processing timestep: 201902081400
  Writing /home/lwestern/agage/meteorology/cfsv2/flexpart_inputs//GF19020814
  Trying cycle: 20190208
  Step filtering not needed (single numeric stepRange=6)
  Step filtering not needed (single numeric stepRange=1)
  Step filtering not needed (single numeric stepRange=2)
  Selected cycle: 20190208
Processing timestep: 201902081500
  Writing /home/lwestern/agage/meteorology/cfsv2/flexpart_inputs//GF19020815
  Trying cycle: 20190208
  Step filtering not needed (single numeric stepRange=3)
  Selected cycle: 20190208
Processing timestep: 201902081600
  Writing /home/lwestern/agage/meteorology/cfsv2/flexpart_inputs//GF19020816
  Trying cycle: 20190208
  Step filtering not needed (single numeric stepRange=4)
  Selected cycle: 20190208
Processing timestep: 201902081700
  Writing /home/lwestern/agage/meteorology/cfsv2/flexpart_inputs//GF19020817
  Trying cycle: 20190208
  Step filtering not needed (single numeric stepRange=5)
  Selected cycle: 20190208
Processing timestep: 201902081800
  Writing /home/lwestern/agage/meteorology/cfsv2/flexpart_inputs//GF19020818
  Trying cycle: 20190208
  Selected cycle: 20190208
Processing timestep: 201902081900
  Writing /home/lwestern/agage/meteorology/cfsv2/flexpart_inputs//GF19020819
  Trying cycle: 20190208
  Step filtering not needed (single numeric stepRange=6)
  Selected cycle: 20190208
Processing timestep: 201902082000
  Writing /home/lwestern/agage/meteorology/cfsv2/flexpart_inputs//GF19020820
  Trying cycle: 20190208
  Selected cycle: 20190208
Processing timestep: 201902082100
  Writing /home/lwestern/agage/meteorology/cfsv2/flexpart_inputs//GF19020821
  Trying cycle: 20190208
  Selected cycle: 20190208
Processing timestep: 201902082200
  Writing /home/lwestern/agage/meteorology/cfsv2/flexpart_inputs//GF19020822
  Trying cycle: 20190208
  Selected cycle: 20190208
Processing timestep: 201902082300
  Writing /home/lwestern/agage/meteorology/cfsv2/flexpart_inputs//GF19020823
  Trying cycle: 20190208
  Step filtering not needed (single numeric stepRange=1)
  Step filtering not needed (single numeric stepRange=2)
  Step filtering not needed (single numeric stepRange=3)
  Step filtering not needed (single numeric stepRange=4)
  Step filtering not needed (single numeric stepRange=5)
  Selected cycle: 20190208
Processing timestep: 201902090000
  Writing /home/lwestern/agage/meteorology/cfsv2/flexpart_inputs//GF19020900
  Trying cycle: 20190208
  Step filtering not needed (single numeric stepRange=6)
  Selected cycle: 20190208
Processing timestep: 201902100100
  Writing /home/lwestern/agage/meteorology/cfsv2/flexpart_inputs//GF19021001
  Trying cycle: 20190210
  WARNING: Missing ipvgrbh file for 201902100100 cycle 20190210 (continuing with pgrbh only)
  Step filtering not needed (single numeric stepRange=1)
  Selected cycle: 20190208
Processing timestep: 201902100200
  Writing /home/lwestern/agage/meteorology/cfsv2/flexpart_inputs//GF19021002
  Trying cycle: 20190210
  WARNING: Missing ipvgrbh file for 201902100200 cycle 20190210 (continuing with pgrbh only)
  Step filtering not needed (single numeric stepRange=2)
  Selected cycle: 20190208
Processing timestep: 201902100300
  Writing /home/lwestern/agage/meteorology/cfsv2/flexpart_inputs//GF19021003
  Trying cycle: 20190210
  Selected cycle: 20190208
Processing timestep: 201902100400
  Writing /home/lwestern/agage/meteorology/cfsv2/flexpart_inputs//GF19021004
  Trying cycle: 20190210
  WARNING: Missing ipvgrbh file for 201902100300 cycle 20190210 (continuing with pgrbh only)
  Step filtering not needed (single numeric stepRange=3)
  WARNING: Missing ipvgrbh file for 201902100400 cycle 20190210 (continuing with pgrbh only)
  Step filtering not needed (single numeric stepRange=4)
  Selected cycle: 20190208
Processing timestep: 201902100500
  Writing /home/lwestern/agage/meteorology/cfsv2/flexpart_inputs//GF19021005
  Trying cycle: 20190210
  Selected cycle: 20190208
Processing timestep: 201902100600
  Writing /home/lwestern/agage/meteorology/cfsv2/flexpart_inputs//GF19021006
  Trying cycle: 20190210
  Selected cycle: 20190208
Processing timestep: 201902100700
  Writing /home/lwestern/agage/meteorology/cfsv2/flexpart_inputs//GF19021007
  Trying cycle: 20190210
  WARNING: Missing ipvgrbh file for 201902100500 cycle 20190210 (continuing with pgrbh only)
  Step filtering not needed (single numeric stepRange=5)
  WARNING: Missing ipvgrbh file for 201902100600 cycle 20190210 (continuing with pgrbh only)
  WARNING: Missing ipvgrbh file for 201902100700 cycle 20190210 (continuing with pgrbh only)
  Step filtering not needed (single numeric stepRange=6)
  Step filtering not needed (single numeric stepRange=1)
  Selected cycle: 20190208
Processing timestep: 201902100800
  Writing /home/lwestern/agage/meteorology/cfsv2/flexpart_inputs//GF19021008
  Trying cycle: 20190210
  WARNING: Missing ipvgrbh file for 201902100800 cycle 20190210 (continuing with pgrbh only)
  Step filtering not needed (single numeric stepRange=2)
  Selected cycle: 20190210
Processing timestep: 201902100900
  Writing /home/lwestern/agage/meteorology/cfsv2/flexpart_inputs//GF19021009
  Trying cycle: 20190210
  WARNING: Missing ipvgrbh file for 201902100900 cycle 20190210 (continuing with pgrbh only)
  Step filtering not needed (single numeric stepRange=3)
  Selected cycle: 20190210
Processing timestep: 201902101000
  Writing /home/lwestern/agage/meteorology/cfsv2/flexpart_inputs//GF19021010
  Trying cycle: 20190210
  WARNING: Missing ipvgrbh file for 201902101000 cycle 20190210 (continuing with pgrbh only)
  Step filtering not needed (single numeric stepRange=4)
  Selected cycle: 20190210
Processing timestep: 201902101100
  Writing /home/lwestern/agage/meteorology/cfsv2/flexpart_inputs//GF19021011
  Trying cycle: 20190210
  WARNING: Missing ipvgrbh file for 201902101100 cycle 20190210 (continuing with pgrbh only)
  Step filtering not needed (single numeric stepRange=5)
  Selected cycle: 20190210
Processing timestep: 201902101200
  Writing /home/lwestern/agage/meteorology/cfsv2/flexpart_inputs//GF19021012
  Trying cycle: 20190210
  WARNING: Missing ipvgrbh file for 201902101200 cycle 20190210 (continuing with pgrbh only)
  Step filtering not needed (single numeric stepRange=6)
  Selected cycle: 20190210
Processing timestep: 201902101300
  Writing /home/lwestern/agage/meteorology/cfsv2/flexpart_inputs//GF19021013
  Trying cycle: 20190210
  WARNING: Missing ipvgrbh file for 201902101300 cycle 20190210 (continuing with pgrbh only)
  Step filtering not needed (single numeric stepRange=1)
  Selected cycle: 20190210
Processing timestep: 201902101400
  Writing /home/lwestern/agage/meteorology/cfsv2/flexpart_inputs//GF19021014
  Trying cycle: 20190210
  Selected cycle: 20190210
Processing timestep: 201902101500
  Writing /home/lwestern/agage/meteorology/cfsv2/flexpart_inputs//GF19021015
  Trying cycle: 20190210
  WARNING: Missing ipvgrbh file for 201902101400 cycle 20190210 (continuing with pgrbh only)
  Step filtering not needed (single numeric stepRange=2)
  WARNING: Missing ipvgrbh file for 201902101500 cycle 20190210 (continuing with pgrbh only)
  Step filtering not needed (single numeric stepRange=3)
  Selected cycle: 20190210
Processing timestep: 201902101600
  Writing /home/lwestern/agage/meteorology/cfsv2/flexpart_inputs//GF19021016
  Trying cycle: 20190210
  WARNING: Missing ipvgrbh file for 201902101600 cycle 20190210 (continuing with pgrbh only)
  Step filtering not needed (single numeric stepRange=4)
  Selected cycle: 20190210
Processing timestep: 201902101700
  Writing /home/lwestern/agage/meteorology/cfsv2/flexpart_inputs//GF19021017
  Trying cycle: 20190210
  WARNING: Missing ipvgrbh file for 201902101700 cycle 20190210 (continuing with pgrbh only)
  Step filtering not needed (single numeric stepRange=5)
  Selected cycle: 20190210
Processing timestep: 201902101800
  Writing /home/lwestern/agage/meteorology/cfsv2/flexpart_inputs//GF19021018
  Trying cycle: 20190210
  WARNING: Missing ipvgrbh file for 201902101800 cycle 20190210 (continuing with pgrbh only)
  Step filtering not needed (single numeric stepRange=6)
  Selected cycle: 20190210
Processing timestep: 201902101900
  Writing /home/lwestern/agage/meteorology/cfsv2/flexpart_inputs//GF19021019
  Trying cycle: 20190210
  WARNING: Missing ipvgrbh file for 201902101900 cycle 20190210 (continuing with pgrbh only)
  Selected cycle: 20190210
Processing timestep: 201902102000
  Writing /home/lwestern/agage/meteorology/cfsv2/flexpart_inputs//GF19021020
  Trying cycle: 20190210
  Step filtering not needed (single numeric stepRange=1)
  WARNING: Missing ipvgrbh file for 201902102000 cycle 20190210 (continuing with pgrbh only)
  Step filtering not needed (single numeric stepRange=2)
  Selected cycle: 20190210
Processing timestep: 201902102100
  Writing /home/lwestern/agage/meteorology/cfsv2/flexpart_inputs//GF19021021
  Trying cycle: 20190210
  WARNING: Missing ipvgrbh file for 201902102100 cycle 20190210 (continuing with pgrbh only)
  Step filtering not needed (single numeric stepRange=3)
  Selected cycle: 20190210
Processing timestep: 201902102200
  Writing /home/lwestern/agage/meteorology/cfsv2/flexpart_inputs//GF19021022
  Trying cycle: 20190210
  WARNING: Missing ipvgrbh file for 201902102200 cycle 20190210 (continuing with pgrbh only)
  Step filtering not needed (single numeric stepRange=4)
  Selected cycle: 20190210
Processing timestep: 201902102300
  Writing /home/lwestern/agage/meteorology/cfsv2/flexpart_inputs//GF19021023
  Trying cycle: 20190210
  WARNING: Missing ipvgrbh file for 201902102300 cycle 20190210 (continuing with pgrbh only)
  Step filtering not needed (single numeric stepRange=5)
  Selected cycle: 20190210
Processing timestep: 201902110000
  Writing /home/lwestern/agage/meteorology/cfsv2/flexpart_inputs//GF19021100
  Trying cycle: 20190210
  WARNING: Missing ipvgrbh file for 201902110000 cycle 20190210 (continuing with pgrbh only)
  Step filtering not needed (single numeric stepRange=6)
  Selected cycle: 20190210
Processing timestep: 201902110100
  Writing /home/lwestern/agage/meteorology/cfsv2/flexpart_inputs//GF19021101
  Trying cycle: 20190211
  Step filtering not needed (single numeric stepRange=1)
  Selected cycle: 20190210
Processing timestep: 201902110200
  Writing /home/lwestern/agage/meteorology/cfsv2/flexpart_inputs//GF19021102
  Trying cycle: 20190211
  Step filtering not needed (single numeric stepRange=2)
  Selected cycle: 20190210
Processing timestep: 201902110300
  Writing /home/lwestern/agage/meteorology/cfsv2/flexpart_inputs//GF19021103
  Trying cycle: 20190211
  Selected cycle: 20190210
Processing timestep: 201902110400
  Writing /home/lwestern/agage/meteorology/cfsv2/flexpart_inputs//GF19021104
  Trying cycle: 20190211
  Step filtering not needed (single numeric stepRange=4)
  Selected cycle: 20190210
Processing timestep: 201902110500
  Writing /home/lwestern/agage/meteorology/cfsv2/flexpart_inputs//GF19021105
  Trying cycle: 20190211
  Selected cycle: 20190210
Processing timestep: 201902110600
  Writing /home/lwestern/agage/meteorology/cfsv2/flexpart_inputs//GF19021106
  Trying cycle: 20190211
  Step filtering not needed (single numeric stepRange=6)
  Step filtering not needed (single numeric stepRange=5)
  Step filtering not needed (single numeric stepRange=3)
  Selected cycle: 20190210
Processing timestep: 201902110700
  Writing /home/lwestern/agage/meteorology/cfsv2/flexpart_inputs//GF19021107
  Trying cycle: 20190211
  Step filtering not needed (single numeric stepRange=1)
  Selected cycle: 20190210
Processing timestep: 201902110800
  Writing /home/lwestern/agage/meteorology/cfsv2/flexpart_inputs//GF19021108
  Trying cycle: 20190211
  Step filtering not needed (single numeric stepRange=2)
  Selected cycle: 20190211
Processing timestep: 201902110900
  Writing /home/lwestern/agage/meteorology/cfsv2/flexpart_inputs//GF19021109
  Trying cycle: 20190211
  Step filtering not needed (single numeric stepRange=3)
  Selected cycle: 20190211
Processing timestep: 201902111000
  Writing /home/lwestern/agage/meteorology/cfsv2/flexpart_inputs//GF19021110
  Trying cycle: 20190211
  Step filtering not needed (single numeric stepRange=4)
  Selected cycle: 20190211
Processing timestep: 201902111100
  Writing /home/lwestern/agage/meteorology/cfsv2/flexpart_inputs//GF19021111
  Trying cycle: 20190211
  Step filtering not needed (single numeric stepRange=5)
  Selected cycle: 20190211
Processing timestep: 201902111200
  Writing /home/lwestern/agage/meteorology/cfsv2/flexpart_inputs//GF19021112
  Selected cycle: 20190211
Processing timestep: 201902111300
  Trying cycle: 20190211
  Writing /home/lwestern/agage/meteorology/cfsv2/flexpart_inputs//GF19021113
  Trying cycle: 20190211
  Selected cycle: 20190211
Processing timestep: 201902111400
  Writing /home/lwestern/agage/meteorology/cfsv2/flexpart_inputs//GF19021114
  Trying cycle: 20190211
  Selected cycle: 20190211
Processing timestep: 201902111500
  Writing /home/lwestern/agage/meteorology/cfsv2/flexpart_inputs//GF19021115
  Trying cycle: 20190211
  Step filtering not needed (single numeric stepRange=2)
  Step filtering not needed (single numeric stepRange=3)
  Step filtering not needed (single numeric stepRange=6)
  Step filtering not needed (single numeric stepRange=1)
  Selected cycle: 20190211
Processing timestep: 201902111600
  Writing /home/lwestern/agage/meteorology/cfsv2/flexpart_inputs//GF19021116
  Trying cycle: 20190211
  Selected cycle: 20190211
Processing timestep: 201902111700
  Writing /home/lwestern/agage/meteorology/cfsv2/flexpart_inputs//GF19021117
  Trying cycle: 20190211
  Step filtering not needed (single numeric stepRange=5)
  Step filtering not needed (single numeric stepRange=4)
  Selected cycle: 20190211
Processing timestep: 201902111800
  Writing /home/lwestern/agage/meteorology/cfsv2/flexpart_inputs//GF19021118
  Trying cycle: 20190211
  Step filtering not needed (single numeric stepRange=6)
  Selected cycle: 20190211
Processing timestep: 201902111900
  Writing /home/lwestern/agage/meteorology/cfsv2/flexpart_inputs//GF19021119
  Trying cycle: 20190211
  Step filtering not needed (single numeric stepRange=1)
  Selected cycle: 20190211
Processing timestep: 201902112000
  Writing /home/lwestern/agage/meteorology/cfsv2/flexpart_inputs//GF19021120
  Trying cycle: 20190211
  Selected cycle: 20190211
Processing timestep: 201902112100
  Writing /home/lwestern/agage/meteorology/cfsv2/flexpart_inputs//GF19021121
  Trying cycle: 20190211
  Step filtering not needed (single numeric stepRange=2)
  Step filtering not needed (single numeric stepRange=3)
  Selected cycle: 20190211
Processing timestep: 201902112200
  Writing /home/lwestern/agage/meteorology/cfsv2/flexpart_inputs//GF19021122
  Trying cycle: 20190211
  Step filtering not needed (single numeric stepRange=4)
  Selected cycle: 20190211
Processing timestep: 201902112300
  Writing /home/lwestern/agage/meteorology/cfsv2/flexpart_inputs//GF19021123
  Trying cycle: 20190211
  Step filtering not needed (single numeric stepRange=5)
  Selected cycle: 20190211
Processing timestep: 201902120000
  Writing /home/lwestern/agage/meteorology/cfsv2/flexpart_inputs//GF19021200
  Trying cycle: 20190211
  Step filtering not needed (single numeric stepRange=6)
  Selected cycle: 20190211
Processing timestep: 201902120100
  Writing /home/lwestern/agage/meteorology/cfsv2/flexpart_inputs//GF19021201
  Trying cycle: 20190212
  WARNING: Missing ipvgrbh file for 201902120100 cycle 20190212 (continuing with pgrbh only)
  Step filtering not needed (single numeric stepRange=1)
  Selected cycle: 20190211
Processing timestep: 201902120200
  Writing /home/lwestern/agage/meteorology/cfsv2/flexpart_inputs//GF19021202
  Trying cycle: 20190212
  WARNING: Missing ipvgrbh file for 201902120200 cycle 20190212 (continuing with pgrbh only)
  Step filtering not needed (single numeric stepRange=2)
  Selected cycle: 20190211
Processing timestep: 201902120300
  Writing /home/lwestern/agage/meteorology/cfsv2/flexpart_inputs//GF19021203
  Trying cycle: 20190212
  WARNING: Missing ipvgrbh file for 201902120300 cycle 20190212 (continuing with pgrbh only)
  Step filtering not needed (single numeric stepRange=3)
  Selected cycle: 20190211
Processing timestep: 201902120400
  Selected cycle: 20190211
  Writing /home/lwestern/agage/meteorology/cfsv2/flexpart_inputs//GF19021204
Processing timestep: 201902120500
  Writing /home/lwestern/agage/meteorology/cfsv2/flexpart_inputs//GF19021205
  Trying cycle: 20190212
  Trying cycle: 20190212
  WARNING: Missing ipvgrbh file for 201902120400 cycle 20190212 (continuing with pgrbh only)
  WARNING: Missing ipvgrbh file for 201902120500 cycle 20190212 (continuing with pgrbh only)
  Step filtering not needed (single numeric stepRange=4)
  Step filtering not needed (single numeric stepRange=5)
  Selected cycle: 20190211
Processing timestep: 201902120600
  Writing /home/lwestern/agage/meteorology/cfsv2/flexpart_inputs//GF19021206
  Trying cycle: 20190212
  WARNING: Missing ipvgrbh file for 201902120600 cycle 20190212 (continuing with pgrbh only)
  Step filtering not needed (single numeric stepRange=6)
  Selected cycle: 20190211
Processing timestep: 201902120700
  Writing /home/lwestern/agage/meteorology/cfsv2/flexpart_inputs//GF19021207
  Trying cycle: 20190212
  WARNING: Missing ipvgrbh file for 201902120700 cycle 20190212 (continuing with pgrbh only)
  Step filtering not needed (single numeric stepRange=1)
  Selected cycle: 20190211
Processing timestep: 201902120800
  Writing /home/lwestern/agage/meteorology/cfsv2/flexpart_inputs//GF19021208
  Trying cycle: 20190212
  WARNING: Missing ipvgrbh file for 201902120800 cycle 20190212 (continuing with pgrbh only)
  Step filtering not needed (single numeric stepRange=2)
  Selected cycle: 20190212
Processing timestep: 201902120900
  Writing /home/lwestern/agage/meteorology/cfsv2/flexpart_inputs//GF19021209
  Trying cycle: 20190212
  WARNING: Missing ipvgrbh file for 201902120900 cycle 20190212 (continuing with pgrbh only)
  Step filtering not needed (single numeric stepRange=3)
  Selected cycle: 20190212
Processing timestep: 201902121000
  Writing /home/lwestern/agage/meteorology/cfsv2/flexpart_inputs//GF19021210
  Trying cycle: 20190212
  WARNING: Missing ipvgrbh file for 201902121000 cycle 20190212 (continuing with pgrbh only)
  Step filtering not needed (single numeric stepRange=4)
  Selected cycle: 20190212
Processing timestep: 201902121100
  Writing /home/lwestern/agage/meteorology/cfsv2/flexpart_inputs//GF19021211
  Trying cycle: 20190212
  WARNING: Missing ipvgrbh file for 201902121100 cycle 20190212 (continuing with pgrbh only)
  Step filtering not needed (single numeric stepRange=5)
  Selected cycle: 20190212
Processing timestep: 201902121200
  Writing /home/lwestern/agage/meteorology/cfsv2/flexpart_inputs//GF19021212
  Trying cycle: 20190212
  WARNING: Missing ipvgrbh file for 201902121200 cycle 20190212 (continuing with pgrbh only)
  Step filtering not needed (single numeric stepRange=6)
  Selected cycle: 20190212
Processing timestep: 201902121300
  Writing /home/lwestern/agage/meteorology/cfsv2/flexpart_inputs//GF19021213
  Trying cycle: 20190212
  WARNING: Missing ipvgrbh file for 201902121300 cycle 20190212 (continuing with pgrbh only)
  Step filtering not needed (single numeric stepRange=1)
  Selected cycle: 20190212
Processing timestep: 201902121400
  Writing /home/lwestern/agage/meteorology/cfsv2/flexpart_inputs//GF19021214
  Trying cycle: 20190212
  WARNING: Missing ipvgrbh file for 201902121400 cycle 20190212 (continuing with pgrbh only)
  Step filtering not needed (single numeric stepRange=2)
  Selected cycle: 20190212
Processing timestep: 201902121500
  Writing /home/lwestern/agage/meteorology/cfsv2/flexpart_inputs//GF19021215
  Trying cycle: 20190212
  Selected cycle: 20190212
Processing timestep: 201902121600
  Writing /home/lwestern/agage/meteorology/cfsv2/flexpart_inputs//GF19021216
  Trying cycle: 20190212
  WARNING: Missing ipvgrbh file for 201902121500 cycle 20190212 (continuing with pgrbh only)
  Step filtering not needed (single numeric stepRange=3)
  WARNING: Missing ipvgrbh file for 201902121600 cycle 20190212 (continuing with pgrbh only)
  Step filtering not needed (single numeric stepRange=4)
  Selected cycle: 20190212
Processing timestep: 201902121700
  Writing /home/lwestern/agage/meteorology/cfsv2/flexpart_inputs//GF19021217
  Trying cycle: 20190212
  WARNING: Missing ipvgrbh file for 201902121700 cycle 20190212 (continuing with pgrbh only)
  Step filtering not needed (single numeric stepRange=5)
  Selected cycle: 20190212
Processing timestep: 201902121800
  Writing /home/lwestern/agage/meteorology/cfsv2/flexpart_inputs//GF19021218
  Trying cycle: 20190212
  WARNING: Missing ipvgrbh file for 201902121800 cycle 20190212 (continuing with pgrbh only)
  Step filtering not needed (single numeric stepRange=6)
  Selected cycle: 20190212
Processing timestep: 201902121900
  Writing /home/lwestern/agage/meteorology/cfsv2/flexpart_inputs//GF19021219
  Trying cycle: 20190212
  WARNING: Missing ipvgrbh file for 201902121900 cycle 20190212 (continuing with pgrbh only)
  Step filtering not needed (single numeric stepRange=1)
  Selected cycle: 20190212
Processing timestep: 201902122000
  Writing /home/lwestern/agage/meteorology/cfsv2/flexpart_inputs//GF19021220
  Trying cycle: 20190212
  Selected cycle: 20190212
Processing timestep: 201902122100
  Writing /home/lwestern/agage/meteorology/cfsv2/flexpart_inputs//GF19021221
  Trying cycle: 20190212
  WARNING: Missing ipvgrbh file for 201902122000 cycle 20190212 (continuing with pgrbh only)
  Step filtering not needed (single numeric stepRange=2)
  WARNING: Missing ipvgrbh file for 201902122100 cycle 20190212 (continuing with pgrbh only)
  Step filtering not needed (single numeric stepRange=3)
  Selected cycle: 20190212
Processing timestep: 201902122200
  Writing /home/lwestern/agage/meteorology/cfsv2/flexpart_inputs//GF19021222
  Trying cycle: 20190212
  WARNING: Missing ipvgrbh file for 201902122200 cycle 20190212 (continuing with pgrbh only)
  Step filtering not needed (single numeric stepRange=4)
  Selected cycle: 20190212
Processing timestep: 201902122300
  Writing /home/lwestern/agage/meteorology/cfsv2/flexpart_inputs//GF19021223
  Trying cycle: 20190212
  WARNING: Missing ipvgrbh file for 201902122300 cycle 20190212 (continuing with pgrbh only)
  Step filtering not needed (single numeric stepRange=5)
  Selected cycle: 20190212
Processing timestep: 201902130000
  Writing /home/lwestern/agage/meteorology/cfsv2/flexpart_inputs//GF19021300
  Trying cycle: 20190212
  WARNING: Missing ipvgrbh file for 201902130000 cycle 20190212 (continuing with pgrbh only)
  Step filtering not needed (single numeric stepRange=6)
  Selected cycle: 20190212
Processing timestep: 201902150100
  Writing /home/lwestern/agage/meteorology/cfsv2/flexpart_inputs//GF19021501
  Trying cycle: 20190215
  Step filtering not needed (single numeric stepRange=1)
  Selected cycle: 20190212
Processing timestep: 201902150200
  Writing /home/lwestern/agage/meteorology/cfsv2/flexpart_inputs//GF19021502
  Trying cycle: 20190215
  Step filtering not needed (single numeric stepRange=2)
  Selected cycle: 20190212
Processing timestep: 201902150300
  Writing /home/lwestern/agage/meteorology/cfsv2/flexpart_inputs//GF19021503
  Trying cycle: 20190215
  Step filtering not needed (single numeric stepRange=3)
  Selected cycle: 20190212
Processing timestep: 201902150400
  Writing /home/lwestern/agage/meteorology/cfsv2/flexpart_inputs//GF19021504
  Trying cycle: 20190215
  Selected cycle: 20190212
Processing timestep: 201902150500
  Writing /home/lwestern/agage/meteorology/cfsv2/flexpart_inputs//GF19021505
  Trying cycle: 20190215
  Step filtering not needed (single numeric stepRange=4)
  Step filtering not needed (single numeric stepRange=5)
  Selected cycle: 20190212
Processing timestep: 201902150600
  Writing /home/lwestern/agage/meteorology/cfsv2/flexpart_inputs//GF19021506
  Trying cycle: 20190215
  Selected cycle: 20190212
Processing timestep: 201902150700
  Step filtering not needed (single numeric stepRange=6)
  Writing /home/lwestern/agage/meteorology/cfsv2/flexpart_inputs//GF19021507
  Trying cycle: 20190215
  Selected cycle: 20190212
Processing timestep: 201902150800
  Writing /home/lwestern/agage/meteorology/cfsv2/flexpart_inputs//GF19021508
  Trying cycle: 20190215
  Step filtering not needed (single numeric stepRange=1)
  Step filtering not needed (single numeric stepRange=2)
  Selected cycle: 20190215
Processing timestep: 201902150900
  Writing /home/lwestern/agage/meteorology/cfsv2/flexpart_inputs//GF19021509
  Trying cycle: 20190215
  Step filtering not needed (single numeric stepRange=3)
  Selected cycle: 20190215
Processing timestep: 201902151000
  Writing /home/lwestern/agage/meteorology/cfsv2/flexpart_inputs//GF19021510
  Trying cycle: 20190215
  Step filtering not needed (single numeric stepRange=4)
  Selected cycle: 20190215
Processing timestep: 201902151100
  Writing /home/lwestern/agage/meteorology/cfsv2/flexpart_inputs//GF19021511
  Trying cycle: 20190215
  Step filtering not needed (single numeric stepRange=5)
  Selected cycle: 20190215
Processing timestep: 201902151200
  Writing /home/lwestern/agage/meteorology/cfsv2/flexpart_inputs//GF19021512
  Trying cycle: 20190215
  Step filtering not needed (single numeric stepRange=6)
  Selected cycle: 20190215
Processing timestep: 201902151300
  Writing /home/lwestern/agage/meteorology/cfsv2/flexpart_inputs//GF19021513
  Trying cycle: 20190215
  Step filtering not needed (single numeric stepRange=1)
  Selected cycle: 20190215
Processing timestep: 201902151400
  Writing /home/lwestern/agage/meteorology/cfsv2/flexpart_inputs//GF19021514
  Trying cycle: 20190215
  Step filtering not needed (single numeric stepRange=2)
  Selected cycle: 20190215
Processing timestep: 201902151500
  Writing /home/lwestern/agage/meteorology/cfsv2/flexpart_inputs//GF19021515
  Trying cycle: 20190215
  Step filtering not needed (single numeric stepRange=3)
  Selected cycle: 20190215
Processing timestep: 201902151600
  Writing /home/lwestern/agage/meteorology/cfsv2/flexpart_inputs//GF19021516
  Trying cycle: 20190215
  Step filtering not needed (single numeric stepRange=4)
  Selected cycle: 20190215
Processing timestep: 201902151700
  Writing /home/lwestern/agage/meteorology/cfsv2/flexpart_inputs//GF19021517
  Trying cycle: 20190215
  Step filtering not needed (single numeric stepRange=5)
  Selected cycle: 20190215
Processing timestep: 201902151800
  Writing /home/lwestern/agage/meteorology/cfsv2/flexpart_inputs//GF19021518
  Trying cycle: 20190215
  Step filtering not needed (single numeric stepRange=6)
  Selected cycle: 20190215
Processing timestep: 201902151900
  Writing /home/lwestern/agage/meteorology/cfsv2/flexpart_inputs//GF19021519
  Trying cycle: 20190215
  Step filtering not needed (single numeric stepRange=1)
  Selected cycle: 20190215
Processing timestep: 201902152000
  Writing /home/lwestern/agage/meteorology/cfsv2/flexpart_inputs//GF19021520
  Trying cycle: 20190215
  Step filtering not needed (single numeric stepRange=2)
  Selected cycle: 20190215
Processing timestep: 201902152100
  Writing /home/lwestern/agage/meteorology/cfsv2/flexpart_inputs//GF19021521
  Trying cycle: 20190215
  Step filtering not needed (single numeric stepRange=3)
  Selected cycle: 20190215
Processing timestep: 201902152200
  Writing /home/lwestern/agage/meteorology/cfsv2/flexpart_inputs//GF19021522
  Trying cycle: 20190215
  Step filtering not needed (single numeric stepRange=4)
  Selected cycle: 20190215
Processing timestep: 201902152300
  Writing /home/lwestern/agage/meteorology/cfsv2/flexpart_inputs//GF19021523
  Trying cycle: 20190215
  Step filtering not needed (single numeric stepRange=5)
  Selected cycle: 20190215
Processing timestep: 201902160000
  Writing /home/lwestern/agage/meteorology/cfsv2/flexpart_inputs//GF19021600
  Trying cycle: 20190215
  Step filtering not needed (single numeric stepRange=6)
  Selected cycle: 20190215
Processing timestep: 201902190100
  Writing /home/lwestern/agage/meteorology/cfsv2/flexpart_inputs//GF19021901
  Trying cycle: 20190219
  WARNING: Missing ipvgrbh file for 201902190100 cycle 20190219 (continuing with pgrbh only)
  Step filtering not needed (single numeric stepRange=1)
  Selected cycle: 20190215
Processing timestep: 201902190200
  Writing /home/lwestern/agage/meteorology/cfsv2/flexpart_inputs//GF19021902
  Trying cycle: 20190219
  WARNING: Missing ipvgrbh file for 201902190200 cycle 20190219 (continuing with pgrbh only)
  Step filtering not needed (single numeric stepRange=2)
  Selected cycle: 20190215
Processing timestep: 201902190300
  Writing /home/lwestern/agage/meteorology/cfsv2/flexpart_inputs//GF19021903
  Trying cycle: 20190219
  WARNING: Missing ipvgrbh file for 201902190300 cycle 20190219 (continuing with pgrbh only)
  Step filtering not needed (single numeric stepRange=3)
  Selected cycle: 20190215
Processing timestep: 201902190400
  Writing /home/lwestern/agage/meteorology/cfsv2/flexpart_inputs//GF19021904
  Trying cycle: 20190219
  WARNING: Missing ipvgrbh file for 201902190400 cycle 20190219 (continuing with pgrbh only)
  Step filtering not needed (single numeric stepRange=4)
  Selected cycle: 20190215
Processing timestep: 201902190500
  Writing /home/lwestern/agage/meteorology/cfsv2/flexpart_inputs//GF19021905
  Trying cycle: 20190219
  WARNING: Missing ipvgrbh file for 201902190500 cycle 20190219 (continuing with pgrbh only)
  Step filtering not needed (single numeric stepRange=5)
  Selected cycle: 20190215
Processing timestep: 201902190600
  Writing /home/lwestern/agage/meteorology/cfsv2/flexpart_inputs//GF19021906
  Trying cycle: 20190219
  WARNING: Missing ipvgrbh file for 201902190600 cycle 20190219 (continuing with pgrbh only)
  Step filtering not needed (single numeric stepRange=6)
  Selected cycle: 20190215
Processing timestep: 201902190700
  Writing /home/lwestern/agage/meteorology/cfsv2/flexpart_inputs//GF19021907
  Trying cycle: 20190219
  WARNING: Missing ipvgrbh file for 201902190700 cycle 20190219 (continuing with pgrbh only)
  Selected cycle: 20190215
Processing timestep: 201902190800
  Writing /home/lwestern/agage/meteorology/cfsv2/flexpart_inputs//GF19021908
  Trying cycle: 20190219
  Step filtering not needed (single numeric stepRange=1)
  WARNING: Missing ipvgrbh file for 201902190800 cycle 20190219 (continuing with pgrbh only)
  Step filtering not needed (single numeric stepRange=2)
  Selected cycle: 20190219
Processing timestep: 201902190900
  Writing /home/lwestern/agage/meteorology/cfsv2/flexpart_inputs//GF19021909
  Trying cycle: 20190219
  WARNING: Missing ipvgrbh file for 201902190900 cycle 20190219 (continuing with pgrbh only)
  Selected cycle: 20190219
Processing timestep: 201902191000
  Writing /home/lwestern/agage/meteorology/cfsv2/flexpart_inputs//GF19021910
  Trying cycle: 20190219
  Step filtering not needed (single numeric stepRange=3)
  WARNING: Missing ipvgrbh file for 201902191000 cycle 20190219 (continuing with pgrbh only)
  Step filtering not needed (single numeric stepRange=4)
  Selected cycle: 20190219
Processing timestep: 201902191100
  Writing /home/lwestern/agage/meteorology/cfsv2/flexpart_inputs//GF19021911
  Trying cycle: 20190219
  WARNING: Missing ipvgrbh file for 201902191100 cycle 20190219 (continuing with pgrbh only)
  Step filtering not needed (single numeric stepRange=5)
  Selected cycle: 20190219
Processing timestep: 201902191200
  Writing /home/lwestern/agage/meteorology/cfsv2/flexpart_inputs//GF19021912
  Trying cycle: 20190219
  WARNING: Missing ipvgrbh file for 201902191200 cycle 20190219 (continuing with pgrbh only)
  Step filtering not needed (single numeric stepRange=6)
  Selected cycle: 20190219
Processing timestep: 201902191300
  Writing /home/lwestern/agage/meteorology/cfsv2/flexpart_inputs//GF19021913
  Trying cycle: 20190219
  WARNING: Missing ipvgrbh file for 201902191300 cycle 20190219 (continuing with pgrbh only)
  Step filtering not needed (single numeric stepRange=1)
  Selected cycle: 20190219
Processing timestep: 201902191400
  Writing /home/lwestern/agage/meteorology/cfsv2/flexpart_inputs//GF19021914
  Trying cycle: 20190219
  WARNING: Missing ipvgrbh file for 201902191400 cycle 20190219 (continuing with pgrbh only)
  Step filtering not needed (single numeric stepRange=2)
  Selected cycle: 20190219
Processing timestep: 201902191500
  Writing /home/lwestern/agage/meteorology/cfsv2/flexpart_inputs//GF19021915
  Trying cycle: 20190219
  WARNING: Missing ipvgrbh file for 201902191500 cycle 20190219 (continuing with pgrbh only)
  Step filtering not needed (single numeric stepRange=3)
  Selected cycle: 20190219
Processing timestep: 201902191600
  Writing /home/lwestern/agage/meteorology/cfsv2/flexpart_inputs//GF19021916
  Trying cycle: 20190219
  WARNING: Missing ipvgrbh file for 201902191600 cycle 20190219 (continuing with pgrbh only)
  Step filtering not needed (single numeric stepRange=4)
  Selected cycle: 20190219
Processing timestep: 201902191700
  Writing /home/lwestern/agage/meteorology/cfsv2/flexpart_inputs//GF19021917
  Trying cycle: 20190219
  WARNING: Missing ipvgrbh file for 201902191700 cycle 20190219 (continuing with pgrbh only)
  Step filtering not needed (single numeric stepRange=5)
  Selected cycle: 20190219
Processing timestep: 201902191800
  Writing /home/lwestern/agage/meteorology/cfsv2/flexpart_inputs//GF19021918
  Trying cycle: 20190219
  WARNING: Missing ipvgrbh file for 201902191800 cycle 20190219 (continuing with pgrbh only)
  Step filtering not needed (single numeric stepRange=6)
  Selected cycle: 20190219
Processing timestep: 201902191900
  Writing /home/lwestern/agage/meteorology/cfsv2/flexpart_inputs//GF19021919
  Trying cycle: 20190219
  WARNING: Missing ipvgrbh file for 201902191900 cycle 20190219 (continuing with pgrbh only)
  Step filtering not needed (single numeric stepRange=1)
  Selected cycle: 20190219
Processing timestep: 201902192000
  Writing /home/lwestern/agage/meteorology/cfsv2/flexpart_inputs//GF19021920
  Trying cycle: 20190219
  Selected cycle: 20190219
Processing timestep: 201902192100
  Writing /home/lwestern/agage/meteorology/cfsv2/flexpart_inputs//GF19021921
  Trying cycle: 20190219
  WARNING: Missing ipvgrbh file for 201902192000 cycle 20190219 (continuing with pgrbh only)
  Step filtering not needed (single numeric stepRange=2)
  WARNING: Missing ipvgrbh file for 201902192100 cycle 20190219 (continuing with pgrbh only)
  Step filtering not needed (single numeric stepRange=3)
  Selected cycle: 20190219
Processing timestep: 201902192200
  Writing /home/lwestern/agage/meteorology/cfsv2/flexpart_inputs//GF19021922
  Trying cycle: 20190219
  WARNING: Missing ipvgrbh file for 201902192200 cycle 20190219 (continuing with pgrbh only)
  Step filtering not needed (single numeric stepRange=4)
  Selected cycle: 20190219
Processing timestep: 201902192300
  Writing /home/lwestern/agage/meteorology/cfsv2/flexpart_inputs//GF19021923
  Trying cycle: 20190219
  WARNING: Missing ipvgrbh file for 201902192300 cycle 20190219 (continuing with pgrbh only)
  Step filtering not needed (single numeric stepRange=5)
  Selected cycle: 20190219
Processing timestep: 201902200000
  Writing /home/lwestern/agage/meteorology/cfsv2/flexpart_inputs//GF19022000
  Trying cycle: 20190219
  WARNING: Missing ipvgrbh file for 201902200000 cycle 20190219 (continuing with pgrbh only)
  Step filtering not needed (single numeric stepRange=6)
  Selected cycle: 20190219
Processing timestep: 201902210100
  Writing /home/lwestern/agage/meteorology/cfsv2/flexpart_inputs//GF19022101
  Trying cycle: 20190221
  WARNING: Missing ipvgrbh file for 201902210100 cycle 20190221 (continuing with pgrbh only)
  Step filtering not needed (single numeric stepRange=1)
  Selected cycle: 20190219
Processing timestep: 201902210200
  Writing /home/lwestern/agage/meteorology/cfsv2/flexpart_inputs//GF19022102
  Trying cycle: 20190221
  WARNING: Missing ipvgrbh file for 201902210200 cycle 20190221 (continuing with pgrbh only)
  Step filtering not needed (single numeric stepRange=2)
  Selected cycle: 20190219
Processing timestep: 201902210300
  Writing /home/lwestern/agage/meteorology/cfsv2/flexpart_inputs//GF19022103
  Trying cycle: 20190221
  WARNING: Missing ipvgrbh file for 201902210300 cycle 20190221 (continuing with pgrbh only)
  Step filtering not needed (single numeric stepRange=3)
  Selected cycle: 20190219
Processing timestep: 201902210400
  Selected cycle: 20190219
  Writing /home/lwestern/agage/meteorology/cfsv2/flexpart_inputs//GF19022104
  Trying cycle: 20190221
Processing timestep: 201902210500
  Writing /home/lwestern/agage/meteorology/cfsv2/flexpart_inputs//GF19022105
  Trying cycle: 20190221
  WARNING: Missing ipvgrbh file for 201902210400 cycle 20190221 (continuing with pgrbh only)
  WARNING: Missing ipvgrbh file for 201902210500 cycle 20190221 (continuing with pgrbh only)
  Step filtering not needed (single numeric stepRange=4)
  Step filtering not needed (single numeric stepRange=5)
  Selected cycle: 20190219
Processing timestep: 201902210600
  Writing /home/lwestern/agage/meteorology/cfsv2/flexpart_inputs//GF19022106
  Trying cycle: 20190221
  Selected cycle: 20190219
Processing timestep: 201902210700
  Writing /home/lwestern/agage/meteorology/cfsv2/flexpart_inputs//GF19022107
  Trying cycle: 20190221
  WARNING: Missing ipvgrbh file for 201902210600 cycle 20190221 (continuing with pgrbh only)
  Step filtering not needed (single numeric stepRange=6)
  WARNING: Missing ipvgrbh file for 201902210700 cycle 20190221 (continuing with pgrbh only)
  Step filtering not needed (single numeric stepRange=1)
  Selected cycle: 20190219
Processing timestep: 201902210800
  Writing /home/lwestern/agage/meteorology/cfsv2/flexpart_inputs//GF19022108
  Trying cycle: 20190221
  WARNING: Missing ipvgrbh file for 201902210800 cycle 20190221 (continuing with pgrbh only)
  Step filtering not needed (single numeric stepRange=2)
  Selected cycle: 20190221
Processing timestep: 201902210900
  Writing /home/lwestern/agage/meteorology/cfsv2/flexpart_inputs//GF19022109
  Trying cycle: 20190221
  WARNING: Missing ipvgrbh file for 201902210900 cycle 20190221 (continuing with pgrbh only)
  Step filtering not needed (single numeric stepRange=3)
  Selected cycle: 20190221
Processing timestep: 201902211000
  Writing /home/lwestern/agage/meteorology/cfsv2/flexpart_inputs//GF19022110
  Trying cycle: 20190221
  WARNING: Missing ipvgrbh file for 201902211000 cycle 20190221 (continuing with pgrbh only)
  Step filtering not needed (single numeric stepRange=4)
  Selected cycle: 20190221
Processing timestep: 201902211100
  Writing /home/lwestern/agage/meteorology/cfsv2/flexpart_inputs//GF19022111
  Trying cycle: 20190221
  WARNING: Missing ipvgrbh file for 201902211100 cycle 20190221 (continuing with pgrbh only)
  Step filtering not needed (single numeric stepRange=5)
  Selected cycle: 20190221
Processing timestep: 201902211200
  Writing /home/lwestern/agage/meteorology/cfsv2/flexpart_inputs//GF19022112
  Trying cycle: 20190221
  Selected cycle: 20190221
Processing timestep: 201902211300
  Writing /home/lwestern/agage/meteorology/cfsv2/flexpart_inputs//GF19022113
  Trying cycle: 20190221
  WARNING: Missing ipvgrbh file for 201902211200 cycle 20190221 (continuing with pgrbh only)
  Step filtering not needed (single numeric stepRange=6)
  WARNING: Missing ipvgrbh file for 201902211300 cycle 20190221 (continuing with pgrbh only)
  Step filtering not needed (single numeric stepRange=1)
  Selected cycle: 20190221
Processing timestep: 201902211400
  Writing /home/lwestern/agage/meteorology/cfsv2/flexpart_inputs//GF19022114
  Trying cycle: 20190221
  Selected cycle: 20190221
Processing timestep: 201902211500
  Writing /home/lwestern/agage/meteorology/cfsv2/flexpart_inputs//GF19022115
  Trying cycle: 20190221
  WARNING: Missing ipvgrbh file for 201902211400 cycle 20190221 (continuing with pgrbh only)
  Step filtering not needed (single numeric stepRange=2)
  WARNING: Missing ipvgrbh file for 201902211500 cycle 20190221 (continuing with pgrbh only)
  Step filtering not needed (single numeric stepRange=3)
  Selected cycle: 20190221
Processing timestep: 201902211600
  Writing /home/lwestern/agage/meteorology/cfsv2/flexpart_inputs//GF19022116
  Trying cycle: 20190221
  WARNING: Missing ipvgrbh file for 201902211600 cycle 20190221 (continuing with pgrbh only)
  Step filtering not needed (single numeric stepRange=4)
  Selected cycle: 20190221
Processing timestep: 201902211700
  Writing /home/lwestern/agage/meteorology/cfsv2/flexpart_inputs//GF19022117
  Trying cycle: 20190221
  WARNING: Missing ipvgrbh file for 201902211700 cycle 20190221 (continuing with pgrbh only)
  Step filtering not needed (single numeric stepRange=5)
  Selected cycle: 20190221
Processing timestep: 201902211800
  Writing /home/lwestern/agage/meteorology/cfsv2/flexpart_inputs//GF19022118
  Trying cycle: 20190221
  WARNING: Missing ipvgrbh file for 201902211800 cycle 20190221 (continuing with pgrbh only)
  Step filtering not needed (single numeric stepRange=6)
  Selected cycle: 20190221
Processing timestep: 201902211900
  Writing /home/lwestern/agage/meteorology/cfsv2/flexpart_inputs//GF19022119
  Trying cycle: 20190221
  WARNING: Missing ipvgrbh file for 201902211900 cycle 20190221 (continuing with pgrbh only)
  Step filtering not needed (single numeric stepRange=1)
  Selected cycle: 20190221
Processing timestep: 201902212000
  Selected cycle: 20190221
Processing timestep: 201902212100
  Writing /home/lwestern/agage/meteorology/cfsv2/flexpart_inputs//GF19022120
  Trying cycle: 20190221
  Writing /home/lwestern/agage/meteorology/cfsv2/flexpart_inputs//GF19022121
  Trying cycle: 20190221
  WARNING: Missing ipvgrbh file for 201902212000 cycle 20190221 (continuing with pgrbh only)
  WARNING: Missing ipvgrbh file for 201902212100 cycle 20190221 (continuing with pgrbh only)
  Step filtering not needed (single numeric stepRange=3)
  Step filtering not needed (single numeric stepRange=2)
  Selected cycle: 20190221
Processing timestep: 201902212200
  Writing /home/lwestern/agage/meteorology/cfsv2/flexpart_inputs//GF19022122
  Trying cycle: 20190221
  Selected cycle: 20190221
Processing timestep: 201902212300
  Writing /home/lwestern/agage/meteorology/cfsv2/flexpart_inputs//GF19022123
  Trying cycle: 20190221
  WARNING: Missing ipvgrbh file for 201902212200 cycle 20190221 (continuing with pgrbh only)
  Step filtering not needed (single numeric stepRange=4)
  Selected cycle: 20190221
Processing timestep: 201902220000
  Writing /home/lwestern/agage/meteorology/cfsv2/flexpart_inputs//GF19022200
  Trying cycle: 20190221
  WARNING: Missing ipvgrbh file for 201902212300 cycle 20190221 (continuing with pgrbh only)
  Step filtering not needed (single numeric stepRange=5)
  Selected cycle: 20190221
Processing timestep: 201903010100
  Writing /home/lwestern/agage/meteorology/cfsv2/flexpart_inputs//GF19030101
  Trying cycle: 20190301
  WARNING: Missing ipvgrbh file for 201902220000 cycle 20190221 (continuing with pgrbh only)
  Step filtering not needed (single numeric stepRange=6)
  WARNING: Missing ipvgrbh file for 201903010100 cycle 20190301 (continuing with pgrbh only)
  Step filtering not needed (single numeric stepRange=1)
  Selected cycle: 20190221
Processing timestep: 201903010200
  Writing /home/lwestern/agage/meteorology/cfsv2/flexpart_inputs//GF19030102
  Trying cycle: 20190301
  WARNING: Missing ipvgrbh file for 201903010200 cycle 20190301 (continuing with pgrbh only)
  Step filtering not needed (single numeric stepRange=2)
  Selected cycle: 20190221
Processing timestep: 201903010300
  Writing /home/lwestern/agage/meteorology/cfsv2/flexpart_inputs//GF19030103
  Trying cycle: 20190301
  WARNING: Missing ipvgrbh file for 201903010300 cycle 20190301 (continuing with pgrbh only)
  Step filtering not needed (single numeric stepRange=3)
  Selected cycle: 20190221
Processing timestep: 201903010400
  Writing /home/lwestern/agage/meteorology/cfsv2/flexpart_inputs//GF19030104
  Trying cycle: 20190301
  WARNING: Missing ipvgrbh file for 201903010400 cycle 20190301 (continuing with pgrbh only)
  Selected cycle: 20190221
Processing timestep: 201903010500
  Writing /home/lwestern/agage/meteorology/cfsv2/flexpart_inputs//GF19030105
  Step filtering not needed (single numeric stepRange=4)
  Trying cycle: 20190301
  WARNING: Missing ipvgrbh file for 201903010500 cycle 20190301 (continuing with pgrbh only)
  Step filtering not needed (single numeric stepRange=5)
  Selected cycle: 20190221
Processing timestep: 201903010600
  Writing /home/lwestern/agage/meteorology/cfsv2/flexpart_inputs//GF19030106
  Trying cycle: 20190301
  Selected cycle: 20190221
Processing timestep: 201903010700
  Writing /home/lwestern/agage/meteorology/cfsv2/flexpart_inputs//GF19030107
  Trying cycle: 20190301
  WARNING: Missing ipvgrbh file for 201903010600 cycle 20190301 (continuing with pgrbh only)
  Step filtering not needed (single numeric stepRange=6)
  Selected cycle: 20190221
Processing timestep: 201903010800
  Writing /home/lwestern/agage/meteorology/cfsv2/flexpart_inputs//GF19030108
  Trying cycle: 20190301
  WARNING: Missing ipvgrbh file for 201903010700 cycle 20190301 (continuing with pgrbh only)
  Step filtering not needed (single numeric stepRange=1)
  Selected cycle: 20190301
Processing timestep: 201903010900
  Writing /home/lwestern/agage/meteorology/cfsv2/flexpart_inputs//GF19030109
  Trying cycle: 20190301
  WARNING: Missing ipvgrbh file for 201903010800 cycle 20190301 (continuing with pgrbh only)
  Selected cycle: 20190301
Processing timestep: 201903011000
  Writing /home/lwestern/agage/meteorology/cfsv2/flexpart_inputs//GF19030110
  Trying cycle: 20190301
  Step filtering not needed (single numeric stepRange=2)
  WARNING: Missing ipvgrbh file for 201903010900 cycle 20190301 (continuing with pgrbh only)
  WARNING: Missing ipvgrbh file for 201903011000 cycle 20190301 (continuing with pgrbh only)
  Step filtering not needed (single numeric stepRange=3)
  Step filtering not needed (single numeric stepRange=4)
  Selected cycle: 20190301
Processing timestep: 201903011100
  Writing /home/lwestern/agage/meteorology/cfsv2/flexpart_inputs//GF19030111
  Trying cycle: 20190301
  WARNING: Missing ipvgrbh file for 201903011100 cycle 20190301 (continuing with pgrbh only)
  Step filtering not needed (single numeric stepRange=5)
  Selected cycle: 20190301
Processing timestep: 201903011200
  Writing /home/lwestern/agage/meteorology/cfsv2/flexpart_inputs//GF19030112
  Trying cycle: 20190301
  Selected cycle: 20190301
Processing timestep: 201903011300
  Writing /home/lwestern/agage/meteorology/cfsv2/flexpart_inputs//GF19030113
  Trying cycle: 20190301
  WARNING: Missing ipvgrbh file for 201903011200 cycle 20190301 (continuing with pgrbh only)
  WARNING: Missing ipvgrbh file for 201903011300 cycle 20190301 (continuing with pgrbh only)
  Step filtering not needed (single numeric stepRange=6)
  Step filtering not needed (single numeric stepRange=1)
  Selected cycle: 20190301
Processing timestep: 201903011400
  Writing /home/lwestern/agage/meteorology/cfsv2/flexpart_inputs//GF19030114
  Trying cycle: 20190301
  WARNING: Missing ipvgrbh file for 201903011400 cycle 20190301 (continuing with pgrbh only)
  Step filtering not needed (single numeric stepRange=2)
  Selected cycle: 20190301
Processing timestep: 201903011500
  Writing /home/lwestern/agage/meteorology/cfsv2/flexpart_inputs//GF19030115
  Trying cycle: 20190301
  WARNING: Missing ipvgrbh file for 201903011500 cycle 20190301 (continuing with pgrbh only)
  Step filtering not needed (single numeric stepRange=3)
  Selected cycle: 20190301
Processing timestep: 201903011600
  Writing /home/lwestern/agage/meteorology/cfsv2/flexpart_inputs//GF19030116
  Trying cycle: 20190301
  WARNING: Missing ipvgrbh file for 201903011600 cycle 20190301 (continuing with pgrbh only)
  Selected cycle: 20190301
Processing timestep: 201903011700
  Writing /home/lwestern/agage/meteorology/cfsv2/flexpart_inputs//GF19030117
  Step filtering not needed (single numeric stepRange=4)
  Trying cycle: 20190301
  Selected cycle: 20190301
Processing timestep: 201903011800
  Writing /home/lwestern/agage/meteorology/cfsv2/flexpart_inputs//GF19030118
  Trying cycle: 20190301
  WARNING: Missing ipvgrbh file for 201903011700 cycle 20190301 (continuing with pgrbh only)
  Step filtering not needed (single numeric stepRange=5)
  WARNING: Missing ipvgrbh file for 201903011800 cycle 20190301 (continuing with pgrbh only)
  Step filtering not needed (single numeric stepRange=6)
  Selected cycle: 20190301
Processing timestep: 201903011900
  Writing /home/lwestern/agage/meteorology/cfsv2/flexpart_inputs//GF19030119
  Trying cycle: 20190301
  WARNING: Missing ipvgrbh file for 201903011900 cycle 20190301 (continuing with pgrbh only)
  Step filtering not needed (single numeric stepRange=1)
  Selected cycle: 20190301
Processing timestep: 201903012000
  Writing /home/lwestern/agage/meteorology/cfsv2/flexpart_inputs//GF19030120
  Trying cycle: 20190301
  WARNING: Missing ipvgrbh file for 201903012000 cycle 20190301 (continuing with pgrbh only)
  Step filtering not needed (single numeric stepRange=2)
  Selected cycle: 20190301
Processing timestep: 201903012100
  Writing /home/lwestern/agage/meteorology/cfsv2/flexpart_inputs//GF19030121
  Trying cycle: 20190301
  WARNING: Missing ipvgrbh file for 201903012100 cycle 20190301 (continuing with pgrbh only)
  Step filtering not needed (single numeric stepRange=3)
  Selected cycle: 20190301
Processing timestep: 201903012200
  Writing /home/lwestern/agage/meteorology/cfsv2/flexpart_inputs//GF19030122
  Trying cycle: 20190301
  WARNING: Missing ipvgrbh file for 201903012200 cycle 20190301 (continuing with pgrbh only)
  Step filtering not needed (single numeric stepRange=4)
  Selected cycle: 20190301
Processing timestep: 201903012300
  Writing /home/lwestern/agage/meteorology/cfsv2/flexpart_inputs//GF19030123
  Trying cycle: 20190301
  WARNING: Missing ipvgrbh file for 201903012300 cycle 20190301 (continuing with pgrbh only)
  Step filtering not needed (single numeric stepRange=5)
  Selected cycle: 20190301
Processing timestep: 201903020000
  Writing /home/lwestern/agage/meteorology/cfsv2/flexpart_inputs//GF19030200
  Trying cycle: 20190301
  Selected cycle: 20190301
Processing timestep: 201903020100
  Writing /home/lwestern/agage/meteorology/cfsv2/flexpart_inputs//GF19030201
  Trying cycle: 20190302
  WARNING: Missing ipvgrbh file for 201903020000 cycle 20190301 (continuing with pgrbh only)
  Step filtering not needed (single numeric stepRange=6)
  Selected cycle: 20190301
Processing timestep: 201903020200
  Writing /home/lwestern/agage/meteorology/cfsv2/flexpart_inputs//GF19030202
  Trying cycle: 20190302
  WARNING: Missing ipvgrbh file for 201903020100 cycle 20190302 (continuing with pgrbh only)
  Step filtering not needed (single numeric stepRange=1)
  Selected cycle: 20190301
Processing timestep: 201903020300
  Writing /home/lwestern/agage/meteorology/cfsv2/flexpart_inputs//GF19030203
  Trying cycle: 20190302
  WARNING: Missing ipvgrbh file for 201903020200 cycle 20190302 (continuing with pgrbh only)
  Step filtering not needed (single numeric stepRange=2)
  WARNING: Missing ipvgrbh file for 201903020300 cycle 20190302 (continuing with pgrbh only)
  Step filtering not needed (single numeric stepRange=3)
  Selected cycle: 20190301
Processing timestep: 201903020400
  Writing /home/lwestern/agage/meteorology/cfsv2/flexpart_inputs//GF19030204
  Trying cycle: 20190302
  WARNING: Missing ipvgrbh file for 201903020400 cycle 20190302 (continuing with pgrbh only)
  Step filtering not needed (single numeric stepRange=4)
  Selected cycle: 20190301
Processing timestep: 201903020500
  Writing /home/lwestern/agage/meteorology/cfsv2/flexpart_inputs//GF19030205
  Trying cycle: 20190302
  WARNING: Missing ipvgrbh file for 201903020500 cycle 20190302 (continuing with pgrbh only)
  Step filtering not needed (single numeric stepRange=5)
  Selected cycle: 20190301
Processing timestep: 201903020600
  Writing /home/lwestern/agage/meteorology/cfsv2/flexpart_inputs//GF19030206
  Trying cycle: 20190302
  Selected cycle: 20190301
Processing timestep: 201903020700
  Writing /home/lwestern/agage/meteorology/cfsv2/flexpart_inputs//GF19030207
  Trying cycle: 20190302
  WARNING: Missing ipvgrbh file for 201903020600 cycle 20190302 (continuing with pgrbh only)
  Step filtering not needed (single numeric stepRange=6)
  WARNING: Missing ipvgrbh file for 201903020700 cycle 20190302 (continuing with pgrbh only)
  Step filtering not needed (single numeric stepRange=1)
  Selected cycle: 20190302
Processing timestep: 201903020800
  Writing /home/lwestern/agage/meteorology/cfsv2/flexpart_inputs//GF19030208
  Trying cycle: 20190302
  Selected cycle: 20190302
Processing timestep: 201903020900
  Writing /home/lwestern/agage/meteorology/cfsv2/flexpart_inputs//GF19030209
  Trying cycle: 20190302
  Selected cycle: 20190301
Processing timestep: 201903021000
  WARNING: Missing ipvgrbh file for 201903020900 cycle 20190302 (continuing with pgrbh only)
  Writing /home/lwestern/agage/meteorology/cfsv2/flexpart_inputs//GF19030210
  Trying cycle: 20190302
  Step filtering not needed (single numeric stepRange=3)
  WARNING: Missing ipvgrbh file for 201903021000 cycle 20190302 (continuing with pgrbh only)
  Step filtering not needed (single numeric stepRange=4)
  Selected cycle: 20190302
Processing timestep: 201903021100
  Writing /home/lwestern/agage/meteorology/cfsv2/flexpart_inputs//GF19030211
  Trying cycle: 20190302
  WARNING: Missing ipvgrbh file for 201903020800 cycle 20190302 (continuing with pgrbh only)
  Step filtering not needed (single numeric stepRange=2)
  WARNING: Missing ipvgrbh file for 201903021100 cycle 20190302 (continuing with pgrbh only)
  Step filtering not needed (single numeric stepRange=5)
  Selected cycle: 20190302
Processing timestep: 201903021200
  Writing /home/lwestern/agage/meteorology/cfsv2/flexpart_inputs//GF19030212
  Trying cycle: 20190302
  WARNING: Missing ipvgrbh file for 201903021200 cycle 20190302 (continuing with pgrbh only)
  Step filtering not needed (single numeric stepRange=6)
  Selected cycle: 20190302
Processing timestep: 201903021300
  Writing /home/lwestern/agage/meteorology/cfsv2/flexpart_inputs//GF19030213
  Trying cycle: 20190302
  WARNING: Missing ipvgrbh file for 201903021300 cycle 20190302 (continuing with pgrbh only)
  Step filtering not needed (single numeric stepRange=1)
  Selected cycle: 20190302
Processing timestep: 201903021400
  Writing /home/lwestern/agage/meteorology/cfsv2/flexpart_inputs//GF19030214
  Trying cycle: 20190302
  WARNING: Missing ipvgrbh file for 201903021400 cycle 20190302 (continuing with pgrbh only)
  Selected cycle: 20190302
Processing timestep: 201903021500
  Writing /home/lwestern/agage/meteorology/cfsv2/flexpart_inputs//GF19030215
  Trying cycle: 20190302
  Step filtering not needed (single numeric stepRange=2)
  WARNING: Missing ipvgrbh file for 201903021500 cycle 20190302 (continuing with pgrbh only)
  Step filtering not needed (single numeric stepRange=3)
  Selected cycle: 20190302
Processing timestep: 201903021600
  Writing /home/lwestern/agage/meteorology/cfsv2/flexpart_inputs//GF19030216
  Trying cycle: 20190302
  Selected cycle: 20190302
Processing timestep: 201903021700
  Writing /home/lwestern/agage/meteorology/cfsv2/flexpart_inputs//GF19030217
  Trying cycle: 20190302
  WARNING: Missing ipvgrbh file for 201903021600 cycle 20190302 (continuing with pgrbh only)
  Step filtering not needed (single numeric stepRange=4)
  WARNING: Missing ipvgrbh file for 201903021700 cycle 20190302 (continuing with pgrbh only)
  Step filtering not needed (single numeric stepRange=5)
  Selected cycle: 20190302
Processing timestep: 201903021800
  Writing /home/lwestern/agage/meteorology/cfsv2/flexpart_inputs//GF19030218
  Trying cycle: 20190302
  WARNING: Missing ipvgrbh file for 201903021800 cycle 20190302 (continuing with pgrbh only)
  Selected cycle: 20190302
Processing timestep: 201903021900
  Writing /home/lwestern/agage/meteorology/cfsv2/flexpart_inputs//GF19030219
  Trying cycle: 20190302
  Step filtering not needed (single numeric stepRange=6)
  WARNING: Missing ipvgrbh file for 201903021900 cycle 20190302 (continuing with pgrbh only)
  Step filtering not needed (single numeric stepRange=1)
  Selected cycle: 20190302
Processing timestep: 201903022000
  Writing /home/lwestern/agage/meteorology/cfsv2/flexpart_inputs//GF19030220
  Trying cycle: 20190302
  WARNING: Missing ipvgrbh file for 201903022000 cycle 20190302 (continuing with pgrbh only)
  Step filtering not needed (single numeric stepRange=2)
  Selected cycle: 20190302
Processing timestep: 201903022100
  Writing /home/lwestern/agage/meteorology/cfsv2/flexpart_inputs//GF19030221
  Trying cycle: 20190302
  WARNING: Missing ipvgrbh file for 201903022100 cycle 20190302 (continuing with pgrbh only)
  Step filtering not needed (single numeric stepRange=3)
  Selected cycle: 20190302
Processing timestep: 201903022200
  Writing /home/lwestern/agage/meteorology/cfsv2/flexpart_inputs//GF19030222
  Trying cycle: 20190302
  WARNING: Missing ipvgrbh file for 201903022200 cycle 20190302 (continuing with pgrbh only)
  Step filtering not needed (single numeric stepRange=4)
  Selected cycle: 20190302
Processing timestep: 201903022300
  Writing /home/lwestern/agage/meteorology/cfsv2/flexpart_inputs//GF19030223
  Trying cycle: 20190302
  WARNING: Missing ipvgrbh file for 201903022300 cycle 20190302 (continuing with pgrbh only)
  Step filtering not needed (single numeric stepRange=5)
  Selected cycle: 20190302
Processing timestep: 201903030000
  Writing /home/lwestern/agage/meteorology/cfsv2/flexpart_inputs//GF19030300
  Trying cycle: 20190302
  WARNING: Missing ipvgrbh file for 201903030000 cycle 20190302 (continuing with pgrbh only)
  Step filtering not needed (single numeric stepRange=6)
  Selected cycle: 20190302
Processing timestep: 201903030100
  Writing /home/lwestern/agage/meteorology/cfsv2/flexpart_inputs//GF19030301
  Trying cycle: 20190303
  Selected cycle: 20190302
Processing timestep: 201903030200
  Writing /home/lwestern/agage/meteorology/cfsv2/flexpart_inputs//GF19030302
  Trying cycle: 20190303
  Selected cycle: 20190302
Processing timestep: 201903030300
  Writing /home/lwestern/agage/meteorology/cfsv2/flexpart_inputs//GF19030303
  Trying cycle: 20190303
  WARNING: Missing ipvgrbh file for 201903030100 cycle 20190303 (continuing with pgrbh only)
  Step filtering not needed (single numeric stepRange=1)
  WARNING: Missing ipvgrbh file for 201903030200 cycle 20190303 (continuing with pgrbh only)
  Step filtering not needed (single numeric stepRange=2)
  WARNING: Missing ipvgrbh file for 201903030300 cycle 20190303 (continuing with pgrbh only)
  Step filtering not needed (single numeric stepRange=3)
  Selected cycle: 20190302
Processing timestep: 201903030400
  Writing /home/lwestern/agage/meteorology/cfsv2/flexpart_inputs//GF19030304
  Trying cycle: 20190303
  WARNING: Missing ipvgrbh file for 201903030400 cycle 20190303 (continuing with pgrbh only)
  Step filtering not needed (single numeric stepRange=4)
  Selected cycle: 20190302
Processing timestep: 201903030500
  Writing /home/lwestern/agage/meteorology/cfsv2/flexpart_inputs//GF19030305
  Trying cycle: 20190303
  WARNING: Missing ipvgrbh file for 201903030500 cycle 20190303 (continuing with pgrbh only)
  Step filtering not needed (single numeric stepRange=5)
  Selected cycle: 20190302
Processing timestep: 201903030600
  Writing /home/lwestern/agage/meteorology/cfsv2/flexpart_inputs//GF19030306
  Trying cycle: 20190303
  WARNING: Missing ipvgrbh file for 201903030600 cycle 20190303 (continuing with pgrbh only)
  Step filtering not needed (single numeric stepRange=6)
  Selected cycle: 20190302
Processing timestep: 201903030700
  Writing /home/lwestern/agage/meteorology/cfsv2/flexpart_inputs//GF19030307
  Trying cycle: 20190303
  WARNING: Missing ipvgrbh file for 201903030700 cycle 20190303 (continuing with pgrbh only)
  Step filtering not needed (single numeric stepRange=1)
  Selected cycle: 20190302
Processing timestep: 201903030800
  Writing /home/lwestern/agage/meteorology/cfsv2/flexpart_inputs//GF19030308
  Trying cycle: 20190303
  WARNING: Missing ipvgrbh file for 201903030800 cycle 20190303 (continuing with pgrbh only)
  Step filtering not needed (single numeric stepRange=2)
  Selected cycle: 20190303
Processing timestep: 201903030900
  Writing /home/lwestern/agage/meteorology/cfsv2/flexpart_inputs//GF19030309
  Trying cycle: 20190303
  Selected cycle: 20190303
Processing timestep: 201903031000
  Writing /home/lwestern/agage/meteorology/cfsv2/flexpart_inputs//GF19030310
  Trying cycle: 20190303
  Selected cycle: 20190303
Processing timestep: 201903031100
  Writing /home/lwestern/agage/meteorology/cfsv2/flexpart_inputs//GF19030311
  Trying cycle: 20190303
  WARNING: Missing ipvgrbh file for 201903030900 cycle 20190303 (continuing with pgrbh only)
  Step filtering not needed (single numeric stepRange=3)
  WARNING: Missing ipvgrbh file for 201903031000 cycle 20190303 (continuing with pgrbh only)
  WARNING: Missing ipvgrbh file for 201903031100 cycle 20190303 (continuing with pgrbh only)
  Step filtering not needed (single numeric stepRange=4)
  Step filtering not needed (single numeric stepRange=5)
  Selected cycle: 20190303
Processing timestep: 201903031200
  Writing /home/lwestern/agage/meteorology/cfsv2/flexpart_inputs//GF19030312
  Trying cycle: 20190303
  WARNING: Missing ipvgrbh file for 201903031200 cycle 20190303 (continuing with pgrbh only)
  Step filtering not needed (single numeric stepRange=6)
  Selected cycle: 20190303
Processing timestep: 201903031300
  Writing /home/lwestern/agage/meteorology/cfsv2/flexpart_inputs//GF19030313
  Trying cycle: 20190303
  WARNING: Missing ipvgrbh file for 201903031300 cycle 20190303 (continuing with pgrbh only)
  Step filtering not needed (single numeric stepRange=1)
  Selected cycle: 20190303
Processing timestep: 201903031400
  Writing /home/lwestern/agage/meteorology/cfsv2/flexpart_inputs//GF19030314
  Trying cycle: 20190303
  WARNING: Missing ipvgrbh file for 201903031400 cycle 20190303 (continuing with pgrbh only)
  Step filtering not needed (single numeric stepRange=2)
  Selected cycle: 20190303
Processing timestep: 201903031500
  Writing /home/lwestern/agage/meteorology/cfsv2/flexpart_inputs//GF19030315
  Trying cycle: 20190303
  WARNING: Missing ipvgrbh file for 201903031500 cycle 20190303 (continuing with pgrbh only)
  Step filtering not needed (single numeric stepRange=3)
  Selected cycle: 20190303
Processing timestep: 201903031600
  Writing /home/lwestern/agage/meteorology/cfsv2/flexpart_inputs//GF19030316
  Trying cycle: 20190303
  WARNING: Missing ipvgrbh file for 201903031600 cycle 20190303 (continuing with pgrbh only)
  Step filtering not needed (single numeric stepRange=4)
  Selected cycle: 20190303
Processing timestep: 201903031700
  Writing /home/lwestern/agage/meteorology/cfsv2/flexpart_inputs//GF19030317
  Trying cycle: 20190303
  WARNING: Missing ipvgrbh file for 201903031700 cycle 20190303 (continuing with pgrbh only)
  Step filtering not needed (single numeric stepRange=5)
  Selected cycle: 20190303
Processing timestep: 201903031800
  Selected cycle: 20190303
Processing timestep: 201903031900
  Writing /home/lwestern/agage/meteorology/cfsv2/flexpart_inputs//GF19030319
  Trying cycle: 20190303
  Writing /home/lwestern/agage/meteorology/cfsv2/flexpart_inputs//GF19030318
  Trying cycle: 20190303
  WARNING: Missing ipvgrbh file for 201903031800 cycle 20190303 (continuing with pgrbh only)
  WARNING: Missing ipvgrbh file for 201903031900 cycle 20190303 (continuing with pgrbh only)
  Step filtering not needed (single numeric stepRange=6)
  Step filtering not needed (single numeric stepRange=1)
  Selected cycle: 20190303
Processing timestep: 201903032000
  Writing /home/lwestern/agage/meteorology/cfsv2/flexpart_inputs//GF19030320
  Trying cycle: 20190303
  WARNING: Missing ipvgrbh file for 201903032000 cycle 20190303 (continuing with pgrbh only)
  Step filtering not needed (single numeric stepRange=2)
  Selected cycle: 20190303
Processing timestep: 201903032100
  Writing /home/lwestern/agage/meteorology/cfsv2/flexpart_inputs//GF19030321
  Trying cycle: 20190303
  WARNING: Missing ipvgrbh file for 201903032100 cycle 20190303 (continuing with pgrbh only)
  Step filtering not needed (single numeric stepRange=3)
  Selected cycle: 20190303
Processing timestep: 201903032200
  Writing /home/lwestern/agage/meteorology/cfsv2/flexpart_inputs//GF19030322
  Trying cycle: 20190303
  WARNING: Missing ipvgrbh file for 201903032200 cycle 20190303 (continuing with pgrbh only)
  Step filtering not needed (single numeric stepRange=4)
  Selected cycle: 20190303
Processing timestep: 201903032300
  Writing /home/lwestern/agage/meteorology/cfsv2/flexpart_inputs//GF19030323
  Trying cycle: 20190303
  WARNING: Missing ipvgrbh file for 201903032300 cycle 20190303 (continuing with pgrbh only)
  Step filtering not needed (single numeric stepRange=5)
  Selected cycle: 20190303
Processing timestep: 201903040000
  Writing /home/lwestern/agage/meteorology/cfsv2/flexpart_inputs//GF19030400
  Trying cycle: 20190303
  WARNING: Missing ipvgrbh file for 201903040000 cycle 20190303 (continuing with pgrbh only)
  Step filtering not needed (single numeric stepRange=6)
  Selected cycle: 20190303
Processing timestep: 201903050100
  Writing /home/lwestern/agage/meteorology/cfsv2/flexpart_inputs//GF19030501
  Trying cycle: 20190305
  Selected cycle: 20190303
Processing timestep: 201903050200
  Writing /home/lwestern/agage/meteorology/cfsv2/flexpart_inputs//GF19030502
  Trying cycle: 20190305
  Selected cycle: 20190303
Processing timestep: 201903050300
  Writing /home/lwestern/agage/meteorology/cfsv2/flexpart_inputs//GF19030503
  Trying cycle: 20190305
  Step filtering not needed (single numeric stepRange=1)
  Step filtering not needed (single numeric stepRange=2)
  Step filtering not needed (single numeric stepRange=3)
  Selected cycle: 20190303
Processing timestep: 201903050400
  Writing /home/lwestern/agage/meteorology/cfsv2/flexpart_inputs//GF19030504
  Trying cycle: 20190305
  Step filtering not needed (single numeric stepRange=4)
  Selected cycle: 20190303
Processing timestep: 201903050500
  Writing /home/lwestern/agage/meteorology/cfsv2/flexpart_inputs//GF19030505
  Trying cycle: 20190305
  Step filtering not needed (single numeric stepRange=5)
  Selected cycle: 20190303
Processing timestep: 201903050600
  Writing /home/lwestern/agage/meteorology/cfsv2/flexpart_inputs//GF19030506
  Trying cycle: 20190305
  Step filtering not needed (single numeric stepRange=6)
  Selected cycle: 20190303
Processing timestep: 201903050700
  Writing /home/lwestern/agage/meteorology/cfsv2/flexpart_inputs//GF19030507
  Trying cycle: 20190305
  Step filtering not needed (single numeric stepRange=1)
  Selected cycle: 20190303
Processing timestep: 201903050800
  Writing /home/lwestern/agage/meteorology/cfsv2/flexpart_inputs//GF19030508
  Trying cycle: 20190305
  Step filtering not needed (single numeric stepRange=2)
  Selected cycle: 20190305
Processing timestep: 201903050900
  Writing /home/lwestern/agage/meteorology/cfsv2/flexpart_inputs//GF19030509
  Trying cycle: 20190305
  Selected cycle: 20190305
Processing timestep: 201903051000
  Writing /home/lwestern/agage/meteorology/cfsv2/flexpart_inputs//GF19030510
  Trying cycle: 20190305
  Selected cycle: 20190305
Processing timestep: 201903051100
  Writing /home/lwestern/agage/meteorology/cfsv2/flexpart_inputs//GF19030511
  Trying cycle: 20190305
  Step filtering not needed (single numeric stepRange=3)
  Step filtering not needed (single numeric stepRange=4)
  Step filtering not needed (single numeric stepRange=5)
  Selected cycle: 20190305
Processing timestep: 201903051200
  Writing /home/lwestern/agage/meteorology/cfsv2/flexpart_inputs//GF19030512
  Trying cycle: 20190305
  Step filtering not needed (single numeric stepRange=6)
  Selected cycle: 20190305
Processing timestep: 201903051300
  Writing /home/lwestern/agage/meteorology/cfsv2/flexpart_inputs//GF19030513
  Trying cycle: 20190305
  Step filtering not needed (single numeric stepRange=1)
  Selected cycle: 20190305
Processing timestep: 201903051400
  Writing /home/lwestern/agage/meteorology/cfsv2/flexpart_inputs//GF19030514
  Trying cycle: 20190305
  Step filtering not needed (single numeric stepRange=2)
  Selected cycle: 20190305
Processing timestep: 201903051500
  Writing /home/lwestern/agage/meteorology/cfsv2/flexpart_inputs//GF19030515
  Trying cycle: 20190305
  Step filtering not needed (single numeric stepRange=3)
  Selected cycle: 20190305
Processing timestep: 201903051600
  Writing /home/lwestern/agage/meteorology/cfsv2/flexpart_inputs//GF19030516
  Trying cycle: 20190305
  Step filtering not needed (single numeric stepRange=4)
  Selected cycle: 20190305
Processing timestep: 201903051700
  Writing /home/lwestern/agage/meteorology/cfsv2/flexpart_inputs//GF19030517
  Trying cycle: 20190305
  Selected cycle: 20190305
Processing timestep: 201903051800
  Writing /home/lwestern/agage/meteorology/cfsv2/flexpart_inputs//GF19030518
  Trying cycle: 20190305
  Selected cycle: 20190305
Processing timestep: 201903051900
  Writing /home/lwestern/agage/meteorology/cfsv2/flexpart_inputs//GF19030519
  Trying cycle: 20190305
  Step filtering not needed (single numeric stepRange=5)
  Step filtering not needed (single numeric stepRange=6)
  Step filtering not needed (single numeric stepRange=1)
  Selected cycle: 20190305
Processing timestep: 201903052000
  Writing /home/lwestern/agage/meteorology/cfsv2/flexpart_inputs//GF19030520
  Trying cycle: 20190305
  Step filtering not needed (single numeric stepRange=2)
  Selected cycle: 20190305
Processing timestep: 201903052100
  Writing /home/lwestern/agage/meteorology/cfsv2/flexpart_inputs//GF19030521
  Trying cycle: 20190305
  Step filtering not needed (single numeric stepRange=3)
  Selected cycle: 20190305
Processing timestep: 201903052200
  Writing /home/lwestern/agage/meteorology/cfsv2/flexpart_inputs//GF19030522
  Trying cycle: 20190305
  Step filtering not needed (single numeric stepRange=4)
  Selected cycle: 20190305
Processing timestep: 201903052300
  Writing /home/lwestern/agage/meteorology/cfsv2/flexpart_inputs//GF19030523
  Trying cycle: 20190305
  Step filtering not needed (single numeric stepRange=5)
  Selected cycle: 20190305
Processing timestep: 201903060000
  Writing /home/lwestern/agage/meteorology/cfsv2/flexpart_inputs//GF19030600
  Trying cycle: 20190305
  Step filtering not needed (single numeric stepRange=6)
  Selected cycle: 20190305
Processing timestep: 201903070100
  Writing /home/lwestern/agage/meteorology/cfsv2/flexpart_inputs//GF19030701
  Trying cycle: 20190307
  Selected cycle: 20190305
Processing timestep: 201903070200
  WARNING: Missing ipvgrbh file for 201903070100 cycle 20190307 (continuing with pgrbh only)
  Writing /home/lwestern/agage/meteorology/cfsv2/flexpart_inputs//GF19030702
  Trying cycle: 20190307
  Step filtering not needed (single numeric stepRange=1)
  WARNING: Missing ipvgrbh file for 201903070200 cycle 20190307 (continuing with pgrbh only)
  Step filtering not needed (single numeric stepRange=2)
  Selected cycle: 20190305
Processing timestep: 201903070300
  Writing /home/lwestern/agage/meteorology/cfsv2/flexpart_inputs//GF19030703
  Trying cycle: 20190307
  WARNING: Missing ipvgrbh file for 201903070300 cycle 20190307 (continuing with pgrbh only)
  Step filtering not needed (single numeric stepRange=3)
  Selected cycle: 20190305
Processing timestep: 201903070400
  Writing /home/lwestern/agage/meteorology/cfsv2/flexpart_inputs//GF19030704
  Trying cycle: 20190307
  WARNING: Missing ipvgrbh file for 201903070400 cycle 20190307 (continuing with pgrbh only)
  Step filtering not needed (single numeric stepRange=4)
  Selected cycle: 20190305
Processing timestep: 201903070500
  Writing /home/lwestern/agage/meteorology/cfsv2/flexpart_inputs//GF19030705
  Trying cycle: 20190307
  WARNING: Missing ipvgrbh file for 201903070500 cycle 20190307 (continuing with pgrbh only)
  Step filtering not needed (single numeric stepRange=5)
  Selected cycle: 20190305
Processing timestep: 201903070600
  Writing /home/lwestern/agage/meteorology/cfsv2/flexpart_inputs//GF19030706
  Trying cycle: 20190307
  WARNING: Missing ipvgrbh file for 201903070600 cycle 20190307 (continuing with pgrbh only)
  Step filtering not needed (single numeric stepRange=6)
  Selected cycle: 20190305
Processing timestep: 201903070700
  Writing /home/lwestern/agage/meteorology/cfsv2/flexpart_inputs//GF19030707
  Trying cycle: 20190307
  WARNING: Missing ipvgrbh file for 201903070700 cycle 20190307 (continuing with pgrbh only)
  Step filtering not needed (single numeric stepRange=1)
  Selected cycle: 20190305
Processing timestep: 201903070800
  Writing /home/lwestern/agage/meteorology/cfsv2/flexpart_inputs//GF19030708
  Trying cycle: 20190307
  WARNING: Missing ipvgrbh file for 201903070800 cycle 20190307 (continuing with pgrbh only)
  Step filtering not needed (single numeric stepRange=2)
  Selected cycle: 20190307
Processing timestep: 201903070900
  Writing /home/lwestern/agage/meteorology/cfsv2/flexpart_inputs//GF19030709
  Trying cycle: 20190307
  WARNING: Missing ipvgrbh file for 201903070900 cycle 20190307 (continuing with pgrbh only)
  Step filtering not needed (single numeric stepRange=3)
  Selected cycle: 20190307
Processing timestep: 201903071000
  Writing /home/lwestern/agage/meteorology/cfsv2/flexpart_inputs//GF19030710
  Trying cycle: 20190307
  WARNING: Missing ipvgrbh file for 201903071000 cycle 20190307 (continuing with pgrbh only)
  Selected cycle: 20190307
Processing timestep: 201903071100
  Writing /home/lwestern/agage/meteorology/cfsv2/flexpart_inputs//GF19030711
  Trying cycle: 20190307
  Step filtering not needed (single numeric stepRange=4)
  WARNING: Missing ipvgrbh file for 201903071100 cycle 20190307 (continuing with pgrbh only)
  Step filtering not needed (single numeric stepRange=5)
  Selected cycle: 20190307
Processing timestep: 201903071200
  Writing /home/lwestern/agage/meteorology/cfsv2/flexpart_inputs//GF19030712
  Trying cycle: 20190307
  WARNING: Missing ipvgrbh file for 201903071200 cycle 20190307 (continuing with pgrbh only)
  Step filtering not needed (single numeric stepRange=6)
  Selected cycle: 20190307
Processing timestep: 201903071300
  Writing /home/lwestern/agage/meteorology/cfsv2/flexpart_inputs//GF19030713
  Trying cycle: 20190307
  Selected cycle: 20190307
Processing timestep: 201903071400
  Writing /home/lwestern/agage/meteorology/cfsv2/flexpart_inputs//GF19030714
  Trying cycle: 20190307
  WARNING: Missing ipvgrbh file for 201903071300 cycle 20190307 (continuing with pgrbh only)
  Step filtering not needed (single numeric stepRange=1)
  WARNING: Missing ipvgrbh file for 201903071400 cycle 20190307 (continuing with pgrbh only)
  Step filtering not needed (single numeric stepRange=2)
  Selected cycle: 20190307
Processing timestep: 201903071500
  Writing /home/lwestern/agage/meteorology/cfsv2/flexpart_inputs//GF19030715
  Trying cycle: 20190307
  WARNING: Missing ipvgrbh file for 201903071500 cycle 20190307 (continuing with pgrbh only)
  Step filtering not needed (single numeric stepRange=3)
  Selected cycle: 20190307
Processing timestep: 201903071600
  Writing /home/lwestern/agage/meteorology/cfsv2/flexpart_inputs//GF19030716
  Trying cycle: 20190307
  WARNING: Missing ipvgrbh file for 201903071600 cycle 20190307 (continuing with pgrbh only)
  Step filtering not needed (single numeric stepRange=4)
  Selected cycle: 20190307
Processing timestep: 201903071700
  Writing /home/lwestern/agage/meteorology/cfsv2/flexpart_inputs//GF19030717
  Trying cycle: 20190307
  WARNING: Missing ipvgrbh file for 201903071700 cycle 20190307 (continuing with pgrbh only)
  Step filtering not needed (single numeric stepRange=5)
  Selected cycle: 20190307
Processing timestep: 201903071800
  Selected cycle: 20190307
Processing timestep: 201903071900
  Writing /home/lwestern/agage/meteorology/cfsv2/flexpart_inputs//GF19030718
  Trying cycle: 20190307
  Writing /home/lwestern/agage/meteorology/cfsv2/flexpart_inputs//GF19030719
  Trying cycle: 20190307
  Selected cycle: 20190307
Processing timestep: 201903072000
  Writing /home/lwestern/agage/meteorology/cfsv2/flexpart_inputs//GF19030720
  Trying cycle: 20190307
  WARNING: Missing ipvgrbh file for 201903071800 cycle 20190307 (continuing with pgrbh only)
  WARNING: Missing ipvgrbh file for 201903071900 cycle 20190307 (continuing with pgrbh only)
  Step filtering not needed (single numeric stepRange=6)
  Step filtering not needed (single numeric stepRange=1)
  WARNING: Missing ipvgrbh file for 201903072000 cycle 20190307 (continuing with pgrbh only)
  Step filtering not needed (single numeric stepRange=2)
  Selected cycle: 20190307
Processing timestep: 201903072100
  Writing /home/lwestern/agage/meteorology/cfsv2/flexpart_inputs//GF19030721
  Trying cycle: 20190307
  WARNING: Missing ipvgrbh file for 201903072100 cycle 20190307 (continuing with pgrbh only)
  Selected cycle: 20190307
Processing timestep: 201903072200
  Writing /home/lwestern/agage/meteorology/cfsv2/flexpart_inputs//GF19030722
  Trying cycle: 20190307
  Step filtering not needed (single numeric stepRange=3)
  WARNING: Missing ipvgrbh file for 201903072200 cycle 20190307 (continuing with pgrbh only)
  Step filtering not needed (single numeric stepRange=4)
  Selected cycle: 20190307
Processing timestep: 201903072300
  Writing /home/lwestern/agage/meteorology/cfsv2/flexpart_inputs//GF19030723
  Trying cycle: 20190307
  WARNING: Missing ipvgrbh file for 201903072300 cycle 20190307 (continuing with pgrbh only)
  Step filtering not needed (single numeric stepRange=5)
  Selected cycle: 20190307
Processing timestep: 201903080000
  Writing /home/lwestern/agage/meteorology/cfsv2/flexpart_inputs//GF19030800
  Trying cycle: 20190307
  WARNING: Missing ipvgrbh file for 201903080000 cycle 20190307 (continuing with pgrbh only)
  Step filtering not needed (single numeric stepRange=6)
  Selected cycle: 20190307
Processing timestep: 201903100100
  Writing /home/lwestern/agage/meteorology/cfsv2/flexpart_inputs//GF19031001
  Trying cycle: 20190310
  WARNING: Missing ipvgrbh file for 201903100100 cycle 20190310 (continuing with pgrbh only)
  Step filtering not needed (single numeric stepRange=1)
  Selected cycle: 20190307
Processing timestep: 201903100200
  Writing /home/lwestern/agage/meteorology/cfsv2/flexpart_inputs//GF19031002
  Trying cycle: 20190310
  Selected cycle: 20190307
Processing timestep: 201903100300
  Writing /home/lwestern/agage/meteorology/cfsv2/flexpart_inputs//GF19031003
  Trying cycle: 20190310
  WARNING: Missing ipvgrbh file for 201903100200 cycle 20190310 (continuing with pgrbh only)
  Selected cycle: 20190307
Processing timestep: 201903100400
  Step filtering not needed (single numeric stepRange=2)
  Writing /home/lwestern/agage/meteorology/cfsv2/flexpart_inputs//GF19031004
  Trying cycle: 20190310
  WARNING: Missing ipvgrbh file for 201903100300 cycle 20190310 (continuing with pgrbh only)
  Step filtering not needed (single numeric stepRange=3)
  WARNING: Missing ipvgrbh file for 201903100400 cycle 20190310 (continuing with pgrbh only)
  Step filtering not needed (single numeric stepRange=4)
  Selected cycle: 20190307
Processing timestep: 201903100500
  Writing /home/lwestern/agage/meteorology/cfsv2/flexpart_inputs//GF19031005
  Trying cycle: 20190310
  Selected cycle: 20190307
Processing timestep: 201903100600
  Writing /home/lwestern/agage/meteorology/cfsv2/flexpart_inputs//GF19031006
  Trying cycle: 20190310
  WARNING: Missing ipvgrbh file for 201903100500 cycle 20190310 (continuing with pgrbh only)
  Step filtering not needed (single numeric stepRange=5)
  WARNING: Missing ipvgrbh file for 201903100600 cycle 20190310 (continuing with pgrbh only)
  Step filtering not needed (single numeric stepRange=6)
  Selected cycle: 20190307
Processing timestep: 201903100700
  Writing /home/lwestern/agage/meteorology/cfsv2/flexpart_inputs//GF19031007
  Trying cycle: 20190310
  WARNING: Missing ipvgrbh file for 201903100700 cycle 20190310 (continuing with pgrbh only)
  Step filtering not needed (single numeric stepRange=1)
  Selected cycle: 20190307
Processing timestep: 201903100800
  Writing /home/lwestern/agage/meteorology/cfsv2/flexpart_inputs//GF19031008
  Trying cycle: 20190310
  WARNING: Missing ipvgrbh file for 201903100800 cycle 20190310 (continuing with pgrbh only)
  Step filtering not needed (single numeric stepRange=2)
  Selected cycle: 20190310
Processing timestep: 201903100900
  Writing /home/lwestern/agage/meteorology/cfsv2/flexpart_inputs//GF19031009
  Trying cycle: 20190310
  WARNING: Missing ipvgrbh file for 201903100900 cycle 20190310 (continuing with pgrbh only)
  Step filtering not needed (single numeric stepRange=3)
  Selected cycle: 20190310
Processing timestep: 201903101000
  Writing /home/lwestern/agage/meteorology/cfsv2/flexpart_inputs//GF19031010
  Trying cycle: 20190310
  WARNING: Missing ipvgrbh file for 201903101000 cycle 20190310 (continuing with pgrbh only)
  Step filtering not needed (single numeric stepRange=4)
  Selected cycle: 20190310
Processing timestep: 201903101100
  Writing /home/lwestern/agage/meteorology/cfsv2/flexpart_inputs//GF19031011
  Trying cycle: 20190310
  Selected cycle: 20190310
Processing timestep: 201903101200
  Writing /home/lwestern/agage/meteorology/cfsv2/flexpart_inputs//GF19031012
  Trying cycle: 20190310
  WARNING: Missing ipvgrbh file for 201903101100 cycle 20190310 (continuing with pgrbh only)
  Step filtering not needed (single numeric stepRange=5)
  WARNING: Missing ipvgrbh file for 201903101200 cycle 20190310 (continuing with pgrbh only)
  Step filtering not needed (single numeric stepRange=6)
  Selected cycle: 20190310
Processing timestep: 201903101300
  Writing /home/lwestern/agage/meteorology/cfsv2/flexpart_inputs//GF19031013
  Trying cycle: 20190310
  Selected cycle: 20190310
Processing timestep: 201903101400
  Writing /home/lwestern/agage/meteorology/cfsv2/flexpart_inputs//GF19031014
  Trying cycle: 20190310
  WARNING: Missing ipvgrbh file for 201903101300 cycle 20190310 (continuing with pgrbh only)
  Step filtering not needed (single numeric stepRange=1)
  WARNING: Missing ipvgrbh file for 201903101400 cycle 20190310 (continuing with pgrbh only)
  Step filtering not needed (single numeric stepRange=2)
  Selected cycle: 20190310
Processing timestep: 201903101500
  Writing /home/lwestern/agage/meteorology/cfsv2/flexpart_inputs//GF19031015
  Trying cycle: 20190310
  WARNING: Missing ipvgrbh file for 201903101500 cycle 20190310 (continuing with pgrbh only)
  Step filtering not needed (single numeric stepRange=3)
  Selected cycle: 20190310
Processing timestep: 201903101600
  Writing /home/lwestern/agage/meteorology/cfsv2/flexpart_inputs//GF19031016
  Trying cycle: 20190310
  WARNING: Missing ipvgrbh file for 201903101600 cycle 20190310 (continuing with pgrbh only)
  Step filtering not needed (single numeric stepRange=4)
  Selected cycle: 20190310
Processing timestep: 201903101700
  Writing /home/lwestern/agage/meteorology/cfsv2/flexpart_inputs//GF19031017
  Trying cycle: 20190310
  WARNING: Missing ipvgrbh file for 201903101700 cycle 20190310 (continuing with pgrbh only)
  Step filtering not needed (single numeric stepRange=5)
  Selected cycle: 20190310
Processing timestep: 201903101800
  Writing /home/lwestern/agage/meteorology/cfsv2/flexpart_inputs//GF19031018
  Trying cycle: 20190310
  WARNING: Missing ipvgrbh file for 201903101800 cycle 20190310 (continuing with pgrbh only)
  Step filtering not needed (single numeric stepRange=6)
  Selected cycle: 20190310
Processing timestep: 201903101900
  Writing /home/lwestern/agage/meteorology/cfsv2/flexpart_inputs//GF19031019
  Trying cycle: 20190310
  WARNING: Missing ipvgrbh file for 201903101900 cycle 20190310 (continuing with pgrbh only)
  Step filtering not needed (single numeric stepRange=1)
  Selected cycle: 20190310
Processing timestep: 201903102000
  Writing /home/lwestern/agage/meteorology/cfsv2/flexpart_inputs//GF19031020
  Trying cycle: 20190310
  WARNING: Missing ipvgrbh file for 201903102000 cycle 20190310 (continuing with pgrbh only)
  Step filtering not needed (single numeric stepRange=2)
  Selected cycle: 20190310
Processing timestep: 201903102100
  Writing /home/lwestern/agage/meteorology/cfsv2/flexpart_inputs//GF19031021
  Selected cycle: 20190310
  Trying cycle: 20190310
Processing timestep: 201903102200
  Writing /home/lwestern/agage/meteorology/cfsv2/flexpart_inputs//GF19031022
  Trying cycle: 20190310
  WARNING: Missing ipvgrbh file for 201903102100 cycle 20190310 (continuing with pgrbh only)
  WARNING: Missing ipvgrbh file for 201903102200 cycle 20190310 (continuing with pgrbh only)
  Step filtering not needed (single numeric stepRange=3)
  Step filtering not needed (single numeric stepRange=4)
  Selected cycle: 20190310
Processing timestep: 201903102300
  Writing /home/lwestern/agage/meteorology/cfsv2/flexpart_inputs//GF19031023
  Trying cycle: 20190310
  WARNING: Missing ipvgrbh file for 201903102300 cycle 20190310 (continuing with pgrbh only)
  Step filtering not needed (single numeric stepRange=5)
  Selected cycle: 20190310
Processing timestep: 201903110000
  Writing /home/lwestern/agage/meteorology/cfsv2/flexpart_inputs//GF19031100
  Trying cycle: 20190310
  WARNING: Missing ipvgrbh file for 201903110000 cycle 20190310 (continuing with pgrbh only)
  Step filtering not needed (single numeric stepRange=6)
  Selected cycle: 20190310
Processing timestep: 201903130100
  Writing /home/lwestern/agage/meteorology/cfsv2/flexpart_inputs//GF19031301
  Trying cycle: 20190313
  WARNING: Missing ipvgrbh file for 201903130100 cycle 20190313 (continuing with pgrbh only)
  Step filtering not needed (single numeric stepRange=1)
  Selected cycle: 20190310
Processing timestep: 201903130200
  Writing /home/lwestern/agage/meteorology/cfsv2/flexpart_inputs//GF19031302
  Trying cycle: 20190313
  WARNING: Missing ipvgrbh file for 201903130200 cycle 20190313 (continuing with pgrbh only)
  Step filtering not needed (single numeric stepRange=2)
  Selected cycle: 20190310
Processing timestep: 201903130300
  Writing /home/lwestern/agage/meteorology/cfsv2/flexpart_inputs//GF19031303
  Trying cycle: 20190313
  WARNING: Missing ipvgrbh file for 201903130300 cycle 20190313 (continuing with pgrbh only)
  Step filtering not needed (single numeric stepRange=3)
  Selected cycle: 20190310
Processing timestep: 201903130400
  Writing /home/lwestern/agage/meteorology/cfsv2/flexpart_inputs//GF19031304
  Trying cycle: 20190313
  WARNING: Missing ipvgrbh file for 201903130400 cycle 20190313 (continuing with pgrbh only)
  Step filtering not needed (single numeric stepRange=4)
  Selected cycle: 20190310
Processing timestep: 201903130500
  Writing /home/lwestern/agage/meteorology/cfsv2/flexpart_inputs//GF19031305
  Trying cycle: 20190313
  WARNING: Missing ipvgrbh file for 201903130500 cycle 20190313 (continuing with pgrbh only)
  Step filtering not needed (single numeric stepRange=5)
  Selected cycle: 20190310
Processing timestep: 201903130600
  Writing /home/lwestern/agage/meteorology/cfsv2/flexpart_inputs//GF19031306
  Trying cycle: 20190313
  WARNING: Missing ipvgrbh file for 201903130600 cycle 20190313 (continuing with pgrbh only)
  Step filtering not needed (single numeric stepRange=6)
  Selected cycle: 20190310
Processing timestep: 201903130700
  Writing /home/lwestern/agage/meteorology/cfsv2/flexpart_inputs//GF19031307
  Trying cycle: 20190313
  WARNING: Missing ipvgrbh file for 201903130700 cycle 20190313 (continuing with pgrbh only)
  Step filtering not needed (single numeric stepRange=1)
  Selected cycle: 20190310
Processing timestep: 201903130800
  Writing /home/lwestern/agage/meteorology/cfsv2/flexpart_inputs//GF19031308
  Trying cycle: 20190313
  Selected cycle: 20190313
Processing timestep: 201903130900
  Writing /home/lwestern/agage/meteorology/cfsv2/flexpart_inputs//GF19031309
  Trying cycle: 20190313
  WARNING: Missing ipvgrbh file for 201903130800 cycle 20190313 (continuing with pgrbh only)
  Step filtering not needed (single numeric stepRange=2)
  WARNING: Missing ipvgrbh file for 201903130900 cycle 20190313 (continuing with pgrbh only)
  Step filtering not needed (single numeric stepRange=3)
  Selected cycle: 20190313
Processing timestep: 201903131000
  Writing /home/lwestern/agage/meteorology/cfsv2/flexpart_inputs//GF19031310
  Trying cycle: 20190313
  WARNING: Missing ipvgrbh file for 201903131000 cycle 20190313 (continuing with pgrbh only)
  Step filtering not needed (single numeric stepRange=4)
  Selected cycle: 20190313
Processing timestep: 201903131100
  Writing /home/lwestern/agage/meteorology/cfsv2/flexpart_inputs//GF19031311
  Trying cycle: 20190313
  WARNING: Missing ipvgrbh file for 201903131100 cycle 20190313 (continuing with pgrbh only)
  Step filtering not needed (single numeric stepRange=5)
  Selected cycle: 20190313
Processing timestep: 201903131200
  Writing /home/lwestern/agage/meteorology/cfsv2/flexpart_inputs//GF19031312
  Trying cycle: 20190313
  WARNING: Missing ipvgrbh file for 201903131200 cycle 20190313 (continuing with pgrbh only)
  Step filtering not needed (single numeric stepRange=6)
  Selected cycle: 20190313
Processing timestep: 201903131300
  Writing /home/lwestern/agage/meteorology/cfsv2/flexpart_inputs//GF19031313
  Trying cycle: 20190313
  WARNING: Missing ipvgrbh file for 201903131300 cycle 20190313 (continuing with pgrbh only)
  Step filtering not needed (single numeric stepRange=1)
  Selected cycle: 20190313
Processing timestep: 201903131400
  Writing /home/lwestern/agage/meteorology/cfsv2/flexpart_inputs//GF19031314
  Trying cycle: 20190313
  WARNING: Missing ipvgrbh file for 201903131400 cycle 20190313 (continuing with pgrbh only)
  Step filtering not needed (single numeric stepRange=2)
  Selected cycle: 20190313
Processing timestep: 201903131500
  Writing /home/lwestern/agage/meteorology/cfsv2/flexpart_inputs//GF19031315
  Trying cycle: 20190313
  WARNING: Missing ipvgrbh file for 201903131500 cycle 20190313 (continuing with pgrbh only)
  Step filtering not needed (single numeric stepRange=3)
  Selected cycle: 20190313
Processing timestep: 201903131600
  Writing /home/lwestern/agage/meteorology/cfsv2/flexpart_inputs//GF19031316
  Trying cycle: 20190313
  WARNING: Missing ipvgrbh file for 201903131600 cycle 20190313 (continuing with pgrbh only)
  Step filtering not needed (single numeric stepRange=4)
  Selected cycle: 20190313
Processing timestep: 201903131700
  Writing /home/lwestern/agage/meteorology/cfsv2/flexpart_inputs//GF19031317
  Trying cycle: 20190313
  WARNING: Missing ipvgrbh file for 201903131700 cycle 20190313 (continuing with pgrbh only)
  Step filtering not needed (single numeric stepRange=5)
  Selected cycle: 20190313
Processing timestep: 201903131800
  Writing /home/lwestern/agage/meteorology/cfsv2/flexpart_inputs//GF19031318
  Trying cycle: 20190313
  WARNING: Missing ipvgrbh file for 201903131800 cycle 20190313 (continuing with pgrbh only)
  Step filtering not needed (single numeric stepRange=6)
  Selected cycle: 20190313
Processing timestep: 201903131900
  Writing /home/lwestern/agage/meteorology/cfsv2/flexpart_inputs//GF19031319
  Trying cycle: 20190313
  WARNING: Missing ipvgrbh file for 201903131900 cycle 20190313 (continuing with pgrbh only)
  Step filtering not needed (single numeric stepRange=1)
  Selected cycle: 20190313
Processing timestep: 201903132000
  Writing /home/lwestern/agage/meteorology/cfsv2/flexpart_inputs//GF19031320
  Trying cycle: 20190313
  WARNING: Missing ipvgrbh file for 201903132000 cycle 20190313 (continuing with pgrbh only)
  Step filtering not needed (single numeric stepRange=2)
  Selected cycle: 20190313
Processing timestep: 201903132100
  Writing /home/lwestern/agage/meteorology/cfsv2/flexpart_inputs//GF19031321
  Trying cycle: 20190313
  WARNING: Missing ipvgrbh file for 201903132100 cycle 20190313 (continuing with pgrbh only)
  Step filtering not needed (single numeric stepRange=3)
  Selected cycle: 20190313
Processing timestep: 201903132200
  Writing /home/lwestern/agage/meteorology/cfsv2/flexpart_inputs//GF19031322
  Trying cycle: 20190313
  WARNING: Missing ipvgrbh file for 201903132200 cycle 20190313 (continuing with pgrbh only)
  Step filtering not needed (single numeric stepRange=4)
  Selected cycle: 20190313
Processing timestep: 201903132300
  Writing /home/lwestern/agage/meteorology/cfsv2/flexpart_inputs//GF19031323
  Trying cycle: 20190313
  WARNING: Missing ipvgrbh file for 201903132300 cycle 20190313 (continuing with pgrbh only)
  Step filtering not needed (single numeric stepRange=5)
  Selected cycle: 20190313
Processing timestep: 201903140000
  Writing /home/lwestern/agage/meteorology/cfsv2/flexpart_inputs//GF19031400
  Trying cycle: 20190313
  Selected cycle: 20190313
Processing timestep: 201903180100
  Writing /home/lwestern/agage/meteorology/cfsv2/flexpart_inputs//GF19031801
  Trying cycle: 20190318
  WARNING: Missing ipvgrbh file for 201903140000 cycle 20190313 (continuing with pgrbh only)
  Step filtering not needed (single numeric stepRange=6)
  Step filtering not needed (single numeric stepRange=1)
  Selected cycle: 20190313
Processing timestep: 201903180200
  Writing /home/lwestern/agage/meteorology/cfsv2/flexpart_inputs//GF19031802
  Trying cycle: 20190318
  Step filtering not needed (single numeric stepRange=2)
  Selected cycle: 20190313
Processing timestep: 201903180300
  Writing /home/lwestern/agage/meteorology/cfsv2/flexpart_inputs//GF19031803
  Trying cycle: 20190318
  Step filtering not needed (single numeric stepRange=3)
  Selected cycle: 20190313
Processing timestep: 201903180400
  Writing /home/lwestern/agage/meteorology/cfsv2/flexpart_inputs//GF19031804
  Trying cycle: 20190318
  Step filtering not needed (single numeric stepRange=4)
  Selected cycle: 20190313
Processing timestep: 201903180500
  Writing /home/lwestern/agage/meteorology/cfsv2/flexpart_inputs//GF19031805
  Trying cycle: 20190318
  Step filtering not needed (single numeric stepRange=5)
  Selected cycle: 20190313
Processing timestep: 201903180600
  Writing /home/lwestern/agage/meteorology/cfsv2/flexpart_inputs//GF19031806
  Trying cycle: 20190318
  Step filtering not needed (single numeric stepRange=6)
  Selected cycle: 20190313
Processing timestep: 201903180700
  Writing /home/lwestern/agage/meteorology/cfsv2/flexpart_inputs//GF19031807
  Trying cycle: 20190318
  Step filtering not needed (single numeric stepRange=1)
  Selected cycle: 20190313
Processing timestep: 201903180800
  Writing /home/lwestern/agage/meteorology/cfsv2/flexpart_inputs//GF19031808
  Trying cycle: 20190318
  Step filtering not needed (single numeric stepRange=2)
  Selected cycle: 20190318
Processing timestep: 201903180900
  Writing /home/lwestern/agage/meteorology/cfsv2/flexpart_inputs//GF19031809
  Trying cycle: 20190318
  Step filtering not needed (single numeric stepRange=3)
  Selected cycle: 20190318
Processing timestep: 201903181000
  Writing /home/lwestern/agage/meteorology/cfsv2/flexpart_inputs//GF19031810
  Trying cycle: 20190318
  Step filtering not needed (single numeric stepRange=4)
  Selected cycle: 20190318
Processing timestep: 201903181100
  Writing /home/lwestern/agage/meteorology/cfsv2/flexpart_inputs//GF19031811
  Trying cycle: 20190318
  Selected cycle: 20190318
Processing timestep: 201903181200
  Writing /home/lwestern/agage/meteorology/cfsv2/flexpart_inputs//GF19031812
  Trying cycle: 20190318
  Step filtering not needed (single numeric stepRange=5)
  Step filtering not needed (single numeric stepRange=6)
  Selected cycle: 20190318
Processing timestep: 201903181300
  Writing /home/lwestern/agage/meteorology/cfsv2/flexpart_inputs//GF19031813
  Trying cycle: 20190318
  Step filtering not needed (single numeric stepRange=1)
  Selected cycle: 20190318
Processing timestep: 201903181400
  Writing /home/lwestern/agage/meteorology/cfsv2/flexpart_inputs//GF19031814
  Trying cycle: 20190318
  Step filtering not needed (single numeric stepRange=2)
  Selected cycle: 20190318
Processing timestep: 201903181500
  Writing /home/lwestern/agage/meteorology/cfsv2/flexpart_inputs//GF19031815
  Trying cycle: 20190318
  Step filtering not needed (single numeric stepRange=3)
  Selected cycle: 20190318
Processing timestep: 201903181600
  Writing /home/lwestern/agage/meteorology/cfsv2/flexpart_inputs//GF19031816
  Trying cycle: 20190318
  Step filtering not needed (single numeric stepRange=4)
  Selected cycle: 20190318
Processing timestep: 201903181700
  Writing /home/lwestern/agage/meteorology/cfsv2/flexpart_inputs//GF19031817
  Trying cycle: 20190318
  Step filtering not needed (single numeric stepRange=5)
  Selected cycle: 20190318
Processing timestep: 201903181800
  Writing /home/lwestern/agage/meteorology/cfsv2/flexpart_inputs//GF19031818
  Trying cycle: 20190318
  Step filtering not needed (single numeric stepRange=6)
  Selected cycle: 20190318
Processing timestep: 201903181900
  Writing /home/lwestern/agage/meteorology/cfsv2/flexpart_inputs//GF19031819
  Trying cycle: 20190318
  Step filtering not needed (single numeric stepRange=1)
  Selected cycle: 20190318
Processing timestep: 201903182000
  Writing /home/lwestern/agage/meteorology/cfsv2/flexpart_inputs//GF19031820
  Trying cycle: 20190318
  Selected cycle: 20190318
Processing timestep: 201903182100
  Writing /home/lwestern/agage/meteorology/cfsv2/flexpart_inputs//GF19031821
  Trying cycle: 20190318
  Step filtering not needed (single numeric stepRange=2)
  Step filtering not needed (single numeric stepRange=3)
  Selected cycle: 20190318
Processing timestep: 201903182200
  Writing /home/lwestern/agage/meteorology/cfsv2/flexpart_inputs//GF19031822
  Trying cycle: 20190318
  Step filtering not needed (single numeric stepRange=4)
  Selected cycle: 20190318
Processing timestep: 201903182300
  Writing /home/lwestern/agage/meteorology/cfsv2/flexpart_inputs//GF19031823
  Trying cycle: 20190318
  Step filtering not needed (single numeric stepRange=5)
  Selected cycle: 20190318
Processing timestep: 201903190000
  Writing /home/lwestern/agage/meteorology/cfsv2/flexpart_inputs//GF19031900
  Trying cycle: 20190318
  Step filtering not needed (single numeric stepRange=6)
  Selected cycle: 20190318
Processing timestep: 201903200100
  Writing /home/lwestern/agage/meteorology/cfsv2/flexpart_inputs//GF19032001
  Trying cycle: 20190320
  Step filtering not needed (single numeric stepRange=1)
  Selected cycle: 20190318
Processing timestep: 201903200200
  Writing /home/lwestern/agage/meteorology/cfsv2/flexpart_inputs//GF19032002
  Trying cycle: 20190320
  Step filtering not needed (single numeric stepRange=2)
  Selected cycle: 20190318
Processing timestep: 201903200300
  Writing /home/lwestern/agage/meteorology/cfsv2/flexpart_inputs//GF19032003
  Trying cycle: 20190320
  Step filtering not needed (single numeric stepRange=3)
  Selected cycle: 20190318
Processing timestep: 201903200400
  Writing /home/lwestern/agage/meteorology/cfsv2/flexpart_inputs//GF19032004
  Trying cycle: 20190320
  Selected cycle: 20190318
Processing timestep: 201903200500
  Writing /home/lwestern/agage/meteorology/cfsv2/flexpart_inputs//GF19032005
  Trying cycle: 20190320
  Step filtering not needed (single numeric stepRange=4)
  Selected cycle: 20190318
Processing timestep: 201903200600
  Writing /home/lwestern/agage/meteorology/cfsv2/flexpart_inputs//GF19032006
  Trying cycle: 20190320
  Step filtering not needed (single numeric stepRange=5)
  Step filtering not needed (single numeric stepRange=6)
  Selected cycle: 20190318
Processing timestep: 201903200700
  Writing /home/lwestern/agage/meteorology/cfsv2/flexpart_inputs//GF19032007
  Trying cycle: 20190320
  Step filtering not needed (single numeric stepRange=1)
  Selected cycle: 20190318
Processing timestep: 201903200800
  Writing /home/lwestern/agage/meteorology/cfsv2/flexpart_inputs//GF19032008
  Trying cycle: 20190320
  Step filtering not needed (single numeric stepRange=2)
  Selected cycle: 20190320
Processing timestep: 201903200900
  Writing /home/lwestern/agage/meteorology/cfsv2/flexpart_inputs//GF19032009
  Trying cycle: 20190320
  Step filtering not needed (single numeric stepRange=3)
  Selected cycle: 20190320
Processing timestep: 201903201000
  Writing /home/lwestern/agage/meteorology/cfsv2/flexpart_inputs//GF19032010
  Trying cycle: 20190320
  Step filtering not needed (single numeric stepRange=4)
  Selected cycle: 20190320
Processing timestep: 201903201100
  Writing /home/lwestern/agage/meteorology/cfsv2/flexpart_inputs//GF19032011
  Trying cycle: 20190320
  Step filtering not needed (single numeric stepRange=5)
  Selected cycle: 20190320
Processing timestep: 201903201200
  Writing /home/lwestern/agage/meteorology/cfsv2/flexpart_inputs//GF19032012
  Trying cycle: 20190320
  Selected cycle: 20190320
Processing timestep: 201903201300
  Writing /home/lwestern/agage/meteorology/cfsv2/flexpart_inputs//GF19032013
  Trying cycle: 20190320
  Selected cycle: 20190320
Processing timestep: 201903201400
  Writing /home/lwestern/agage/meteorology/cfsv2/flexpart_inputs//GF19032014
  Step filtering not needed (single numeric stepRange=6)
  Trying cycle: 20190320
  Step filtering not needed (single numeric stepRange=1)
  Step filtering not needed (single numeric stepRange=2)
  Selected cycle: 20190320
Processing timestep: 201903201500
  Writing /home/lwestern/agage/meteorology/cfsv2/flexpart_inputs//GF19032015
  Trying cycle: 20190320
  Step filtering not needed (single numeric stepRange=3)
  Selected cycle: 20190320
Processing timestep: 201903201600
  Writing /home/lwestern/agage/meteorology/cfsv2/flexpart_inputs//GF19032016
  Trying cycle: 20190320
  Step filtering not needed (single numeric stepRange=4)
  Selected cycle: 20190320
Processing timestep: 201903201700
  Writing /home/lwestern/agage/meteorology/cfsv2/flexpart_inputs//GF19032017
  Trying cycle: 20190320
  Step filtering not needed (single numeric stepRange=5)
  Selected cycle: 20190320
Processing timestep: 201903201800
  Writing /home/lwestern/agage/meteorology/cfsv2/flexpart_inputs//GF19032018
  Trying cycle: 20190320
  Step filtering not needed (single numeric stepRange=6)
  Selected cycle: 20190320
Processing timestep: 201903201900
  Writing /home/lwestern/agage/meteorology/cfsv2/flexpart_inputs//GF19032019
  Trying cycle: 20190320
  Step filtering not needed (single numeric stepRange=1)
  Selected cycle: 20190320
Processing timestep: 201903202000
  Writing /home/lwestern/agage/meteorology/cfsv2/flexpart_inputs//GF19032020
  Trying cycle: 20190320
  Selected cycle: 20190320
Processing timestep: 201903202100
  Writing /home/lwestern/agage/meteorology/cfsv2/flexpart_inputs//GF19032021
  Trying cycle: 20190320
  Step filtering not needed (single numeric stepRange=2)
  Step filtering not needed (single numeric stepRange=3)
  Selected cycle: 20190320
Processing timestep: 201903202200
  Writing /home/lwestern/agage/meteorology/cfsv2/flexpart_inputs//GF19032022
  Trying cycle: 20190320
  Selected cycle: 20190320
Processing timestep: 201903202300
  Writing /home/lwestern/agage/meteorology/cfsv2/flexpart_inputs//GF19032023
  Trying cycle: 20190320
  Step filtering not needed (single numeric stepRange=4)
  Step filtering not needed (single numeric stepRange=5)
  Selected cycle: 20190320
Processing timestep: 201903210000
  Writing /home/lwestern/agage/meteorology/cfsv2/flexpart_inputs//GF19032100
  Trying cycle: 20190320
  Selected cycle: 20190320
Processing timestep: 201903210100
  Writing /home/lwestern/agage/meteorology/cfsv2/flexpart_inputs//GF19032101
  Trying cycle: 20190321
  Step filtering not needed (single numeric stepRange=6)
  Step filtering not needed (single numeric stepRange=1)
  Selected cycle: 20190320
Processing timestep: 201903210200
  Writing /home/lwestern/agage/meteorology/cfsv2/flexpart_inputs//GF19032102
  Trying cycle: 20190321
  Step filtering not needed (single numeric stepRange=2)
  Selected cycle: 20190320
Processing timestep: 201903210300
  Writing /home/lwestern/agage/meteorology/cfsv2/flexpart_inputs//GF19032103
  Trying cycle: 20190321
  Step filtering not needed (single numeric stepRange=3)
  Selected cycle: 20190320
Processing timestep: 201903210400
  Writing /home/lwestern/agage/meteorology/cfsv2/flexpart_inputs//GF19032104
  Trying cycle: 20190321
  Selected cycle: 20190320
Processing timestep: 201903210500
  Writing /home/lwestern/agage/meteorology/cfsv2/flexpart_inputs//GF19032105
  Trying cycle: 20190321
  Step filtering not needed (single numeric stepRange=4)
  Selected cycle: 20190320
Processing timestep: 201903210600
  Writing /home/lwestern/agage/meteorology/cfsv2/flexpart_inputs//GF19032106
  Trying cycle: 20190321
  Selected cycle: 20190320
Processing timestep: 201903210700
  Writing /home/lwestern/agage/meteorology/cfsv2/flexpart_inputs//GF19032107
  Trying cycle: 20190321
  Step filtering not needed (single numeric stepRange=5)
  Step filtering not needed (single numeric stepRange=6)
  Step filtering not needed (single numeric stepRange=1)
  Selected cycle: 20190321
Processing timestep: 201903210800
  Writing /home/lwestern/agage/meteorology/cfsv2/flexpart_inputs//GF19032108
  Trying cycle: 20190321
  Step filtering not needed (single numeric stepRange=2)
  Selected cycle: 20190320
Processing timestep: 201903210900
  Writing /home/lwestern/agage/meteorology/cfsv2/flexpart_inputs//GF19032109
  Trying cycle: 20190321
  Step filtering not needed (single numeric stepRange=3)
  Selected cycle: 20190321
Processing timestep: 201903211000
  Writing /home/lwestern/agage/meteorology/cfsv2/flexpart_inputs//GF19032110
  Trying cycle: 20190321
  Step filtering not needed (single numeric stepRange=4)
  Selected cycle: 20190321
Processing timestep: 201903211100
  Writing /home/lwestern/agage/meteorology/cfsv2/flexpart_inputs//GF19032111
  Trying cycle: 20190321
  Step filtering not needed (single numeric stepRange=5)
  Selected cycle: 20190321
Processing timestep: 201903211200
  Writing /home/lwestern/agage/meteorology/cfsv2/flexpart_inputs//GF19032112
  Trying cycle: 20190321
  Step filtering not needed (single numeric stepRange=6)
  Selected cycle: 20190321
Processing timestep: 201903211300
  Writing /home/lwestern/agage/meteorology/cfsv2/flexpart_inputs//GF19032113
  Trying cycle: 20190321
  Step filtering not needed (single numeric stepRange=1)
  Selected cycle: 20190321
Processing timestep: 201903211400
  Writing /home/lwestern/agage/meteorology/cfsv2/flexpart_inputs//GF19032114
  Trying cycle: 20190321
  Step filtering not needed (single numeric stepRange=2)
  Selected cycle: 20190321
Processing timestep: 201903211500
  Writing /home/lwestern/agage/meteorology/cfsv2/flexpart_inputs//GF19032115
  Trying cycle: 20190321
  Step filtering not needed (single numeric stepRange=3)
  Selected cycle: 20190321
Processing timestep: 201903211600
  Writing /home/lwestern/agage/meteorology/cfsv2/flexpart_inputs//GF19032116
  Trying cycle: 20190321
  Step filtering not needed (single numeric stepRange=4)
  Selected cycle: 20190321
Processing timestep: 201903211700
  Writing /home/lwestern/agage/meteorology/cfsv2/flexpart_inputs//GF19032117
  Trying cycle: 20190321
  Step filtering not needed (single numeric stepRange=5)
  Selected cycle: 20190321
Processing timestep: 201903211800
  Writing /home/lwestern/agage/meteorology/cfsv2/flexpart_inputs//GF19032118
  Trying cycle: 20190321
  Step filtering not needed (single numeric stepRange=6)
  Selected cycle: 20190321
Processing timestep: 201903211900
  Writing /home/lwestern/agage/meteorology/cfsv2/flexpart_inputs//GF19032119
  Trying cycle: 20190321
  Step filtering not needed (single numeric stepRange=1)
  Selected cycle: 20190321
Processing timestep: 201903212000
  Writing /home/lwestern/agage/meteorology/cfsv2/flexpart_inputs//GF19032120
  Trying cycle: 20190321
  Selected cycle: 20190321
Processing timestep: 201903212100
  Step filtering not needed (single numeric stepRange=2)
  Writing /home/lwestern/agage/meteorology/cfsv2/flexpart_inputs//GF19032121
  Trying cycle: 20190321
  Step filtering not needed (single numeric stepRange=3)
  Selected cycle: 20190321
Processing timestep: 201903212200
  Writing /home/lwestern/agage/meteorology/cfsv2/flexpart_inputs//GF19032122
  Trying cycle: 20190321
  Selected cycle: 20190321
Processing timestep: 201903212300
  Writing /home/lwestern/agage/meteorology/cfsv2/flexpart_inputs//GF19032123
  Trying cycle: 20190321
  Step filtering not needed (single numeric stepRange=4)
  Step filtering not needed (single numeric stepRange=5)
  Selected cycle: 20190321
Processing timestep: 201903220000
  Writing /home/lwestern/agage/meteorology/cfsv2/flexpart_inputs//GF19032200
  Trying cycle: 20190321
  Step filtering not needed (single numeric stepRange=6)
  Selected cycle: 20190321
Processing timestep: 201903260100
  Writing /home/lwestern/agage/meteorology/cfsv2/flexpart_inputs//GF19032601
  Trying cycle: 20190326
  Step filtering not needed (single numeric stepRange=1)
  Selected cycle: 20190321
Processing timestep: 201903260200
  Writing /home/lwestern/agage/meteorology/cfsv2/flexpart_inputs//GF19032602
  Trying cycle: 20190326
  Step filtering not needed (single numeric stepRange=2)
  Selected cycle: 20190321
Processing timestep: 201903260300
  Writing /home/lwestern/agage/meteorology/cfsv2/flexpart_inputs//GF19032603
  Trying cycle: 20190326
  Step filtering not needed (single numeric stepRange=3)
  Selected cycle: 20190321
Processing timestep: 201903260400
  Writing /home/lwestern/agage/meteorology/cfsv2/flexpart_inputs//GF19032604
  Trying cycle: 20190326
  Step filtering not needed (single numeric stepRange=4)
  Selected cycle: 20190321
Processing timestep: 201903260500
  Writing /home/lwestern/agage/meteorology/cfsv2/flexpart_inputs//GF19032605
  Trying cycle: 20190326
  Selected cycle: 20190321
Processing timestep: 201903260600
  Writing /home/lwestern/agage/meteorology/cfsv2/flexpart_inputs//GF19032606
  Trying cycle: 20190326
  Step filtering not needed (single numeric stepRange=5)
  Step filtering not needed (single numeric stepRange=6)
  Selected cycle: 20190321
Processing timestep: 201903260700
  Writing /home/lwestern/agage/meteorology/cfsv2/flexpart_inputs//GF19032607
  Trying cycle: 20190326
  Step filtering not needed (single numeric stepRange=1)
  Selected cycle: 20190321
Processing timestep: 201903260800
  Writing /home/lwestern/agage/meteorology/cfsv2/flexpart_inputs//GF19032608
  Trying cycle: 20190326
  Step filtering not needed (single numeric stepRange=2)
  Selected cycle: 20190326
Processing timestep: 201903260900
  Writing /home/lwestern/agage/meteorology/cfsv2/flexpart_inputs//GF19032609
  Trying cycle: 20190326
  Step filtering not needed (single numeric stepRange=3)
  Selected cycle: 20190326
Processing timestep: 201903261000
  Writing /home/lwestern/agage/meteorology/cfsv2/flexpart_inputs//GF19032610
  Trying cycle: 20190326
  Step filtering not needed (single numeric stepRange=4)
  Selected cycle: 20190326
Processing timestep: 201903261100
  Writing /home/lwestern/agage/meteorology/cfsv2/flexpart_inputs//GF19032611
  Trying cycle: 20190326
  Step filtering not needed (single numeric stepRange=5)
  Selected cycle: 20190326
Processing timestep: 201903261200
  Writing /home/lwestern/agage/meteorology/cfsv2/flexpart_inputs//GF19032612
  Trying cycle: 20190326
  Step filtering not needed (single numeric stepRange=6)
  Selected cycle: 20190326
Processing timestep: 201903261300
  Writing /home/lwestern/agage/meteorology/cfsv2/flexpart_inputs//GF19032613
  Trying cycle: 20190326
  Step filtering not needed (single numeric stepRange=1)
  Selected cycle: 20190326
Processing timestep: 201903261400
  Writing /home/lwestern/agage/meteorology/cfsv2/flexpart_inputs//GF19032614
  Trying cycle: 20190326
  Step filtering not needed (single numeric stepRange=2)
  Selected cycle: 20190326
Processing timestep: 201903261500
  Writing /home/lwestern/agage/meteorology/cfsv2/flexpart_inputs//GF19032615
  Trying cycle: 20190326
  Step filtering not needed (single numeric stepRange=3)
  Selected cycle: 20190326
Processing timestep: 201903261600
  Writing /home/lwestern/agage/meteorology/cfsv2/flexpart_inputs//GF19032616
  Trying cycle: 20190326
  Step filtering not needed (single numeric stepRange=4)
  Selected cycle: 20190326
Processing timestep: 201903261700
  Writing /home/lwestern/agage/meteorology/cfsv2/flexpart_inputs//GF19032617
  Trying cycle: 20190326
  Step filtering not needed (single numeric stepRange=5)
  Selected cycle: 20190326
Processing timestep: 201903261800
  Writing /home/lwestern/agage/meteorology/cfsv2/flexpart_inputs//GF19032618
  Trying cycle: 20190326
  Step filtering not needed (single numeric stepRange=6)
  Selected cycle: 20190326
Processing timestep: 201903261900
  Writing /home/lwestern/agage/meteorology/cfsv2/flexpart_inputs//GF19032619
  Trying cycle: 20190326
  Step filtering not needed (single numeric stepRange=1)
  Selected cycle: 20190326
Processing timestep: 201903262000
  Writing /home/lwestern/agage/meteorology/cfsv2/flexpart_inputs//GF19032620
  Trying cycle: 20190326
  Step filtering not needed (single numeric stepRange=2)
  Selected cycle: 20190326
Processing timestep: 201903262100
  Writing /home/lwestern/agage/meteorology/cfsv2/flexpart_inputs//GF19032621
  Trying cycle: 20190326
  Step filtering not needed (single numeric stepRange=3)
  Selected cycle: 20190326
Processing timestep: 201903262200
  Writing /home/lwestern/agage/meteorology/cfsv2/flexpart_inputs//GF19032622
  Trying cycle: 20190326
  Selected cycle: 20190326
Processing timestep: 201903262300
  Writing /home/lwestern/agage/meteorology/cfsv2/flexpart_inputs//GF19032623
  Trying cycle: 20190326
  Step filtering not needed (single numeric stepRange=4)
  Step filtering not needed (single numeric stepRange=5)
  Selected cycle: 20190326
Processing timestep: 201903270000
  Writing /home/lwestern/agage/meteorology/cfsv2/flexpart_inputs//GF19032700
  Trying cycle: 20190326
  Selected cycle: 20190326
Processing timestep: 201903270100
  Writing /home/lwestern/agage/meteorology/cfsv2/flexpart_inputs//GF19032701
  Trying cycle: 20190327
  Step filtering not needed (single numeric stepRange=6)
  Step filtering not needed (single numeric stepRange=1)
  Selected cycle: 20190326
Processing timestep: 201903270200
  Writing /home/lwestern/agage/meteorology/cfsv2/flexpart_inputs//GF19032702
  Trying cycle: 20190327
  Step filtering not needed (single numeric stepRange=2)
  Selected cycle: 20190326
Processing timestep: 201903270300
  Writing /home/lwestern/agage/meteorology/cfsv2/flexpart_inputs//GF19032703
  Trying cycle: 20190327
  Step filtering not needed (single numeric stepRange=3)
  Selected cycle: 20190326
Processing timestep: 201903270400
  Writing /home/lwestern/agage/meteorology/cfsv2/flexpart_inputs//GF19032704
  Trying cycle: 20190327
  Step filtering not needed (single numeric stepRange=4)
  Selected cycle: 20190326
Processing timestep: 201903270500
  Writing /home/lwestern/agage/meteorology/cfsv2/flexpart_inputs//GF19032705
  Trying cycle: 20190327
  Step filtering not needed (single numeric stepRange=5)
  Selected cycle: 20190326
Processing timestep: 201903270600
  Writing /home/lwestern/agage/meteorology/cfsv2/flexpart_inputs//GF19032706
  Trying cycle: 20190327
  Step filtering not needed (single numeric stepRange=6)
  Selected cycle: 20190326
Processing timestep: 201903270700
  Writing /home/lwestern/agage/meteorology/cfsv2/flexpart_inputs//GF19032707
  Trying cycle: 20190327
  Step filtering not needed (single numeric stepRange=1)
  Selected cycle: 20190326
Processing timestep: 201903270800
  Writing /home/lwestern/agage/meteorology/cfsv2/flexpart_inputs//GF19032708
  Trying cycle: 20190327
  Step filtering not needed (single numeric stepRange=2)
  Selected cycle: 20190327
Processing timestep: 201903270900
  Writing /home/lwestern/agage/meteorology/cfsv2/flexpart_inputs//GF19032709
  Trying cycle: 20190327
  Step filtering not needed (single numeric stepRange=3)
  Selected cycle: 20190327
Processing timestep: 201903271000
  Writing /home/lwestern/agage/meteorology/cfsv2/flexpart_inputs//GF19032710
  Trying cycle: 20190327
  Step filtering not needed (single numeric stepRange=4)
  Selected cycle: 20190327
Processing timestep: 201903271100
  Writing /home/lwestern/agage/meteorology/cfsv2/flexpart_inputs//GF19032711
  Trying cycle: 20190327
  Step filtering not needed (single numeric stepRange=5)
  Selected cycle: 20190327
Processing timestep: 201903271200
  Writing /home/lwestern/agage/meteorology/cfsv2/flexpart_inputs//GF19032712
  Trying cycle: 20190327
  Step filtering not needed (single numeric stepRange=6)
  Selected cycle: 20190327
Processing timestep: 201903271300
  Writing /home/lwestern/agage/meteorology/cfsv2/flexpart_inputs//GF19032713
  Trying cycle: 20190327
  Selected cycle: 20190327
Processing timestep: 201903271400
  Writing /home/lwestern/agage/meteorology/cfsv2/flexpart_inputs//GF19032714
  Trying cycle: 20190327
  Step filtering not needed (single numeric stepRange=1)
  Step filtering not needed (single numeric stepRange=2)
  Selected cycle: 20190327
Processing timestep: 201903271500
  Writing /home/lwestern/agage/meteorology/cfsv2/flexpart_inputs//GF19032715
  Trying cycle: 20190327
  Step filtering not needed (single numeric stepRange=3)
  Selected cycle: 20190327
Processing timestep: 201903271600
  Writing /home/lwestern/agage/meteorology/cfsv2/flexpart_inputs//GF19032716
  Trying cycle: 20190327
  Selected cycle: 20190327
Processing timestep: 201903271700
  Writing /home/lwestern/agage/meteorology/cfsv2/flexpart_inputs//GF19032717
  Trying cycle: 20190327
  Step filtering not needed (single numeric stepRange=4)
  Step filtering not needed (single numeric stepRange=5)
  Selected cycle: 20190327
Processing timestep: 201903271800
  Writing /home/lwestern/agage/meteorology/cfsv2/flexpart_inputs//GF19032718
  Trying cycle: 20190327
  Step filtering not needed (single numeric stepRange=6)
  Selected cycle: 20190327
Processing timestep: 201903271900
  Writing /home/lwestern/agage/meteorology/cfsv2/flexpart_inputs//GF19032719
  Trying cycle: 20190327
  Step filtering not needed (single numeric stepRange=1)
  Selected cycle: 20190327
Processing timestep: 201903272000
  Writing /home/lwestern/agage/meteorology/cfsv2/flexpart_inputs//GF19032720
  Trying cycle: 20190327
  Step filtering not needed (single numeric stepRange=2)
  Selected cycle: 20190327
Processing timestep: 201903272100
  Writing /home/lwestern/agage/meteorology/cfsv2/flexpart_inputs//GF19032721
  Trying cycle: 20190327
  Step filtering not needed (single numeric stepRange=3)
  Selected cycle: 20190327
Processing timestep: 201903272200
  Writing /home/lwestern/agage/meteorology/cfsv2/flexpart_inputs//GF19032722
  Trying cycle: 20190327
  Step filtering not needed (single numeric stepRange=4)
  Selected cycle: 20190327
Processing timestep: 201903272300
  Writing /home/lwestern/agage/meteorology/cfsv2/flexpart_inputs//GF19032723
  Trying cycle: 20190327
  Step filtering not needed (single numeric stepRange=5)
  Selected cycle: 20190327
Processing timestep: 201903280000
  Writing /home/lwestern/agage/meteorology/cfsv2/flexpart_inputs//GF19032800
  Trying cycle: 20190327
  Step filtering not needed (single numeric stepRange=6)
  Selected cycle: 20190327
Processing timestep: 201904010100
  Writing /home/lwestern/agage/meteorology/cfsv2/flexpart_inputs//GF19040101
  Trying cycle: 20190401
  WARNING: Missing ipvgrbh file for 201904010100 cycle 20190401 (continuing with pgrbh only)
  Step filtering not needed (single numeric stepRange=1)
  Selected cycle: 20190327
Processing timestep: 201904010200
  Writing /home/lwestern/agage/meteorology/cfsv2/flexpart_inputs//GF19040102
  Trying cycle: 20190401
  WARNING: Missing ipvgrbh file for 201904010200 cycle 20190401 (continuing with pgrbh only)
  Step filtering not needed (single numeric stepRange=2)
  Selected cycle: 20190327
Processing timestep: 201904010300
  Writing /home/lwestern/agage/meteorology/cfsv2/flexpart_inputs//GF19040103
  Trying cycle: 20190401
  WARNING: Missing ipvgrbh file for 201904010300 cycle 20190401 (continuing with pgrbh only)
  Step filtering not needed (single numeric stepRange=3)
  Selected cycle: 20190327
Processing timestep: 201904010400
  Writing /home/lwestern/agage/meteorology/cfsv2/flexpart_inputs//GF19040104
  Trying cycle: 20190401
  WARNING: Missing ipvgrbh file for 201904010400 cycle 20190401 (continuing with pgrbh only)
  Step filtering not needed (single numeric stepRange=4)
  Selected cycle: 20190327
Processing timestep: 201904010500
  Writing /home/lwestern/agage/meteorology/cfsv2/flexpart_inputs//GF19040105
  Trying cycle: 20190401
  WARNING: Missing ipvgrbh file for 201904010500 cycle 20190401 (continuing with pgrbh only)
  Step filtering not needed (single numeric stepRange=5)
  Selected cycle: 20190327
Processing timestep: 201904010600
  Writing /home/lwestern/agage/meteorology/cfsv2/flexpart_inputs//GF19040106
  Trying cycle: 20190401
  WARNING: Missing ipvgrbh file for 201904010600 cycle 20190401 (continuing with pgrbh only)
  Step filtering not needed (single numeric stepRange=6)
  Selected cycle: 20190327
Processing timestep: 201904010700
  Writing /home/lwestern/agage/meteorology/cfsv2/flexpart_inputs//GF19040107
  Trying cycle: 20190401
  WARNING: Missing ipvgrbh file for 201904010700 cycle 20190401 (continuing with pgrbh only)
  Step filtering not needed (single numeric stepRange=1)
  Selected cycle: 20190327
Processing timestep: 201904010800
  Writing /home/lwestern/agage/meteorology/cfsv2/flexpart_inputs//GF19040108
  Trying cycle: 20190401
  WARNING: Missing ipvgrbh file for 201904010800 cycle 20190401 (continuing with pgrbh only)
  Step filtering not needed (single numeric stepRange=2)
  Selected cycle: 20190401
Processing timestep: 201904010900
  Writing /home/lwestern/agage/meteorology/cfsv2/flexpart_inputs//GF19040109
  Trying cycle: 20190401
  Selected cycle: 20190401
Processing timestep: 201904011000
  Writing /home/lwestern/agage/meteorology/cfsv2/flexpart_inputs//GF19040110
  Trying cycle: 20190401
  WARNING: Missing ipvgrbh file for 201904010900 cycle 20190401 (continuing with pgrbh only)
  Step filtering not needed (single numeric stepRange=3)
  WARNING: Missing ipvgrbh file for 201904011000 cycle 20190401 (continuing with pgrbh only)
  Step filtering not needed (single numeric stepRange=4)
  Selected cycle: 20190401
Processing timestep: 201904011100
  Writing /home/lwestern/agage/meteorology/cfsv2/flexpart_inputs//GF19040111
  Trying cycle: 20190401
  WARNING: Missing ipvgrbh file for 201904011100 cycle 20190401 (continuing with pgrbh only)
  Step filtering not needed (single numeric stepRange=5)
  Selected cycle: 20190401
Processing timestep: 201904011200
  Writing /home/lwestern/agage/meteorology/cfsv2/flexpart_inputs//GF19040112
  Trying cycle: 20190401
  WARNING: Missing ipvgrbh file for 201904011200 cycle 20190401 (continuing with pgrbh only)
  Step filtering not needed (single numeric stepRange=6)
  Selected cycle: 20190401
Processing timestep: 201904011300
  Writing /home/lwestern/agage/meteorology/cfsv2/flexpart_inputs//GF19040113
  Trying cycle: 20190401
  WARNING: Missing ipvgrbh file for 201904011300 cycle 20190401 (continuing with pgrbh only)
  Step filtering not needed (single numeric stepRange=1)
  Selected cycle: 20190401
Processing timestep: 201904011400
  Writing /home/lwestern/agage/meteorology/cfsv2/flexpart_inputs//GF19040114
  Trying cycle: 20190401
  WARNING: Missing ipvgrbh file for 201904011400 cycle 20190401 (continuing with pgrbh only)
  Step filtering not needed (single numeric stepRange=2)
  Selected cycle: 20190401
Processing timestep: 201904011500
  Writing /home/lwestern/agage/meteorology/cfsv2/flexpart_inputs//GF19040115
  Trying cycle: 20190401
  WARNING: Missing ipvgrbh file for 201904011500 cycle 20190401 (continuing with pgrbh only)
  Step filtering not needed (single numeric stepRange=3)
  Selected cycle: 20190401
Processing timestep: 201904011600
  Writing /home/lwestern/agage/meteorology/cfsv2/flexpart_inputs//GF19040116
  Trying cycle: 20190401
  WARNING: Missing ipvgrbh file for 201904011600 cycle 20190401 (continuing with pgrbh only)
  Step filtering not needed (single numeric stepRange=4)
  Selected cycle: 20190401
Processing timestep: 201904011700
  Writing /home/lwestern/agage/meteorology/cfsv2/flexpart_inputs//GF19040117
  Trying cycle: 20190401
  WARNING: Missing ipvgrbh file for 201904011700 cycle 20190401 (continuing with pgrbh only)
  Step filtering not needed (single numeric stepRange=5)
  Selected cycle: 20190401
Processing timestep: 201904011800
  Writing /home/lwestern/agage/meteorology/cfsv2/flexpart_inputs//GF19040118
  Trying cycle: 20190401
  WARNING: Missing ipvgrbh file for 201904011800 cycle 20190401 (continuing with pgrbh only)
  Step filtering not needed (single numeric stepRange=6)
  Selected cycle: 20190401
Processing timestep: 201904011900
  Writing /home/lwestern/agage/meteorology/cfsv2/flexpart_inputs//GF19040119
  Trying cycle: 20190401
  WARNING: Missing ipvgrbh file for 201904011900 cycle 20190401 (continuing with pgrbh only)
  Step filtering not needed (single numeric stepRange=1)
  Selected cycle: 20190401
Processing timestep: 201904012000
  Writing /home/lwestern/agage/meteorology/cfsv2/flexpart_inputs//GF19040120
  Trying cycle: 20190401
  WARNING: Missing ipvgrbh file for 201904012000 cycle 20190401 (continuing with pgrbh only)
  Step filtering not needed (single numeric stepRange=2)
  Selected cycle: 20190401
Processing timestep: 201904012100
  Writing /home/lwestern/agage/meteorology/cfsv2/flexpart_inputs//GF19040121
  Trying cycle: 20190401
  WARNING: Missing ipvgrbh file for 201904012100 cycle 20190401 (continuing with pgrbh only)
  Step filtering not needed (single numeric stepRange=3)
  Selected cycle: 20190401
Processing timestep: 201904012200
  Writing /home/lwestern/agage/meteorology/cfsv2/flexpart_inputs//GF19040122
  Selected cycle: 20190401
Processing timestep: 201904012300
  Writing /home/lwestern/agage/meteorology/cfsv2/flexpart_inputs//GF19040123
  Trying cycle: 20190401
  Trying cycle: 20190401
  WARNING: Missing ipvgrbh file for 201904012200 cycle 20190401 (continuing with pgrbh only)
  Step filtering not needed (single numeric stepRange=4)
  WARNING: Missing ipvgrbh file for 201904012300 cycle 20190401 (continuing with pgrbh only)
  Step filtering not needed (single numeric stepRange=5)
  Selected cycle: 20190401
Processing timestep: 201904020000
  Writing /home/lwestern/agage/meteorology/cfsv2/flexpart_inputs//GF19040200
  Trying cycle: 20190401
  Selected cycle: 20190401
Processing timestep: 201904040100
  Writing /home/lwestern/agage/meteorology/cfsv2/flexpart_inputs//GF19040401
  Trying cycle: 20190404
  WARNING: Missing ipvgrbh file for 201904020000 cycle 20190401 (continuing with pgrbh only)
  Step filtering not needed (single numeric stepRange=6)
  Step filtering not needed (single numeric stepRange=1)
  Selected cycle: 20190401
Processing timestep: 201904040200
  Writing /home/lwestern/agage/meteorology/cfsv2/flexpart_inputs//GF19040402
  Trying cycle: 20190404
  Step filtering not needed (single numeric stepRange=2)
  Selected cycle: 20190401
Processing timestep: 201904040300
  Writing /home/lwestern/agage/meteorology/cfsv2/flexpart_inputs//GF19040403
  Trying cycle: 20190404
  Step filtering not needed (single numeric stepRange=3)
  Selected cycle: 20190401
Processing timestep: 201904040400
  Writing /home/lwestern/agage/meteorology/cfsv2/flexpart_inputs//GF19040404
  Trying cycle: 20190404
  Step filtering not needed (single numeric stepRange=4)
  Selected cycle: 20190401
Processing timestep: 201904040500
  Writing /home/lwestern/agage/meteorology/cfsv2/flexpart_inputs//GF19040405
  Trying cycle: 20190404
  Step filtering not needed (single numeric stepRange=5)
  Selected cycle: 20190401
Processing timestep: 201904040600
  Writing /home/lwestern/agage/meteorology/cfsv2/flexpart_inputs//GF19040406
  Trying cycle: 20190404
  Selected cycle: 20190401
Processing timestep: 201904040700
  Writing /home/lwestern/agage/meteorology/cfsv2/flexpart_inputs//GF19040407
  Trying cycle: 20190404
  Step filtering not needed (single numeric stepRange=6)
  Step filtering not needed (single numeric stepRange=1)
  Selected cycle: 20190401
Processing timestep: 201904040800
  Writing /home/lwestern/agage/meteorology/cfsv2/flexpart_inputs//GF19040408
  Selected cycle: 20190404
  Trying cycle: 20190404
Processing timestep: 201904040900
  Writing /home/lwestern/agage/meteorology/cfsv2/flexpart_inputs//GF19040409
  Trying cycle: 20190404
  Step filtering not needed (single numeric stepRange=2)
  Step filtering not needed (single numeric stepRange=3)
  Selected cycle: 20190404
Processing timestep: 201904041000
  Writing /home/lwestern/agage/meteorology/cfsv2/flexpart_inputs//GF19040410
  Trying cycle: 20190404
  Step filtering not needed (single numeric stepRange=4)
  Selected cycle: 20190404
Processing timestep: 201904041100
  Writing /home/lwestern/agage/meteorology/cfsv2/flexpart_inputs//GF19040411
  Trying cycle: 20190404
  Step filtering not needed (single numeric stepRange=5)
  Selected cycle: 20190404
Processing timestep: 201904041200
  Writing /home/lwestern/agage/meteorology/cfsv2/flexpart_inputs//GF19040412
  Trying cycle: 20190404
  Step filtering not needed (single numeric stepRange=6)
  Selected cycle: 20190404
Processing timestep: 201904041300
  Writing /home/lwestern/agage/meteorology/cfsv2/flexpart_inputs//GF19040413
  Trying cycle: 20190404
  Step filtering not needed (single numeric stepRange=1)
  Selected cycle: 20190404
Processing timestep: 201904041400
  Writing /home/lwestern/agage/meteorology/cfsv2/flexpart_inputs//GF19040414
  Trying cycle: 20190404
  Step filtering not needed (single numeric stepRange=2)
  Selected cycle: 20190404
Processing timestep: 201904041500
  Writing /home/lwestern/agage/meteorology/cfsv2/flexpart_inputs//GF19040415
  Trying cycle: 20190404
  Step filtering not needed (single numeric stepRange=3)
  Selected cycle: 20190404
Processing timestep: 201904041600
  Writing /home/lwestern/agage/meteorology/cfsv2/flexpart_inputs//GF19040416
  Trying cycle: 20190404
  Step filtering not needed (single numeric stepRange=4)
  Selected cycle: 20190404
Processing timestep: 201904041700
  Writing /home/lwestern/agage/meteorology/cfsv2/flexpart_inputs//GF19040417
  Trying cycle: 20190404
  Step filtering not needed (single numeric stepRange=5)
  Selected cycle: 20190404
Processing timestep: 201904041800
  Writing /home/lwestern/agage/meteorology/cfsv2/flexpart_inputs//GF19040418
  Trying cycle: 20190404
  Step filtering not needed (single numeric stepRange=6)
  Selected cycle: 20190404
Processing timestep: 201904041900
  Writing /home/lwestern/agage/meteorology/cfsv2/flexpart_inputs//GF19040419
  Trying cycle: 20190404
  Step filtering not needed (single numeric stepRange=1)
  Selected cycle: 20190404
Processing timestep: 201904042000
  Writing /home/lwestern/agage/meteorology/cfsv2/flexpart_inputs//GF19040420
  Trying cycle: 20190404
  Step filtering not needed (single numeric stepRange=2)
  Selected cycle: 20190404
Processing timestep: 201904042100
  Writing /home/lwestern/agage/meteorology/cfsv2/flexpart_inputs//GF19040421
  Trying cycle: 20190404
  Step filtering not needed (single numeric stepRange=3)
  Selected cycle: 20190404
Processing timestep: 201904042200
  Writing /home/lwestern/agage/meteorology/cfsv2/flexpart_inputs//GF19040422
  Trying cycle: 20190404
  Selected cycle: 20190404
Processing timestep: 201904042300
  Writing /home/lwestern/agage/meteorology/cfsv2/flexpart_inputs//GF19040423
  Trying cycle: 20190404
  Step filtering not needed (single numeric stepRange=4)
  Step filtering not needed (single numeric stepRange=5)
  Selected cycle: 20190404
Processing timestep: 201904050000
  Writing /home/lwestern/agage/meteorology/cfsv2/flexpart_inputs//GF19040500
  Trying cycle: 20190404
  Selected cycle: 20190404
Processing timestep: 201904100100
  Writing /home/lwestern/agage/meteorology/cfsv2/flexpart_inputs//GF19041001
  Trying cycle: 20190410
  WARNING: Missing ipvgrbh file for 201904100100 cycle 20190410 (continuing with pgrbh only)
  Step filtering not needed (single numeric stepRange=6)
  Step filtering not needed (single numeric stepRange=1)
  Selected cycle: 20190404
Processing timestep: 201904100200
  Writing /home/lwestern/agage/meteorology/cfsv2/flexpart_inputs//GF19041002
  Trying cycle: 20190410
  WARNING: Missing ipvgrbh file for 201904100200 cycle 20190410 (continuing with pgrbh only)
  Step filtering not needed (single numeric stepRange=2)
  Selected cycle: 20190404
Processing timestep: 201904100300
  Writing /home/lwestern/agage/meteorology/cfsv2/flexpart_inputs//GF19041003
  Trying cycle: 20190410
  WARNING: Missing ipvgrbh file for 201904100300 cycle 20190410 (continuing with pgrbh only)
  Step filtering not needed (single numeric stepRange=3)
  Selected cycle: 20190404
Processing timestep: 201904100400
  Writing /home/lwestern/agage/meteorology/cfsv2/flexpart_inputs//GF19041004
  Trying cycle: 20190410
  WARNING: Missing ipvgrbh file for 201904100400 cycle 20190410 (continuing with pgrbh only)
  Step filtering not needed (single numeric stepRange=4)
  Selected cycle: 20190404
Processing timestep: 201904100500
  Writing /home/lwestern/agage/meteorology/cfsv2/flexpart_inputs//GF19041005
  Trying cycle: 20190410
  WARNING: Missing ipvgrbh file for 201904100500 cycle 20190410 (continuing with pgrbh only)
  Step filtering not needed (single numeric stepRange=5)
  Selected cycle: 20190404
Processing timestep: 201904100600
  Writing /home/lwestern/agage/meteorology/cfsv2/flexpart_inputs//GF19041006
  Trying cycle: 20190410
  Selected cycle: 20190404
Processing timestep: 201904100700
  Writing /home/lwestern/agage/meteorology/cfsv2/flexpart_inputs//GF19041007
  Trying cycle: 20190410
  WARNING: Missing ipvgrbh file for 201904100600 cycle 20190410 (continuing with pgrbh only)
  Step filtering not needed (single numeric stepRange=6)
  WARNING: Missing ipvgrbh file for 201904100700 cycle 20190410 (continuing with pgrbh only)
  Step filtering not needed (single numeric stepRange=1)
  Selected cycle: 20190410
Processing timestep: 201904100800
  Writing /home/lwestern/agage/meteorology/cfsv2/flexpart_inputs//GF19041008
  Trying cycle: 20190410
  WARNING: Missing ipvgrbh file for 201904100800 cycle 20190410 (continuing with pgrbh only)
  Step filtering not needed (single numeric stepRange=2)
  Selected cycle: 20190404
Processing timestep: 201904100900
  Writing /home/lwestern/agage/meteorology/cfsv2/flexpart_inputs//GF19041009
  Trying cycle: 20190410
  WARNING: Missing ipvgrbh file for 201904100900 cycle 20190410 (continuing with pgrbh only)
  Step filtering not needed (single numeric stepRange=3)
  Selected cycle: 20190410
Processing timestep: 201904101000
  Writing /home/lwestern/agage/meteorology/cfsv2/flexpart_inputs//GF19041010
  Trying cycle: 20190410
  WARNING: Missing ipvgrbh file for 201904101000 cycle 20190410 (continuing with pgrbh only)
  Step filtering not needed (single numeric stepRange=4)
  Selected cycle: 20190410
Processing timestep: 201904101100
  Writing /home/lwestern/agage/meteorology/cfsv2/flexpart_inputs//GF19041011
  Trying cycle: 20190410
  WARNING: Missing ipvgrbh file for 201904101100 cycle 20190410 (continuing with pgrbh only)
  Step filtering not needed (single numeric stepRange=5)
  Selected cycle: 20190410
Processing timestep: 201904101200
  Writing /home/lwestern/agage/meteorology/cfsv2/flexpart_inputs//GF19041012
  Trying cycle: 20190410
  WARNING: Missing ipvgrbh file for 201904101200 cycle 20190410 (continuing with pgrbh only)
  Step filtering not needed (single numeric stepRange=6)
  Selected cycle: 20190410
Processing timestep: 201904101300
  Writing /home/lwestern/agage/meteorology/cfsv2/flexpart_inputs//GF19041013
  Trying cycle: 20190410
  WARNING: Missing ipvgrbh file for 201904101300 cycle 20190410 (continuing with pgrbh only)
  Step filtering not needed (single numeric stepRange=1)
  Selected cycle: 20190410
Processing timestep: 201904101400
  Writing /home/lwestern/agage/meteorology/cfsv2/flexpart_inputs//GF19041014
  Trying cycle: 20190410
  WARNING: Missing ipvgrbh file for 201904101400 cycle 20190410 (continuing with pgrbh only)
  Step filtering not needed (single numeric stepRange=2)
  Selected cycle: 20190410
Processing timestep: 201904101500
  Writing /home/lwestern/agage/meteorology/cfsv2/flexpart_inputs//GF19041015
  Trying cycle: 20190410
  WARNING: Missing ipvgrbh file for 201904101500 cycle 20190410 (continuing with pgrbh only)
  Step filtering not needed (single numeric stepRange=3)
  Selected cycle: 20190410
Processing timestep: 201904101600
  Writing /home/lwestern/agage/meteorology/cfsv2/flexpart_inputs//GF19041016
  Trying cycle: 20190410
  Selected cycle: 20190410
Processing timestep: 201904101700
  Writing /home/lwestern/agage/meteorology/cfsv2/flexpart_inputs//GF19041017
  Trying cycle: 20190410
  WARNING: Missing ipvgrbh file for 201904101600 cycle 20190410 (continuing with pgrbh only)
  Step filtering not needed (single numeric stepRange=4)
  Selected cycle: 20190410
Processing timestep: 201904101800
  Writing /home/lwestern/agage/meteorology/cfsv2/flexpart_inputs//GF19041018
  Trying cycle: 20190410
  WARNING: Missing ipvgrbh file for 201904101700 cycle 20190410 (continuing with pgrbh only)
  Step filtering not needed (single numeric stepRange=5)
  WARNING: Missing ipvgrbh file for 201904101800 cycle 20190410 (continuing with pgrbh only)
  Step filtering not needed (single numeric stepRange=6)
  Selected cycle: 20190410
Processing timestep: 201904101900
  Writing /home/lwestern/agage/meteorology/cfsv2/flexpart_inputs//GF19041019
  Trying cycle: 20190410
  WARNING: Missing ipvgrbh file for 201904101900 cycle 20190410 (continuing with pgrbh only)
  Step filtering not needed (single numeric stepRange=1)
  Selected cycle: 20190410
Processing timestep: 201904102000
  Writing /home/lwestern/agage/meteorology/cfsv2/flexpart_inputs//GF19041020
  Trying cycle: 20190410
  WARNING: Missing ipvgrbh file for 201904102000 cycle 20190410 (continuing with pgrbh only)
  Step filtering not needed (single numeric stepRange=2)
  Selected cycle: 20190410
Processing timestep: 201904102100
  Writing /home/lwestern/agage/meteorology/cfsv2/flexpart_inputs//GF19041021
  Trying cycle: 20190410
  WARNING: Missing ipvgrbh file for 201904102100 cycle 20190410 (continuing with pgrbh only)
  Step filtering not needed (single numeric stepRange=3)
  Selected cycle: 20190410
Processing timestep: 201904102200
  Writing /home/lwestern/agage/meteorology/cfsv2/flexpart_inputs//GF19041022
  Trying cycle: 20190410
  WARNING: Missing ipvgrbh file for 201904102200 cycle 20190410 (continuing with pgrbh only)
  Step filtering not needed (single numeric stepRange=4)
  Selected cycle: 20190410
Processing timestep: 201904102300
  Writing /home/lwestern/agage/meteorology/cfsv2/flexpart_inputs//GF19041023
  Trying cycle: 20190410
  WARNING: Missing ipvgrbh file for 201904102300 cycle 20190410 (continuing with pgrbh only)
  Step filtering not needed (single numeric stepRange=5)
  Selected cycle: 20190410
Processing timestep: 201904110000
  Writing /home/lwestern/agage/meteorology/cfsv2/flexpart_inputs//GF19041100
  Trying cycle: 20190410
  WARNING: Missing ipvgrbh file for 201904110000 cycle 20190410 (continuing with pgrbh only)
  Step filtering not needed (single numeric stepRange=6)
  Selected cycle: 20190410
Processing timestep: 201904150100
  Writing /home/lwestern/agage/meteorology/cfsv2/flexpart_inputs//GF19041501
  Trying cycle: 20190415
  Selected cycle: 20190410
Processing timestep: 201904150200
  Writing /home/lwestern/agage/meteorology/cfsv2/flexpart_inputs//GF19041502
  Trying cycle: 20190415
  WARNING: Missing ipvgrbh file for 201904150100 cycle 20190415 (continuing with pgrbh only)
  Step filtering not needed (single numeric stepRange=1)
  WARNING: Missing ipvgrbh file for 201904150200 cycle 20190415 (continuing with pgrbh only)
  Step filtering not needed (single numeric stepRange=2)
  Selected cycle: 20190410
Processing timestep: 201904150300
  Writing /home/lwestern/agage/meteorology/cfsv2/flexpart_inputs//GF19041503
  Trying cycle: 20190415
  WARNING: Missing ipvgrbh file for 201904150300 cycle 20190415 (continuing with pgrbh only)
  Step filtering not needed (single numeric stepRange=3)
  Selected cycle: 20190410
Processing timestep: 201904150400
  Selected cycle: 20190410
  Writing /home/lwestern/agage/meteorology/cfsv2/flexpart_inputs//GF19041504
Processing timestep: 201904150500
  Writing /home/lwestern/agage/meteorology/cfsv2/flexpart_inputs//GF19041505
  Trying cycle: 20190415
  Trying cycle: 20190415
  WARNING: Missing ipvgrbh file for 201904150500 cycle 20190415 (continuing with pgrbh only)
  WARNING: Missing ipvgrbh file for 201904150400 cycle 20190415 (continuing with pgrbh only)
  Step filtering not needed (single numeric stepRange=5)
  Step filtering not needed (single numeric stepRange=4)
  Selected cycle: 20190410
Processing timestep: 201904150600
  Writing /home/lwestern/agage/meteorology/cfsv2/flexpart_inputs//GF19041506
  Trying cycle: 20190415
  WARNING: Missing ipvgrbh file for 201904150600 cycle 20190415 (continuing with pgrbh only)
  Step filtering not needed (single numeric stepRange=6)
  Selected cycle: 20190410
Processing timestep: 201904150700
  Writing /home/lwestern/agage/meteorology/cfsv2/flexpart_inputs//GF19041507
  Trying cycle: 20190415
  WARNING: Missing ipvgrbh file for 201904150700 cycle 20190415 (continuing with pgrbh only)
  Step filtering not needed (single numeric stepRange=1)
  Selected cycle: 20190410
Processing timestep: 201904150800
  Writing /home/lwestern/agage/meteorology/cfsv2/flexpart_inputs//GF19041508
  Trying cycle: 20190415
  WARNING: Missing ipvgrbh file for 201904150800 cycle 20190415 (continuing with pgrbh only)
  Step filtering not needed (single numeric stepRange=2)
  Selected cycle: 20190415
Processing timestep: 201904150900
  Writing /home/lwestern/agage/meteorology/cfsv2/flexpart_inputs//GF19041509
  Trying cycle: 20190415
  Selected cycle: 20190415
Processing timestep: 201904151000
  Writing /home/lwestern/agage/meteorology/cfsv2/flexpart_inputs//GF19041510
  Trying cycle: 20190415
  WARNING: Missing ipvgrbh file for 201904150900 cycle 20190415 (continuing with pgrbh only)
  Step filtering not needed (single numeric stepRange=3)
  WARNING: Missing ipvgrbh file for 201904151000 cycle 20190415 (continuing with pgrbh only)
  Step filtering not needed (single numeric stepRange=4)
  Selected cycle: 20190415
Processing timestep: 201904151100
  Writing /home/lwestern/agage/meteorology/cfsv2/flexpart_inputs//GF19041511
  Trying cycle: 20190415
  WARNING: Missing ipvgrbh file for 201904151100 cycle 20190415 (continuing with pgrbh only)
  Step filtering not needed (single numeric stepRange=5)
  Selected cycle: 20190415
Processing timestep: 201904151200
  Writing /home/lwestern/agage/meteorology/cfsv2/flexpart_inputs//GF19041512
  Trying cycle: 20190415
  Selected cycle: 20190415
Processing timestep: 201904151300
  Writing /home/lwestern/agage/meteorology/cfsv2/flexpart_inputs//GF19041513
  Trying cycle: 20190415
  WARNING: Missing ipvgrbh file for 201904151200 cycle 20190415 (continuing with pgrbh only)
  Step filtering not needed (single numeric stepRange=6)
  WARNING: Missing ipvgrbh file for 201904151300 cycle 20190415 (continuing with pgrbh only)
  Step filtering not needed (single numeric stepRange=1)
  Selected cycle: 20190415
Processing timestep: 201904151400
  Writing /home/lwestern/agage/meteorology/cfsv2/flexpart_inputs//GF19041514
  Trying cycle: 20190415
  WARNING: Missing ipvgrbh file for 201904151400 cycle 20190415 (continuing with pgrbh only)
  Step filtering not needed (single numeric stepRange=2)
  Selected cycle: 20190415
Processing timestep: 201904151500
  Writing /home/lwestern/agage/meteorology/cfsv2/flexpart_inputs//GF19041515
  Trying cycle: 20190415
  WARNING: Missing ipvgrbh file for 201904151500 cycle 20190415 (continuing with pgrbh only)
  Step filtering not needed (single numeric stepRange=3)
  Selected cycle: 20190415
Processing timestep: 201904151600
  Writing /home/lwestern/agage/meteorology/cfsv2/flexpart_inputs//GF19041516
  Trying cycle: 20190415
  Selected cycle: 20190415
Processing timestep: 201904151700
  Writing /home/lwestern/agage/meteorology/cfsv2/flexpart_inputs//GF19041517
  Trying cycle: 20190415
  Selected cycle: 20190415
Processing timestep: 201904151800
  Writing /home/lwestern/agage/meteorology/cfsv2/flexpart_inputs//GF19041518
  Trying cycle: 20190415
  WARNING: Missing ipvgrbh file for 201904151600 cycle 20190415 (continuing with pgrbh only)
  Step filtering not needed (single numeric stepRange=4)
  WARNING: Missing ipvgrbh file for 201904151700 cycle 20190415 (continuing with pgrbh only)
  Step filtering not needed (single numeric stepRange=5)
  WARNING: Missing ipvgrbh file for 201904151800 cycle 20190415 (continuing with pgrbh only)
  Step filtering not needed (single numeric stepRange=6)
  Selected cycle: 20190415
Processing timestep: 201904151900
  Writing /home/lwestern/agage/meteorology/cfsv2/flexpart_inputs//GF19041519
  Trying cycle: 20190415
  WARNING: Missing ipvgrbh file for 201904151900 cycle 20190415 (continuing with pgrbh only)
  Step filtering not needed (single numeric stepRange=1)
  Selected cycle: 20190415
Processing timestep: 201904152000
  Writing /home/lwestern/agage/meteorology/cfsv2/flexpart_inputs//GF19041520
  Trying cycle: 20190415
  WARNING: Missing ipvgrbh file for 201904152000 cycle 20190415 (continuing with pgrbh only)
  Step filtering not needed (single numeric stepRange=2)
  Selected cycle: 20190415
Processing timestep: 201904152100
  Writing /home/lwestern/agage/meteorology/cfsv2/flexpart_inputs//GF19041521
  Trying cycle: 20190415
  WARNING: Missing ipvgrbh file for 201904152100 cycle 20190415 (continuing with pgrbh only)
  Step filtering not needed (single numeric stepRange=3)
  Selected cycle: 20190415
Processing timestep: 201904152200
  Writing /home/lwestern/agage/meteorology/cfsv2/flexpart_inputs//GF19041522
  Trying cycle: 20190415
  Selected cycle: 20190415
Processing timestep: 201904152300
  Writing /home/lwestern/agage/meteorology/cfsv2/flexpart_inputs//GF19041523
  Trying cycle: 20190415
  WARNING: Missing ipvgrbh file for 201904152200 cycle 20190415 (continuing with pgrbh only)
  Step filtering not needed (single numeric stepRange=4)
  WARNING: Missing ipvgrbh file for 201904152300 cycle 20190415 (continuing with pgrbh only)
  Step filtering not needed (single numeric stepRange=5)
  Selected cycle: 20190415
Processing timestep: 201904160000
  Writing /home/lwestern/agage/meteorology/cfsv2/flexpart_inputs//GF19041600
  Trying cycle: 20190415
  WARNING: Missing ipvgrbh file for 201904160000 cycle 20190415 (continuing with pgrbh only)
  Selected cycle: 20190415
Processing timestep: 201904160100
  Writing /home/lwestern/agage/meteorology/cfsv2/flexpart_inputs//GF19041601
  Trying cycle: 20190416
  Step filtering not needed (single numeric stepRange=6)
  WARNING: Missing ipvgrbh file for 201904160100 cycle 20190416 (continuing with pgrbh only)
  Step filtering not needed (single numeric stepRange=1)
  Selected cycle: 20190415
Processing timestep: 201904160200
  Writing /home/lwestern/agage/meteorology/cfsv2/flexpart_inputs//GF19041602
  Trying cycle: 20190416
  WARNING: Missing ipvgrbh file for 201904160200 cycle 20190416 (continuing with pgrbh only)
  Step filtering not needed (single numeric stepRange=2)
  Selected cycle: 20190415
Processing timestep: 201904160300
  Writing /home/lwestern/agage/meteorology/cfsv2/flexpart_inputs//GF19041603
  Trying cycle: 20190416
  WARNING: Missing ipvgrbh file for 201904160300 cycle 20190416 (continuing with pgrbh only)
  Step filtering not needed (single numeric stepRange=3)
  Selected cycle: 20190415
Processing timestep: 201904160400
  Writing /home/lwestern/agage/meteorology/cfsv2/flexpart_inputs//GF19041604
  Trying cycle: 20190416
  WARNING: Missing ipvgrbh file for 201904160400 cycle 20190416 (continuing with pgrbh only)
  Step filtering not needed (single numeric stepRange=4)
  Selected cycle: 20190415
Processing timestep: 201904160500
  Writing /home/lwestern/agage/meteorology/cfsv2/flexpart_inputs//GF19041605
  Trying cycle: 20190416
  WARNING: Missing ipvgrbh file for 201904160500 cycle 20190416 (continuing with pgrbh only)
  Step filtering not needed (single numeric stepRange=5)
  Selected cycle: 20190415
Processing timestep: 201904160600
  Writing /home/lwestern/agage/meteorology/cfsv2/flexpart_inputs//GF19041606
  Trying cycle: 20190416
  WARNING: Missing ipvgrbh file for 201904160600 cycle 20190416 (continuing with pgrbh only)
  Step filtering not needed (single numeric stepRange=6)
  Selected cycle: 20190415
Processing timestep: 201904160700
  Writing /home/lwestern/agage/meteorology/cfsv2/flexpart_inputs//GF19041607
  Trying cycle: 20190416
  WARNING: Missing ipvgrbh file for 201904160700 cycle 20190416 (continuing with pgrbh only)
  Step filtering not needed (single numeric stepRange=1)
  Selected cycle: 20190415
Processing timestep: 201904160800
  Writing /home/lwestern/agage/meteorology/cfsv2/flexpart_inputs//GF19041608
  Trying cycle: 20190416
  WARNING: Missing ipvgrbh file for 201904160800 cycle 20190416 (continuing with pgrbh only)
  Step filtering not needed (single numeric stepRange=2)
  Selected cycle: 20190416
Processing timestep: 201904160900
  Writing /home/lwestern/agage/meteorology/cfsv2/flexpart_inputs//GF19041609
  Trying cycle: 20190416
  WARNING: Missing ipvgrbh file for 201904160900 cycle 20190416 (continuing with pgrbh only)
  Step filtering not needed (single numeric stepRange=3)
  Selected cycle: 20190416
Processing timestep: 201904161000
  Writing /home/lwestern/agage/meteorology/cfsv2/flexpart_inputs//GF19041610
  Trying cycle: 20190416
  WARNING: Missing ipvgrbh file for 201904161000 cycle 20190416 (continuing with pgrbh only)
  Step filtering not needed (single numeric stepRange=4)
  Selected cycle: 20190416
Processing timestep: 201904161100
  Writing /home/lwestern/agage/meteorology/cfsv2/flexpart_inputs//GF19041611
  Trying cycle: 20190416
  WARNING: Missing ipvgrbh file for 201904161100 cycle 20190416 (continuing with pgrbh only)
  Step filtering not needed (single numeric stepRange=5)
  Selected cycle: 20190416
Processing timestep: 201904161200
  Writing /home/lwestern/agage/meteorology/cfsv2/flexpart_inputs//GF19041612
  Trying cycle: 20190416
  WARNING: Missing ipvgrbh file for 201904161200 cycle 20190416 (continuing with pgrbh only)
  Step filtering not needed (single numeric stepRange=6)
  Selected cycle: 20190416
Processing timestep: 201904161300
  Writing /home/lwestern/agage/meteorology/cfsv2/flexpart_inputs//GF19041613
  Trying cycle: 20190416
  WARNING: Missing ipvgrbh file for 201904161300 cycle 20190416 (continuing with pgrbh only)
  Step filtering not needed (single numeric stepRange=1)
  Selected cycle: 20190416
Processing timestep: 201904161400
  Writing /home/lwestern/agage/meteorology/cfsv2/flexpart_inputs//GF19041614
  Trying cycle: 20190416
  WARNING: Missing ipvgrbh file for 201904161400 cycle 20190416 (continuing with pgrbh only)
  Step filtering not needed (single numeric stepRange=2)
  Selected cycle: 20190416
Processing timestep: 201904161500
  Writing /home/lwestern/agage/meteorology/cfsv2/flexpart_inputs//GF19041615
  Trying cycle: 20190416
  WARNING: Missing ipvgrbh file for 201904161500 cycle 20190416 (continuing with pgrbh only)
  Step filtering not needed (single numeric stepRange=3)
  Selected cycle: 20190416
Processing timestep: 201904161600
  Writing /home/lwestern/agage/meteorology/cfsv2/flexpart_inputs//GF19041616
  Trying cycle: 20190416
  WARNING: Missing ipvgrbh file for 201904161600 cycle 20190416 (continuing with pgrbh only)
  Step filtering not needed (single numeric stepRange=4)
  Selected cycle: 20190416
Processing timestep: 201904161700
  Writing /home/lwestern/agage/meteorology/cfsv2/flexpart_inputs//GF19041617
  Trying cycle: 20190416
  WARNING: Missing ipvgrbh file for 201904161700 cycle 20190416 (continuing with pgrbh only)
  Step filtering not needed (single numeric stepRange=5)
  Selected cycle: 20190416
Processing timestep: 201904161800
  Writing /home/lwestern/agage/meteorology/cfsv2/flexpart_inputs//GF19041618
  Trying cycle: 20190416
  WARNING: Missing ipvgrbh file for 201904161800 cycle 20190416 (continuing with pgrbh only)
  Step filtering not needed (single numeric stepRange=6)
  Selected cycle: 20190416
Processing timestep: 201904161900
  Writing /home/lwestern/agage/meteorology/cfsv2/flexpart_inputs//GF19041619
  Trying cycle: 20190416
  WARNING: Missing ipvgrbh file for 201904161900 cycle 20190416 (continuing with pgrbh only)
  Step filtering not needed (single numeric stepRange=1)
  Selected cycle: 20190416
Processing timestep: 201904162000
  Writing /home/lwestern/agage/meteorology/cfsv2/flexpart_inputs//GF19041620
  Trying cycle: 20190416
  WARNING: Missing ipvgrbh file for 201904162000 cycle 20190416 (continuing with pgrbh only)
  Step filtering not needed (single numeric stepRange=2)
  Selected cycle: 20190416
Processing timestep: 201904162100
  Writing /home/lwestern/agage/meteorology/cfsv2/flexpart_inputs//GF19041621
  Trying cycle: 20190416
  WARNING: Missing ipvgrbh file for 201904162100 cycle 20190416 (continuing with pgrbh only)
  Step filtering not needed (single numeric stepRange=3)
  Selected cycle: 20190416
Processing timestep: 201904162200
  Writing /home/lwestern/agage/meteorology/cfsv2/flexpart_inputs//GF19041622
  Trying cycle: 20190416
  WARNING: Missing ipvgrbh file for 201904162200 cycle 20190416 (continuing with pgrbh only)
  Step filtering not needed (single numeric stepRange=4)
  Selected cycle: 20190416
Processing timestep: 201904162300
  Writing /home/lwestern/agage/meteorology/cfsv2/flexpart_inputs//GF19041623
  Trying cycle: 20190416
  WARNING: Missing ipvgrbh file for 201904162300 cycle 20190416 (continuing with pgrbh only)
  Step filtering not needed (single numeric stepRange=5)
  Selected cycle: 20190416
Processing timestep: 201904170000
  Writing /home/lwestern/agage/meteorology/cfsv2/flexpart_inputs//GF19041700
  Trying cycle: 20190416
  WARNING: Missing ipvgrbh file for 201904170000 cycle 20190416 (continuing with pgrbh only)
  Step filtering not needed (single numeric stepRange=6)
  Selected cycle: 20190416
Processing timestep: 201904180100
  Writing /home/lwestern/agage/meteorology/cfsv2/flexpart_inputs//GF19041801
  Trying cycle: 20190418
  Step filtering not needed (single numeric stepRange=1)
  Selected cycle: 20190416
  Selected cycle: 20190416
Processing timestep: 201904180200
Processing timestep: 201904180300
  Writing /home/lwestern/agage/meteorology/cfsv2/flexpart_inputs//GF19041802
  Trying cycle: 20190418
  Writing /home/lwestern/agage/meteorology/cfsv2/flexpart_inputs//GF19041803
  Trying cycle: 20190418
  Step filtering not needed (single numeric stepRange=2)
  Step filtering not needed (single numeric stepRange=3)
  Selected cycle: 20190416
Processing timestep: 201904180400
  Writing /home/lwestern/agage/meteorology/cfsv2/flexpart_inputs//GF19041804
  Trying cycle: 20190418
  Selected cycle: 20190416
Processing timestep: 201904180500
  Writing /home/lwestern/agage/meteorology/cfsv2/flexpart_inputs//GF19041805
  Trying cycle: 20190418
  Step filtering not needed (single numeric stepRange=4)
  Step filtering not needed (single numeric stepRange=5)
  Selected cycle: 20190416
Processing timestep: 201904180600
  Writing /home/lwestern/agage/meteorology/cfsv2/flexpart_inputs//GF19041806
  Trying cycle: 20190418
  Step filtering not needed (single numeric stepRange=6)
  Selected cycle: 20190416
Processing timestep: 201904180700
  Writing /home/lwestern/agage/meteorology/cfsv2/flexpart_inputs//GF19041807
  Trying cycle: 20190418
  Step filtering not needed (single numeric stepRange=1)
  Selected cycle: 20190416
Processing timestep: 201904180800
  Writing /home/lwestern/agage/meteorology/cfsv2/flexpart_inputs//GF19041808
  Trying cycle: 20190418
  Step filtering not needed (single numeric stepRange=2)
  Selected cycle: 20190418
Processing timestep: 201904180900
  Writing /home/lwestern/agage/meteorology/cfsv2/flexpart_inputs//GF19041809
  Trying cycle: 20190418
  Step filtering not needed (single numeric stepRange=3)
  Selected cycle: 20190418
Processing timestep: 201904181000
  Writing /home/lwestern/agage/meteorology/cfsv2/flexpart_inputs//GF19041810
  Trying cycle: 20190418
  Step filtering not needed (single numeric stepRange=4)
  Selected cycle: 20190418
Processing timestep: 201904181100
  Writing /home/lwestern/agage/meteorology/cfsv2/flexpart_inputs//GF19041811
  Trying cycle: 20190418
  Step filtering not needed (single numeric stepRange=5)
  Selected cycle: 20190418
Processing timestep: 201904181200
  Writing /home/lwestern/agage/meteorology/cfsv2/flexpart_inputs//GF19041812
  Trying cycle: 20190418
  Selected cycle: 20190418
Processing timestep: 201904181300
  Writing /home/lwestern/agage/meteorology/cfsv2/flexpart_inputs//GF19041813
  Trying cycle: 20190418
  Step filtering not needed (single numeric stepRange=6)
  Step filtering not needed (single numeric stepRange=1)
  Selected cycle: 20190418
Processing timestep: 201904181400
  Writing /home/lwestern/agage/meteorology/cfsv2/flexpart_inputs//GF19041814
  Trying cycle: 20190418
  Step filtering not needed (single numeric stepRange=2)
  Selected cycle: 20190418
Processing timestep: 201904181500
  Writing /home/lwestern/agage/meteorology/cfsv2/flexpart_inputs//GF19041815
  Trying cycle: 20190418
  Step filtering not needed (single numeric stepRange=3)
  Selected cycle: 20190418
Processing timestep: 201904181600
  Writing /home/lwestern/agage/meteorology/cfsv2/flexpart_inputs//GF19041816
  Trying cycle: 20190418
  Step filtering not needed (single numeric stepRange=4)
  Selected cycle: 20190418
Processing timestep: 201904181700
  Writing /home/lwestern/agage/meteorology/cfsv2/flexpart_inputs//GF19041817
  Trying cycle: 20190418
  Step filtering not needed (single numeric stepRange=5)
  Selected cycle: 20190418
Processing timestep: 201904181800
  Writing /home/lwestern/agage/meteorology/cfsv2/flexpart_inputs//GF19041818
  Trying cycle: 20190418
  Step filtering not needed (single numeric stepRange=6)
  Selected cycle: 20190418
Processing timestep: 201904181900
  Writing /home/lwestern/agage/meteorology/cfsv2/flexpart_inputs//GF19041819
  Trying cycle: 20190418
  Step filtering not needed (single numeric stepRange=1)
  Selected cycle: 20190418
Processing timestep: 201904182000
  Writing /home/lwestern/agage/meteorology/cfsv2/flexpart_inputs//GF19041820
  Trying cycle: 20190418
  Selected cycle: 20190418
Processing timestep: 201904182100
  Writing /home/lwestern/agage/meteorology/cfsv2/flexpart_inputs//GF19041821
  Trying cycle: 20190418
  Step filtering not needed (single numeric stepRange=2)
  Step filtering not needed (single numeric stepRange=3)
  Selected cycle: 20190418
Processing timestep: 201904182200
  Writing /home/lwestern/agage/meteorology/cfsv2/flexpart_inputs//GF19041822
  Trying cycle: 20190418
  Selected cycle: 20190418
Processing timestep: 201904182300
  Writing /home/lwestern/agage/meteorology/cfsv2/flexpart_inputs//GF19041823
  Trying cycle: 20190418
  Step filtering not needed (single numeric stepRange=4)
  Step filtering not needed (single numeric stepRange=5)
  Selected cycle: 20190418
Processing timestep: 201904190000
  Writing /home/lwestern/agage/meteorology/cfsv2/flexpart_inputs//GF19041900
  Trying cycle: 20190418
  Step filtering not needed (single numeric stepRange=6)
  Selected cycle: 20190418
Processing timestep: 201904200100
  Writing /home/lwestern/agage/meteorology/cfsv2/flexpart_inputs//GF19042001
  Trying cycle: 20190420
  Step filtering not needed (single numeric stepRange=1)
  Selected cycle: 20190418
Processing timestep: 201904200200
  Writing /home/lwestern/agage/meteorology/cfsv2/flexpart_inputs//GF19042002
  Trying cycle: 20190420
  Step filtering not needed (single numeric stepRange=2)
  Selected cycle: 20190418
Processing timestep: 201904200300
  Writing /home/lwestern/agage/meteorology/cfsv2/flexpart_inputs//GF19042003
  Trying cycle: 20190420
  Step filtering not needed (single numeric stepRange=3)
  Selected cycle: 20190418
Processing timestep: 201904200400
  Writing /home/lwestern/agage/meteorology/cfsv2/flexpart_inputs//GF19042004
  Trying cycle: 20190420
  Selected cycle: 20190418
Processing timestep: 201904200500
  Writing /home/lwestern/agage/meteorology/cfsv2/flexpart_inputs//GF19042005
  Trying cycle: 20190420
  Step filtering not needed (single numeric stepRange=4)
  Step filtering not needed (single numeric stepRange=5)
  Selected cycle: 20190418
Processing timestep: 201904200600
  Writing /home/lwestern/agage/meteorology/cfsv2/flexpart_inputs//GF19042006
  Trying cycle: 20190420
  Step filtering not needed (single numeric stepRange=6)
  Selected cycle: 20190418
Processing timestep: 201904200700
  Writing /home/lwestern/agage/meteorology/cfsv2/flexpart_inputs//GF19042007
  Trying cycle: 20190420
  Step filtering not needed (single numeric stepRange=1)
  Selected cycle: 20190418
Processing timestep: 201904200800
  Writing /home/lwestern/agage/meteorology/cfsv2/flexpart_inputs//GF19042008
  Trying cycle: 20190420
  Step filtering not needed (single numeric stepRange=2)
  Selected cycle: 20190420
Processing timestep: 201904200900
  Writing /home/lwestern/agage/meteorology/cfsv2/flexpart_inputs//GF19042009
  Trying cycle: 20190420
  Step filtering not needed (single numeric stepRange=3)
  Selected cycle: 20190420
Processing timestep: 201904201000
  Writing /home/lwestern/agage/meteorology/cfsv2/flexpart_inputs//GF19042010
  Trying cycle: 20190420
  Step filtering not needed (single numeric stepRange=4)
  Selected cycle: 20190420
Processing timestep: 201904201100
  Writing /home/lwestern/agage/meteorology/cfsv2/flexpart_inputs//GF19042011
  Trying cycle: 20190420
  Step filtering not needed (single numeric stepRange=5)
  Selected cycle: 20190420
Processing timestep: 201904201200
  Writing /home/lwestern/agage/meteorology/cfsv2/flexpart_inputs//GF19042012
  Trying cycle: 20190420
  Step filtering not needed (single numeric stepRange=6)
  Selected cycle: 20190420
Processing timestep: 201904201300
  Writing /home/lwestern/agage/meteorology/cfsv2/flexpart_inputs//GF19042013
  Trying cycle: 20190420
  Step filtering not needed (single numeric stepRange=1)
  Selected cycle: 20190420
Processing timestep: 201904201400
  Writing /home/lwestern/agage/meteorology/cfsv2/flexpart_inputs//GF19042014
  Trying cycle: 20190420
  Step filtering not needed (single numeric stepRange=2)
  Selected cycle: 20190420
Processing timestep: 201904201500
  Writing /home/lwestern/agage/meteorology/cfsv2/flexpart_inputs//GF19042015
  Trying cycle: 20190420
  Step filtering not needed (single numeric stepRange=3)
  Selected cycle: 20190420
Processing timestep: 201904201600
  Writing /home/lwestern/agage/meteorology/cfsv2/flexpart_inputs//GF19042016
  Trying cycle: 20190420
  Selected cycle: 20190420
Processing timestep: 201904201700
  Writing /home/lwestern/agage/meteorology/cfsv2/flexpart_inputs//GF19042017
  Trying cycle: 20190420
  Step filtering not needed (single numeric stepRange=4)
  Step filtering not needed (single numeric stepRange=5)
  Selected cycle: 20190420
Processing timestep: 201904201800
  Writing /home/lwestern/agage/meteorology/cfsv2/flexpart_inputs//GF19042018
  Trying cycle: 20190420
  Step filtering not needed (single numeric stepRange=6)
  Selected cycle: 20190420
Processing timestep: 201904201900
  Writing /home/lwestern/agage/meteorology/cfsv2/flexpart_inputs//GF19042019
  Trying cycle: 20190420
  Step filtering not needed (single numeric stepRange=1)
  Selected cycle: 20190420
Processing timestep: 201904202000
  Writing /home/lwestern/agage/meteorology/cfsv2/flexpart_inputs//GF19042020
  Trying cycle: 20190420
  Selected cycle: 20190420
Processing timestep: 201904202100
  Writing /home/lwestern/agage/meteorology/cfsv2/flexpart_inputs//GF19042021
  Trying cycle: 20190420
  Step filtering not needed (single numeric stepRange=2)
  Step filtering not needed (single numeric stepRange=3)
  Selected cycle: 20190420
Processing timestep: 201904202200
  Writing /home/lwestern/agage/meteorology/cfsv2/flexpart_inputs//GF19042022
  Trying cycle: 20190420
  Step filtering not needed (single numeric stepRange=4)
  Selected cycle: 20190420
Processing timestep: 201904202300
  Writing /home/lwestern/agage/meteorology/cfsv2/flexpart_inputs//GF19042023
  Trying cycle: 20190420
  Step filtering not needed (single numeric stepRange=5)
  Selected cycle: 20190420
Processing timestep: 201904210000
  Writing /home/lwestern/agage/meteorology/cfsv2/flexpart_inputs//GF19042100
  Trying cycle: 20190420
  Step filtering not needed (single numeric stepRange=6)
  Selected cycle: 20190420
Processing timestep: 201904210100
  Writing /home/lwestern/agage/meteorology/cfsv2/flexpart_inputs//GF19042101
  Trying cycle: 20190421
  WARNING: Missing ipvgrbh file for 201904210100 cycle 20190421 (continuing with pgrbh only)
  Step filtering not needed (single numeric stepRange=1)
  Selected cycle: 20190420
Processing timestep: 201904210200
  Writing /home/lwestern/agage/meteorology/cfsv2/flexpart_inputs//GF19042102
  Trying cycle: 20190421
  WARNING: Missing ipvgrbh file for 201904210200 cycle 20190421 (continuing with pgrbh only)
  Step filtering not needed (single numeric stepRange=2)
  Selected cycle: 20190420
Processing timestep: 201904210300
  Writing /home/lwestern/agage/meteorology/cfsv2/flexpart_inputs//GF19042103
  Trying cycle: 20190421
  WARNING: Missing ipvgrbh file for 201904210300 cycle 20190421 (continuing with pgrbh only)
  Step filtering not needed (single numeric stepRange=3)
  Selected cycle: 20190420
Processing timestep: 201904210400
  Writing /home/lwestern/agage/meteorology/cfsv2/flexpart_inputs//GF19042104
  Trying cycle: 20190421
  WARNING: Missing ipvgrbh file for 201904210400 cycle 20190421 (continuing with pgrbh only)
  Step filtering not needed (single numeric stepRange=4)
  Selected cycle: 20190420
Processing timestep: 201904210500
  Writing /home/lwestern/agage/meteorology/cfsv2/flexpart_inputs//GF19042105
  Trying cycle: 20190421
  WARNING: Missing ipvgrbh file for 201904210500 cycle 20190421 (continuing with pgrbh only)
  Step filtering not needed (single numeric stepRange=5)
  Selected cycle: 20190420
Processing timestep: 201904210600
  Writing /home/lwestern/agage/meteorology/cfsv2/flexpart_inputs//GF19042106
  Trying cycle: 20190421
  WARNING: Missing ipvgrbh file for 201904210600 cycle 20190421 (continuing with pgrbh only)
  Step filtering not needed (single numeric stepRange=6)
  Selected cycle: 20190420
Processing timestep: 201904210700
  Writing /home/lwestern/agage/meteorology/cfsv2/flexpart_inputs//GF19042107
  Trying cycle: 20190421
  WARNING: Missing ipvgrbh file for 201904210700 cycle 20190421 (continuing with pgrbh only)
  Step filtering not needed (single numeric stepRange=1)
  Selected cycle: 20190420
Processing timestep: 201904210800
  Writing /home/lwestern/agage/meteorology/cfsv2/flexpart_inputs//GF19042108
  Trying cycle: 20190421
  Selected cycle: 20190421
Processing timestep: 201904210900
  Writing /home/lwestern/agage/meteorology/cfsv2/flexpart_inputs//GF19042109
  Trying cycle: 20190421
  WARNING: Missing ipvgrbh file for 201904210800 cycle 20190421 (continuing with pgrbh only)
  WARNING: Missing ipvgrbh file for 201904210900 cycle 20190421 (continuing with pgrbh only)
  Step filtering not needed (single numeric stepRange=2)
  Step filtering not needed (single numeric stepRange=3)
  Selected cycle: 20190421
Processing timestep: 201904211000
  Writing /home/lwestern/agage/meteorology/cfsv2/flexpart_inputs//GF19042110
  Trying cycle: 20190421
  WARNING: Missing ipvgrbh file for 201904211000 cycle 20190421 (continuing with pgrbh only)
  Step filtering not needed (single numeric stepRange=4)
  Selected cycle: 20190421
Processing timestep: 201904211100
  Writing /home/lwestern/agage/meteorology/cfsv2/flexpart_inputs//GF19042111
  Trying cycle: 20190421
  WARNING: Missing ipvgrbh file for 201904211100 cycle 20190421 (continuing with pgrbh only)
  Step filtering not needed (single numeric stepRange=5)
  Selected cycle: 20190421
Processing timestep: 201904211200
  Writing /home/lwestern/agage/meteorology/cfsv2/flexpart_inputs//GF19042112
  Trying cycle: 20190421
  WARNING: Missing ipvgrbh file for 201904211200 cycle 20190421 (continuing with pgrbh only)
  Step filtering not needed (single numeric stepRange=6)
  Selected cycle: 20190421
Processing timestep: 201904211300
  Writing /home/lwestern/agage/meteorology/cfsv2/flexpart_inputs//GF19042113
  Trying cycle: 20190421
  WARNING: Missing ipvgrbh file for 201904211300 cycle 20190421 (continuing with pgrbh only)
  Selected cycle: 20190421
Processing timestep: 201904211400
  Writing /home/lwestern/agage/meteorology/cfsv2/flexpart_inputs//GF19042114
  Trying cycle: 20190421
  Step filtering not needed (single numeric stepRange=1)
  WARNING: Missing ipvgrbh file for 201904211400 cycle 20190421 (continuing with pgrbh only)
  Step filtering not needed (single numeric stepRange=2)
  Selected cycle: 20190421
Processing timestep: 201904211500
  Writing /home/lwestern/agage/meteorology/cfsv2/flexpart_inputs//GF19042115
  Trying cycle: 20190421
  WARNING: Missing ipvgrbh file for 201904211500 cycle 20190421 (continuing with pgrbh only)
  Step filtering not needed (single numeric stepRange=3)
  Selected cycle: 20190421
Processing timestep: 201904211600
  Selected cycle: 20190421
  Writing /home/lwestern/agage/meteorology/cfsv2/flexpart_inputs//GF19042116
  Trying cycle: 20190421
Processing timestep: 201904211700
  Writing /home/lwestern/agage/meteorology/cfsv2/flexpart_inputs//GF19042117
  Trying cycle: 20190421
  WARNING: Missing ipvgrbh file for 201904211600 cycle 20190421 (continuing with pgrbh only)
  WARNING: Missing ipvgrbh file for 201904211700 cycle 20190421 (continuing with pgrbh only)
  Step filtering not needed (single numeric stepRange=4)
  Step filtering not needed (single numeric stepRange=5)
  Selected cycle: 20190421
Processing timestep: 201904211800
  Writing /home/lwestern/agage/meteorology/cfsv2/flexpart_inputs//GF19042118
  Trying cycle: 20190421
  WARNING: Missing ipvgrbh file for 201904211800 cycle 20190421 (continuing with pgrbh only)
  Step filtering not needed (single numeric stepRange=6)
  Selected cycle: 20190421
Processing timestep: 201904211900
  Writing /home/lwestern/agage/meteorology/cfsv2/flexpart_inputs//GF19042119
  Trying cycle: 20190421
  WARNING: Missing ipvgrbh file for 201904211900 cycle 20190421 (continuing with pgrbh only)
  Step filtering not needed (single numeric stepRange=1)
  Selected cycle: 20190421
Processing timestep: 201904212000
  Writing /home/lwestern/agage/meteorology/cfsv2/flexpart_inputs//GF19042120
  Trying cycle: 20190421
  Selected cycle: 20190421
Processing timestep: 201904212100
  Writing /home/lwestern/agage/meteorology/cfsv2/flexpart_inputs//GF19042121
  Trying cycle: 20190421
  WARNING: Missing ipvgrbh file for 201904212100 cycle 20190421 (continuing with pgrbh only)
  Step filtering not needed (single numeric stepRange=3)
  Selected cycle: 20190421
Processing timestep: 201904212200
  Writing /home/lwestern/agage/meteorology/cfsv2/flexpart_inputs//GF19042122
  Trying cycle: 20190421
  WARNING: Missing ipvgrbh file for 201904212200 cycle 20190421 (continuing with pgrbh only)
  Step filtering not needed (single numeric stepRange=4)
  WARNING: Missing ipvgrbh file for 201904212000 cycle 20190421 (continuing with pgrbh only)
  Step filtering not needed (single numeric stepRange=2)
  Selected cycle: 20190421
Processing timestep: 201904212300
  Writing /home/lwestern/agage/meteorology/cfsv2/flexpart_inputs//GF19042123
  Trying cycle: 20190421
  WARNING: Missing ipvgrbh file for 201904212300 cycle 20190421 (continuing with pgrbh only)
  Step filtering not needed (single numeric stepRange=5)
  Selected cycle: 20190421
Processing timestep: 201904220000
  Writing /home/lwestern/agage/meteorology/cfsv2/flexpart_inputs//GF19042200
  Trying cycle: 20190421
  WARNING: Missing ipvgrbh file for 201904220000 cycle 20190421 (continuing with pgrbh only)
  Step filtering not needed (single numeric stepRange=6)
  Selected cycle: 20190421
Processing timestep: 201904240100
  Writing /home/lwestern/agage/meteorology/cfsv2/flexpart_inputs//GF19042401
  Trying cycle: 20190424
  WARNING: Missing ipvgrbh file for 201904240100 cycle 20190424 (continuing with pgrbh only)
  Step filtering not needed (single numeric stepRange=1)
  Selected cycle: 20190421
Processing timestep: 201904240200
  Writing /home/lwestern/agage/meteorology/cfsv2/flexpart_inputs//GF19042402
  Trying cycle: 20190424
  WARNING: Missing ipvgrbh file for 201904240200 cycle 20190424 (continuing with pgrbh only)
  Step filtering not needed (single numeric stepRange=2)
  Selected cycle: 20190421
Processing timestep: 201904240300
  Writing /home/lwestern/agage/meteorology/cfsv2/flexpart_inputs//GF19042403
  Trying cycle: 20190424
  WARNING: Missing ipvgrbh file for 201904240300 cycle 20190424 (continuing with pgrbh only)
  Step filtering not needed (single numeric stepRange=3)
  Selected cycle: 20190421
Processing timestep: 201904240400
  Writing /home/lwestern/agage/meteorology/cfsv2/flexpart_inputs//GF19042404
  Trying cycle: 20190424
  Selected cycle: 20190421
Processing timestep: 201904240500
  Writing /home/lwestern/agage/meteorology/cfsv2/flexpart_inputs//GF19042405
  Trying cycle: 20190424
  WARNING: Missing ipvgrbh file for 201904240400 cycle 20190424 (continuing with pgrbh only)
  Step filtering not needed (single numeric stepRange=4)
  WARNING: Missing ipvgrbh file for 201904240500 cycle 20190424 (continuing with pgrbh only)
  Step filtering not needed (single numeric stepRange=5)
  Selected cycle: 20190421
Processing timestep: 201904240600
  Writing /home/lwestern/agage/meteorology/cfsv2/flexpart_inputs//GF19042406
  Trying cycle: 20190424
  WARNING: Missing ipvgrbh file for 201904240600 cycle 20190424 (continuing with pgrbh only)
  Step filtering not needed (single numeric stepRange=6)
  Selected cycle: 20190421
Processing timestep: 201904240700
  Writing /home/lwestern/agage/meteorology/cfsv2/flexpart_inputs//GF19042407
  Trying cycle: 20190424
  WARNING: Missing ipvgrbh file for 201904240700 cycle 20190424 (continuing with pgrbh only)
  Step filtering not needed (single numeric stepRange=1)
  Selected cycle: 20190421
Processing timestep: 201904240800
  Writing /home/lwestern/agage/meteorology/cfsv2/flexpart_inputs//GF19042408
  Trying cycle: 20190424
  WARNING: Missing ipvgrbh file for 201904240800 cycle 20190424 (continuing with pgrbh only)
  Step filtering not needed (single numeric stepRange=2)
  Selected cycle: 20190424
Processing timestep: 201904240900
  Writing /home/lwestern/agage/meteorology/cfsv2/flexpart_inputs//GF19042409
  Trying cycle: 20190424
  WARNING: Missing ipvgrbh file for 201904240900 cycle 20190424 (continuing with pgrbh only)
  Step filtering not needed (single numeric stepRange=3)
  Selected cycle: 20190424
Processing timestep: 201904241000
  Writing /home/lwestern/agage/meteorology/cfsv2/flexpart_inputs//GF19042410
  Trying cycle: 20190424
  WARNING: Missing ipvgrbh file for 201904241000 cycle 20190424 (continuing with pgrbh only)
  Step filtering not needed (single numeric stepRange=4)
  Selected cycle: 20190424
Processing timestep: 201904241100
  Writing /home/lwestern/agage/meteorology/cfsv2/flexpart_inputs//GF19042411
  Trying cycle: 20190424
  WARNING: Missing ipvgrbh file for 201904241100 cycle 20190424 (continuing with pgrbh only)
  Step filtering not needed (single numeric stepRange=5)
  Selected cycle: 20190424
Processing timestep: 201904241200
  Writing /home/lwestern/agage/meteorology/cfsv2/flexpart_inputs//GF19042412
  Trying cycle: 20190424
  WARNING: Missing ipvgrbh file for 201904241200 cycle 20190424 (continuing with pgrbh only)
  Step filtering not needed (single numeric stepRange=6)
  Selected cycle: 20190424
Processing timestep: 201904241300
  Writing /home/lwestern/agage/meteorology/cfsv2/flexpart_inputs//GF19042413
  Trying cycle: 20190424
  Selected cycle: 20190424
Processing timestep: 201904241400
  Writing /home/lwestern/agage/meteorology/cfsv2/flexpart_inputs//GF19042414
  Trying cycle: 20190424
  WARNING: Missing ipvgrbh file for 201904241300 cycle 20190424 (continuing with pgrbh only)
  Step filtering not needed (single numeric stepRange=1)
  WARNING: Missing ipvgrbh file for 201904241400 cycle 20190424 (continuing with pgrbh only)
  Step filtering not needed (single numeric stepRange=2)
  Selected cycle: 20190424
Processing timestep: 201904241500
  Writing /home/lwestern/agage/meteorology/cfsv2/flexpart_inputs//GF19042415
  Trying cycle: 20190424
  WARNING: Missing ipvgrbh file for 201904241500 cycle 20190424 (continuing with pgrbh only)
  Step filtering not needed (single numeric stepRange=3)
  Selected cycle: 20190424
Processing timestep: 201904241600
  Writing /home/lwestern/agage/meteorology/cfsv2/flexpart_inputs//GF19042416
  Trying cycle: 20190424
  WARNING: Missing ipvgrbh file for 201904241600 cycle 20190424 (continuing with pgrbh only)
  Step filtering not needed (single numeric stepRange=4)
  Selected cycle: 20190424
Processing timestep: 201904241700
  Writing /home/lwestern/agage/meteorology/cfsv2/flexpart_inputs//GF19042417
  Trying cycle: 20190424
  WARNING: Missing ipvgrbh file for 201904241700 cycle 20190424 (continuing with pgrbh only)
  Step filtering not needed (single numeric stepRange=5)
  Selected cycle: 20190424
Processing timestep: 201904241800
  Writing /home/lwestern/agage/meteorology/cfsv2/flexpart_inputs//GF19042418
  Trying cycle: 20190424
  WARNING: Missing ipvgrbh file for 201904241800 cycle 20190424 (continuing with pgrbh only)
  Step filtering not needed (single numeric stepRange=6)
  Selected cycle: 20190424
Processing timestep: 201904241900
  Writing /home/lwestern/agage/meteorology/cfsv2/flexpart_inputs//GF19042419
  Trying cycle: 20190424
  WARNING: Missing ipvgrbh file for 201904241900 cycle 20190424 (continuing with pgrbh only)
  Step filtering not needed (single numeric stepRange=1)
  Selected cycle: 20190424
Processing timestep: 201904242000
  Writing /home/lwestern/agage/meteorology/cfsv2/flexpart_inputs//GF19042420
  Trying cycle: 20190424
  WARNING: Missing ipvgrbh file for 201904242000 cycle 20190424 (continuing with pgrbh only)
  Step filtering not needed (single numeric stepRange=2)
  Selected cycle: 20190424
Processing timestep: 201904242100
  Writing /home/lwestern/agage/meteorology/cfsv2/flexpart_inputs//GF19042421
  Trying cycle: 20190424
  WARNING: Missing ipvgrbh file for 201904242100 cycle 20190424 (continuing with pgrbh only)
  Selected cycle: 20190424
Processing timestep: 201904242200
  Writing /home/lwestern/agage/meteorology/cfsv2/flexpart_inputs//GF19042422
  Trying cycle: 20190424
  Step filtering not needed (single numeric stepRange=3)
  WARNING: Missing ipvgrbh file for 201904242200 cycle 20190424 (continuing with pgrbh only)
  Step filtering not needed (single numeric stepRange=4)
  Selected cycle: 20190424
Processing timestep: 201904242300
  Writing /home/lwestern/agage/meteorology/cfsv2/flexpart_inputs//GF19042423
  Trying cycle: 20190424
  WARNING: Missing ipvgrbh file for 201904242300 cycle 20190424 (continuing with pgrbh only)
  Step filtering not needed (single numeric stepRange=5)
  Selected cycle: 20190424
Processing timestep: 201904250000
  Writing /home/lwestern/agage/meteorology/cfsv2/flexpart_inputs//GF19042500
  Trying cycle: 20190424
  WARNING: Missing ipvgrbh file for 201904250000 cycle 20190424 (continuing with pgrbh only)
  Step filtering not needed (single numeric stepRange=6)
  Selected cycle: 20190424
Processing timestep: 201904250100
  Writing /home/lwestern/agage/meteorology/cfsv2/flexpart_inputs//GF19042501
  Trying cycle: 20190425
  Step filtering not needed (single numeric stepRange=1)
  Selected cycle: 20190424
Processing timestep: 201904250200
  Writing /home/lwestern/agage/meteorology/cfsv2/flexpart_inputs//GF19042502
  Trying cycle: 20190425
  Step filtering not needed (single numeric stepRange=2)
  Selected cycle: 20190424
Processing timestep: 201904250300
  Writing /home/lwestern/agage/meteorology/cfsv2/flexpart_inputs//GF19042503
  Trying cycle: 20190425
  Step filtering not needed (single numeric stepRange=3)
  Selected cycle: 20190424
Processing timestep: 201904250400
  Writing /home/lwestern/agage/meteorology/cfsv2/flexpart_inputs//GF19042504
  Trying cycle: 20190425
  Step filtering not needed (single numeric stepRange=4)
  Selected cycle: 20190424
Processing timestep: 201904250500
  Writing /home/lwestern/agage/meteorology/cfsv2/flexpart_inputs//GF19042505
  Trying cycle: 20190425
  Step filtering not needed (single numeric stepRange=5)
  Selected cycle: 20190424
Processing timestep: 201904250600
  Writing /home/lwestern/agage/meteorology/cfsv2/flexpart_inputs//GF19042506
  Trying cycle: 20190425
  Step filtering not needed (single numeric stepRange=6)
  Selected cycle: 20190424
Processing timestep: 201904250700
  Writing /home/lwestern/agage/meteorology/cfsv2/flexpart_inputs//GF19042507
  Trying cycle: 20190425
  Step filtering not needed (single numeric stepRange=1)
  Selected cycle: 20190424
Processing timestep: 201904250800
  Writing /home/lwestern/agage/meteorology/cfsv2/flexpart_inputs//GF19042508
  Trying cycle: 20190425
  Step filtering not needed (single numeric stepRange=2)
  Selected cycle: 20190425
Processing timestep: 201904250900
  Writing /home/lwestern/agage/meteorology/cfsv2/flexpart_inputs//GF19042509
  Trying cycle: 20190425
  Step filtering not needed (single numeric stepRange=3)
  Selected cycle: 20190425
Processing timestep: 201904251000
  Writing /home/lwestern/agage/meteorology/cfsv2/flexpart_inputs//GF19042510
  Trying cycle: 20190425
  Step filtering not needed (single numeric stepRange=4)
  Selected cycle: 20190425
Processing timestep: 201904251100
  Writing /home/lwestern/agage/meteorology/cfsv2/flexpart_inputs//GF19042511
  Trying cycle: 20190425
  Step filtering not needed (single numeric stepRange=5)
  Selected cycle: 20190425
Processing timestep: 201904251200
  Writing /home/lwestern/agage/meteorology/cfsv2/flexpart_inputs//GF19042512
  Trying cycle: 20190425
  Step filtering not needed (single numeric stepRange=6)
  Selected cycle: 20190425
Processing timestep: 201904251300
  Writing /home/lwestern/agage/meteorology/cfsv2/flexpart_inputs//GF19042513
  Trying cycle: 20190425
  Step filtering not needed (single numeric stepRange=1)
  Selected cycle: 20190425
Processing timestep: 201904251400
  Writing /home/lwestern/agage/meteorology/cfsv2/flexpart_inputs//GF19042514
  Trying cycle: 20190425
  Step filtering not needed (single numeric stepRange=2)
  Selected cycle: 20190425
Processing timestep: 201904251500
  Writing /home/lwestern/agage/meteorology/cfsv2/flexpart_inputs//GF19042515
  Trying cycle: 20190425
  Selected cycle: 20190425
Processing timestep: 201904251600
  Writing /home/lwestern/agage/meteorology/cfsv2/flexpart_inputs//GF19042516
  Trying cycle: 20190425
  Step filtering not needed (single numeric stepRange=3)
  Step filtering not needed (single numeric stepRange=4)
  Selected cycle: 20190425
Processing timestep: 201904251700
  Writing /home/lwestern/agage/meteorology/cfsv2/flexpart_inputs//GF19042517
  Trying cycle: 20190425
  Step filtering not needed (single numeric stepRange=5)
  Selected cycle: 20190425
Processing timestep: 201904251800
  Writing /home/lwestern/agage/meteorology/cfsv2/flexpart_inputs//GF19042518
  Trying cycle: 20190425
  Step filtering not needed (single numeric stepRange=6)
  Selected cycle: 20190425
Processing timestep: 201904251900
  Writing /home/lwestern/agage/meteorology/cfsv2/flexpart_inputs//GF19042519
  Trying cycle: 20190425
  Step filtering not needed (single numeric stepRange=1)
  Selected cycle: 20190425
Processing timestep: 201904252000
  Writing /home/lwestern/agage/meteorology/cfsv2/flexpart_inputs//GF19042520
  Trying cycle: 20190425
  Step filtering not needed (single numeric stepRange=2)
  Selected cycle: 20190425
Processing timestep: 201904252100
  Writing /home/lwestern/agage/meteorology/cfsv2/flexpart_inputs//GF19042521
  Trying cycle: 20190425
  Step filtering not needed (single numeric stepRange=3)
  Selected cycle: 20190425
Processing timestep: 201904252200
  Writing /home/lwestern/agage/meteorology/cfsv2/flexpart_inputs//GF19042522
  Trying cycle: 20190425
  Step filtering not needed (single numeric stepRange=4)
  Selected cycle: 20190425
Processing timestep: 201904252300
  Writing /home/lwestern/agage/meteorology/cfsv2/flexpart_inputs//GF19042523
  Trying cycle: 20190425
  Selected cycle: 20190425
Processing timestep: 201904260000
  Step filtering not needed (single numeric stepRange=5)
  Writing /home/lwestern/agage/meteorology/cfsv2/flexpart_inputs//GF19042600
  Trying cycle: 20190425
  Selected cycle: 20190425
Processing timestep: 201904270100
  Writing /home/lwestern/agage/meteorology/cfsv2/flexpart_inputs//GF19042701
  Trying cycle: 20190427
  Step filtering not needed (single numeric stepRange=6)
  WARNING: Missing ipvgrbh file for 201904270100 cycle 20190427 (continuing with pgrbh only)
  Step filtering not needed (single numeric stepRange=1)
  Selected cycle: 20190425
Processing timestep: 201904270200
  Writing /home/lwestern/agage/meteorology/cfsv2/flexpart_inputs//GF19042702
  Trying cycle: 20190427
  WARNING: Missing ipvgrbh file for 201904270200 cycle 20190427 (continuing with pgrbh only)
  Step filtering not needed (single numeric stepRange=2)
  Selected cycle: 20190425
Processing timestep: 201904270300
  Writing /home/lwestern/agage/meteorology/cfsv2/flexpart_inputs//GF19042703
  Trying cycle: 20190427
  WARNING: Missing ipvgrbh file for 201904270300 cycle 20190427 (continuing with pgrbh only)
  Step filtering not needed (single numeric stepRange=3)
  Selected cycle: 20190425
Processing timestep: 201904270400
  Writing /home/lwestern/agage/meteorology/cfsv2/flexpart_inputs//GF19042704
  Trying cycle: 20190427
  WARNING: Missing ipvgrbh file for 201904270400 cycle 20190427 (continuing with pgrbh only)
  Step filtering not needed (single numeric stepRange=4)
  Selected cycle: 20190425
Processing timestep: 201904270500
  Writing /home/lwestern/agage/meteorology/cfsv2/flexpart_inputs//GF19042705
  Trying cycle: 20190427
  WARNING: Missing ipvgrbh file for 201904270500 cycle 20190427 (continuing with pgrbh only)
  Step filtering not needed (single numeric stepRange=5)
  Selected cycle: 20190425
Processing timestep: 201904270600
  Writing /home/lwestern/agage/meteorology/cfsv2/flexpart_inputs//GF19042706
  Trying cycle: 20190427
  WARNING: Missing ipvgrbh file for 201904270600 cycle 20190427 (continuing with pgrbh only)
  Step filtering not needed (single numeric stepRange=6)
  Selected cycle: 20190425
Processing timestep: 201904270700
  Writing /home/lwestern/agage/meteorology/cfsv2/flexpart_inputs//GF19042707
  Trying cycle: 20190427
  WARNING: Missing ipvgrbh file for 201904270700 cycle 20190427 (continuing with pgrbh only)
  Step filtering not needed (single numeric stepRange=1)
  Selected cycle: 20190425
Processing timestep: 201904270800
  Writing /home/lwestern/agage/meteorology/cfsv2/flexpart_inputs//GF19042708
  Trying cycle: 20190427
  WARNING: Missing ipvgrbh file for 201904270800 cycle 20190427 (continuing with pgrbh only)
  Step filtering not needed (single numeric stepRange=2)
  Selected cycle: 20190427
Processing timestep: 201904270900
  Writing /home/lwestern/agage/meteorology/cfsv2/flexpart_inputs//GF19042709
  Trying cycle: 20190427
  WARNING: Missing ipvgrbh file for 201904270900 cycle 20190427 (continuing with pgrbh only)
  Step filtering not needed (single numeric stepRange=3)
  Selected cycle: 20190427
Processing timestep: 201904271000
  Writing /home/lwestern/agage/meteorology/cfsv2/flexpart_inputs//GF19042710
  Trying cycle: 20190427
  WARNING: Missing ipvgrbh file for 201904271000 cycle 20190427 (continuing with pgrbh only)
  Step filtering not needed (single numeric stepRange=4)
  Selected cycle: 20190427
Processing timestep: 201904271100
  Writing /home/lwestern/agage/meteorology/cfsv2/flexpart_inputs//GF19042711
  Trying cycle: 20190427
  WARNING: Missing ipvgrbh file for 201904271100 cycle 20190427 (continuing with pgrbh only)
  Step filtering not needed (single numeric stepRange=5)
  Selected cycle: 20190427
Processing timestep: 201904271200
  Writing /home/lwestern/agage/meteorology/cfsv2/flexpart_inputs//GF19042712
  Trying cycle: 20190427
  WARNING: Missing ipvgrbh file for 201904271200 cycle 20190427 (continuing with pgrbh only)
  Step filtering not needed (single numeric stepRange=6)
  Selected cycle: 20190427
Processing timestep: 201904271300
  Writing /home/lwestern/agage/meteorology/cfsv2/flexpart_inputs//GF19042713
  Trying cycle: 20190427
  WARNING: Missing ipvgrbh file for 201904271300 cycle 20190427 (continuing with pgrbh only)
  Step filtering not needed (single numeric stepRange=1)
  Selected cycle: 20190427
Processing timestep: 201904271400
  Writing /home/lwestern/agage/meteorology/cfsv2/flexpart_inputs//GF19042714
  Trying cycle: 20190427
  WARNING: Missing ipvgrbh file for 201904271400 cycle 20190427 (continuing with pgrbh only)
  Step filtering not needed (single numeric stepRange=2)
  Selected cycle: 20190427
Processing timestep: 201904271500
  Writing /home/lwestern/agage/meteorology/cfsv2/flexpart_inputs//GF19042715
  Trying cycle: 20190427
  WARNING: Missing ipvgrbh file for 201904271500 cycle 20190427 (continuing with pgrbh only)
  Step filtering not needed (single numeric stepRange=3)
  Selected cycle: 20190427
Processing timestep: 201904271600
  Writing /home/lwestern/agage/meteorology/cfsv2/flexpart_inputs//GF19042716
  Trying cycle: 20190427
  Selected cycle: 20190427
Processing timestep: 201904271700
  Writing /home/lwestern/agage/meteorology/cfsv2/flexpart_inputs//GF19042717
  Trying cycle: 20190427
  WARNING: Missing ipvgrbh file for 201904271600 cycle 20190427 (continuing with pgrbh only)
  WARNING: Missing ipvgrbh file for 201904271700 cycle 20190427 (continuing with pgrbh only)
  Step filtering not needed (single numeric stepRange=4)
  Step filtering not needed (single numeric stepRange=5)
  Selected cycle: 20190427
Processing timestep: 201904271800
  Writing /home/lwestern/agage/meteorology/cfsv2/flexpart_inputs//GF19042718
  Trying cycle: 20190427
  WARNING: Missing ipvgrbh file for 201904271800 cycle 20190427 (continuing with pgrbh only)
  Step filtering not needed (single numeric stepRange=6)
  Selected cycle: 20190427
Processing timestep: 201904271900
  Writing /home/lwestern/agage/meteorology/cfsv2/flexpart_inputs//GF19042719
  Trying cycle: 20190427
  WARNING: Missing ipvgrbh file for 201904271900 cycle 20190427 (continuing with pgrbh only)
  Step filtering not needed (single numeric stepRange=1)
  Selected cycle: 20190427
Processing timestep: 201904272000
  Writing /home/lwestern/agage/meteorology/cfsv2/flexpart_inputs//GF19042720
  Trying cycle: 20190427
  Selected cycle: 20190427
Processing timestep: 201904272100
  Writing /home/lwestern/agage/meteorology/cfsv2/flexpart_inputs//GF19042721
  Trying cycle: 20190427
  WARNING: Missing ipvgrbh file for 201904272000 cycle 20190427 (continuing with pgrbh only)
  Step filtering not needed (single numeric stepRange=2)
  WARNING: Missing ipvgrbh file for 201904272100 cycle 20190427 (continuing with pgrbh only)
  Step filtering not needed (single numeric stepRange=3)
  Selected cycle: 20190427
Processing timestep: 201904272200
  Writing /home/lwestern/agage/meteorology/cfsv2/flexpart_inputs//GF19042722
  Trying cycle: 20190427
  WARNING: Missing ipvgrbh file for 201904272200 cycle 20190427 (continuing with pgrbh only)
  Step filtering not needed (single numeric stepRange=4)
  Selected cycle: 20190427
Processing timestep: 201904272300
  Writing /home/lwestern/agage/meteorology/cfsv2/flexpart_inputs//GF19042723
  Trying cycle: 20190427
  Selected cycle: 20190427
Processing timestep: 201904280000
  Writing /home/lwestern/agage/meteorology/cfsv2/flexpart_inputs//GF19042800
  Trying cycle: 20190427
  Selected cycle: 20190427
Processing timestep: 201904290100
  Writing /home/lwestern/agage/meteorology/cfsv2/flexpart_inputs//GF19042901
  Trying cycle: 20190429
  WARNING: Missing ipvgrbh file for 201904272300 cycle 20190427 (continuing with pgrbh only)
  Step filtering not needed (single numeric stepRange=5)
  WARNING: Missing ipvgrbh file for 201904280000 cycle 20190427 (continuing with pgrbh only)
  Step filtering not needed (single numeric stepRange=6)
  Step filtering not needed (single numeric stepRange=1)
  Selected cycle: 20190427
Processing timestep: 201904290200
  Writing /home/lwestern/agage/meteorology/cfsv2/flexpart_inputs//GF19042902
  Trying cycle: 20190429
  Step filtering not needed (single numeric stepRange=2)
  Selected cycle: 20190427
Processing timestep: 201904290300
  Writing /home/lwestern/agage/meteorology/cfsv2/flexpart_inputs//GF19042903
  Trying cycle: 20190429
  Step filtering not needed (single numeric stepRange=3)
  Selected cycle: 20190427
Processing timestep: 201904290400
  Writing /home/lwestern/agage/meteorology/cfsv2/flexpart_inputs//GF19042904
  Trying cycle: 20190429
  Step filtering not needed (single numeric stepRange=4)
  Selected cycle: 20190427
Processing timestep: 201904290500
  Writing /home/lwestern/agage/meteorology/cfsv2/flexpart_inputs//GF19042905
  Trying cycle: 20190429
  Step filtering not needed (single numeric stepRange=5)
  Selected cycle: 20190427
Processing timestep: 201904290600
  Writing /home/lwestern/agage/meteorology/cfsv2/flexpart_inputs//GF19042906
  Trying cycle: 20190429
  Step filtering not needed (single numeric stepRange=6)
  Selected cycle: 20190427
Processing timestep: 201904290700
  Writing /home/lwestern/agage/meteorology/cfsv2/flexpart_inputs//GF19042907
  Trying cycle: 20190429
  Selected cycle: 20190429
Processing timestep: 201904290800
  Writing /home/lwestern/agage/meteorology/cfsv2/flexpart_inputs//GF19042908
  Trying cycle: 20190429
  Selected cycle: 20190427
Processing timestep: 201904290900
  Writing /home/lwestern/agage/meteorology/cfsv2/flexpart_inputs//GF19042909
  Trying cycle: 20190429
  Step filtering not needed (single numeric stepRange=1)
  Step filtering not needed (single numeric stepRange=2)
  Step filtering not needed (single numeric stepRange=3)
  Selected cycle: 20190429
Processing timestep: 201904291000
  Writing /home/lwestern/agage/meteorology/cfsv2/flexpart_inputs//GF19042910
  Trying cycle: 20190429
  Step filtering not needed (single numeric stepRange=4)
  Selected cycle: 20190429
Processing timestep: 201904291100
  Writing /home/lwestern/agage/meteorology/cfsv2/flexpart_inputs//GF19042911
  Trying cycle: 20190429
  Step filtering not needed (single numeric stepRange=5)
  Selected cycle: 20190429
Processing timestep: 201904291200
  Writing /home/lwestern/agage/meteorology/cfsv2/flexpart_inputs//GF19042912
  Trying cycle: 20190429
  Selected cycle: 20190429
Processing timestep: 201904291300
  Writing /home/lwestern/agage/meteorology/cfsv2/flexpart_inputs//GF19042913
  Trying cycle: 20190429
  Step filtering not needed (single numeric stepRange=6)
  Step filtering not needed (single numeric stepRange=1)
  Selected cycle: 20190429
Processing timestep: 201904291400
  Writing /home/lwestern/agage/meteorology/cfsv2/flexpart_inputs//GF19042914
  Trying cycle: 20190429
  Step filtering not needed (single numeric stepRange=2)
  Selected cycle: 20190429
Processing timestep: 201904291500
  Writing /home/lwestern/agage/meteorology/cfsv2/flexpart_inputs//GF19042915
  Trying cycle: 20190429
  Step filtering not needed (single numeric stepRange=3)
  Selected cycle: 20190429
Processing timestep: 201904291600
  Writing /home/lwestern/agage/meteorology/cfsv2/flexpart_inputs//GF19042916
  Trying cycle: 20190429
  Step filtering not needed (single numeric stepRange=4)
  Selected cycle: 20190429
Processing timestep: 201904291700
  Writing /home/lwestern/agage/meteorology/cfsv2/flexpart_inputs//GF19042917
  Trying cycle: 20190429
  Selected cycle: 20190429
Processing timestep: 201904291800
  Writing /home/lwestern/agage/meteorology/cfsv2/flexpart_inputs//GF19042918
  Trying cycle: 20190429
  Step filtering not needed (single numeric stepRange=5)
  Step filtering not needed (single numeric stepRange=6)
  Selected cycle: 20190429
Processing timestep: 201904291900
  Writing /home/lwestern/agage/meteorology/cfsv2/flexpart_inputs//GF19042919
  Trying cycle: 20190429
  Step filtering not needed (single numeric stepRange=1)
  Selected cycle: 20190429
Processing timestep: 201904292000
  Writing /home/lwestern/agage/meteorology/cfsv2/flexpart_inputs//GF19042920
  Trying cycle: 20190429
  Selected cycle: 20190429
Processing timestep: 201904292100
  Writing /home/lwestern/agage/meteorology/cfsv2/flexpart_inputs//GF19042921
  Trying cycle: 20190429
  Step filtering not needed (single numeric stepRange=2)
  Selected cycle: 20190429
Processing timestep: 201904292200
  Writing /home/lwestern/agage/meteorology/cfsv2/flexpart_inputs//GF19042922
  Trying cycle: 20190429
  Step filtering not needed (single numeric stepRange=3)
  Step filtering not needed (single numeric stepRange=4)
  Selected cycle: 20190429
Processing timestep: 201904292300
  Writing /home/lwestern/agage/meteorology/cfsv2/flexpart_inputs//GF19042923
  Trying cycle: 20190429
  Selected cycle: 20190429
Processing timestep: 201904300000
  Writing /home/lwestern/agage/meteorology/cfsv2/flexpart_inputs//GF19043000
  Trying cycle: 20190429
  Step filtering not needed (single numeric stepRange=5)
  Step filtering not needed (single numeric stepRange=6)
  Selected cycle: 20190429
Processing timestep: 201905010100
  Writing /home/lwestern/agage/meteorology/cfsv2/flexpart_inputs//GF19050101
  Trying cycle: 20190501
  Selected cycle: 20190429
Processing timestep: 201905010200
  Writing /home/lwestern/agage/meteorology/cfsv2/flexpart_inputs//GF19050102
  Trying cycle: 20190501
  WARNING: Missing ipvgrbh file for 201905010100 cycle 20190501 (continuing with pgrbh only)
  Step filtering not needed (single numeric stepRange=1)
  WARNING: Missing ipvgrbh file for 201905010200 cycle 20190501 (continuing with pgrbh only)
  Step filtering not needed (single numeric stepRange=2)
  Selected cycle: 20190429
Processing timestep: 201905010300
  Writing /home/lwestern/agage/meteorology/cfsv2/flexpart_inputs//GF19050103
  Trying cycle: 20190501
  WARNING: Missing ipvgrbh file for 201905010300 cycle 20190501 (continuing with pgrbh only)
  Step filtering not needed (single numeric stepRange=3)
  Selected cycle: 20190429
Processing timestep: 201905010400
  Writing /home/lwestern/agage/meteorology/cfsv2/flexpart_inputs//GF19050104
  Trying cycle: 20190501
  WARNING: Missing ipvgrbh file for 201905010400 cycle 20190501 (continuing with pgrbh only)
  Selected cycle: 20190429
Processing timestep: 201905010500
  Writing /home/lwestern/agage/meteorology/cfsv2/flexpart_inputs//GF19050105
  Step filtering not needed (single numeric stepRange=4)
  Trying cycle: 20190501
  Selected cycle: 20190429
Processing timestep: 201905010600
  Writing /home/lwestern/agage/meteorology/cfsv2/flexpart_inputs//GF19050106
  Trying cycle: 20190501
  WARNING: Missing ipvgrbh file for 201905010500 cycle 20190501 (continuing with pgrbh only)
  Step filtering not needed (single numeric stepRange=5)
  WARNING: Missing ipvgrbh file for 201905010600 cycle 20190501 (continuing with pgrbh only)
  Step filtering not needed (single numeric stepRange=6)
  Selected cycle: 20190429
Processing timestep: 201905010700
  Writing /home/lwestern/agage/meteorology/cfsv2/flexpart_inputs//GF19050107
  Trying cycle: 20190501
  WARNING: Missing ipvgrbh file for 201905010700 cycle 20190501 (continuing with pgrbh only)
  Selected cycle: 20190429
Processing timestep: 201905010800
  Writing /home/lwestern/agage/meteorology/cfsv2/flexpart_inputs//GF19050108
  Trying cycle: 20190501
  Step filtering not needed (single numeric stepRange=1)
  WARNING: Missing ipvgrbh file for 201905010800 cycle 20190501 (continuing with pgrbh only)
  Step filtering not needed (single numeric stepRange=2)
  Selected cycle: 20190501
Processing timestep: 201905010900
  Writing /home/lwestern/agage/meteorology/cfsv2/flexpart_inputs//GF19050109
  Trying cycle: 20190501
  WARNING: Missing ipvgrbh file for 201905010900 cycle 20190501 (continuing with pgrbh only)
  Step filtering not needed (single numeric stepRange=3)
  Selected cycle: 20190501
Processing timestep: 201905011000
  Writing /home/lwestern/agage/meteorology/cfsv2/flexpart_inputs//GF19050110
  Trying cycle: 20190501
  WARNING: Missing ipvgrbh file for 201905011000 cycle 20190501 (continuing with pgrbh only)
  Step filtering not needed (single numeric stepRange=4)
  Selected cycle: 20190501
Processing timestep: 201905011100
  Writing /home/lwestern/agage/meteorology/cfsv2/flexpart_inputs//GF19050111
  Trying cycle: 20190501
  WARNING: Missing ipvgrbh file for 201905011100 cycle 20190501 (continuing with pgrbh only)
  Step filtering not needed (single numeric stepRange=5)
  Selected cycle: 20190501
Processing timestep: 201905011200
  Writing /home/lwestern/agage/meteorology/cfsv2/flexpart_inputs//GF19050112
  Trying cycle: 20190501
  WARNING: Missing ipvgrbh file for 201905011200 cycle 20190501 (continuing with pgrbh only)
  Step filtering not needed (single numeric stepRange=6)
  Selected cycle: 20190501
Processing timestep: 201905011300
  Writing /home/lwestern/agage/meteorology/cfsv2/flexpart_inputs//GF19050113
  Trying cycle: 20190501
  WARNING: Missing ipvgrbh file for 201905011300 cycle 20190501 (continuing with pgrbh only)
  Step filtering not needed (single numeric stepRange=1)
  Selected cycle: 20190501
Processing timestep: 201905011400
  Writing /home/lwestern/agage/meteorology/cfsv2/flexpart_inputs//GF19050114
  Trying cycle: 20190501
  WARNING: Missing ipvgrbh file for 201905011400 cycle 20190501 (continuing with pgrbh only)
  Step filtering not needed (single numeric stepRange=2)
  Selected cycle: 20190501
Processing timestep: 201905011500
  Writing /home/lwestern/agage/meteorology/cfsv2/flexpart_inputs//GF19050115
  Trying cycle: 20190501
  WARNING: Missing ipvgrbh file for 201905011500 cycle 20190501 (continuing with pgrbh only)
  Step filtering not needed (single numeric stepRange=3)
  Selected cycle: 20190501
Processing timestep: 201905011600
  Writing /home/lwestern/agage/meteorology/cfsv2/flexpart_inputs//GF19050116
  Trying cycle: 20190501
  Selected cycle: 20190501
Processing timestep: 201905011700
  Writing /home/lwestern/agage/meteorology/cfsv2/flexpart_inputs//GF19050117
  Trying cycle: 20190501
  WARNING: Missing ipvgrbh file for 201905011600 cycle 20190501 (continuing with pgrbh only)
  Step filtering not needed (single numeric stepRange=4)
  WARNING: Missing ipvgrbh file for 201905011700 cycle 20190501 (continuing with pgrbh only)
  Step filtering not needed (single numeric stepRange=5)
  Selected cycle: 20190501
Processing timestep: 201905011800
  Writing /home/lwestern/agage/meteorology/cfsv2/flexpart_inputs//GF19050118
  Trying cycle: 20190501
  WARNING: Missing ipvgrbh file for 201905011800 cycle 20190501 (continuing with pgrbh only)
  Step filtering not needed (single numeric stepRange=6)
  Selected cycle: 20190501
Processing timestep: 201905011900
  Writing /home/lwestern/agage/meteorology/cfsv2/flexpart_inputs//GF19050119
  Trying cycle: 20190501
  WARNING: Missing ipvgrbh file for 201905011900 cycle 20190501 (continuing with pgrbh only)
  Step filtering not needed (single numeric stepRange=1)
  Selected cycle: 20190501
Processing timestep: 201905012000
  Writing /home/lwestern/agage/meteorology/cfsv2/flexpart_inputs//GF19050120
  Trying cycle: 20190501
  WARNING: Missing ipvgrbh file for 201905012000 cycle 20190501 (continuing with pgrbh only)
  Step filtering not needed (single numeric stepRange=2)
  Selected cycle: 20190501
Processing timestep: 201905012100
  Writing /home/lwestern/agage/meteorology/cfsv2/flexpart_inputs//GF19050121
  Trying cycle: 20190501
  WARNING: Missing ipvgrbh file for 201905012100 cycle 20190501 (continuing with pgrbh only)
  Step filtering not needed (single numeric stepRange=3)
  Selected cycle: 20190501
Processing timestep: 201905012200
  Writing /home/lwestern/agage/meteorology/cfsv2/flexpart_inputs//GF19050122
  Trying cycle: 20190501
  WARNING: Missing ipvgrbh file for 201905012200 cycle 20190501 (continuing with pgrbh only)
  Step filtering not needed (single numeric stepRange=4)
  Selected cycle: 20190501
Processing timestep: 201905012300
  Writing /home/lwestern/agage/meteorology/cfsv2/flexpart_inputs//GF19050123
  Trying cycle: 20190501
  WARNING: Missing ipvgrbh file for 201905012300 cycle 20190501 (continuing with pgrbh only)
  Step filtering not needed (single numeric stepRange=5)
  Selected cycle: 20190501
Processing timestep: 201905020000
  Writing /home/lwestern/agage/meteorology/cfsv2/flexpart_inputs//GF19050200
  Trying cycle: 20190501
  Selected cycle: 20190501
Processing timestep: 201905020100
  Writing /home/lwestern/agage/meteorology/cfsv2/flexpart_inputs//GF19050201
  Trying cycle: 20190502
  WARNING: Missing ipvgrbh file for 201905020000 cycle 20190501 (continuing with pgrbh only)
  Step filtering not needed (single numeric stepRange=6)
  Step filtering not needed (single numeric stepRange=1)
  Selected cycle: 20190501
Processing timestep: 201905020200
  Writing /home/lwestern/agage/meteorology/cfsv2/flexpart_inputs//GF19050202
  Trying cycle: 20190502
  Step filtering not needed (single numeric stepRange=2)
  Selected cycle: 20190501
Processing timestep: 201905020300
  Writing /home/lwestern/agage/meteorology/cfsv2/flexpart_inputs//GF19050203
  Trying cycle: 20190502
  Step filtering not needed (single numeric stepRange=3)
  Selected cycle: 20190501
Processing timestep: 201905020400
  Writing /home/lwestern/agage/meteorology/cfsv2/flexpart_inputs//GF19050204
  Trying cycle: 20190502
  Step filtering not needed (single numeric stepRange=4)
  Selected cycle: 20190501
Processing timestep: 201905020500
  Writing /home/lwestern/agage/meteorology/cfsv2/flexpart_inputs//GF19050205
  Trying cycle: 20190502
  Selected cycle: 20190501
Processing timestep: 201905020600
  Writing /home/lwestern/agage/meteorology/cfsv2/flexpart_inputs//GF19050206
  Trying cycle: 20190502
  Step filtering not needed (single numeric stepRange=5)
  Step filtering not needed (single numeric stepRange=6)
  Selected cycle: 20190501
Processing timestep: 201905020700
  Writing /home/lwestern/agage/meteorology/cfsv2/flexpart_inputs//GF19050207
  Trying cycle: 20190502
  Step filtering not needed (single numeric stepRange=1)
  Selected cycle: 20190502
Processing timestep: 201905020800
  Selected cycle: 20190501
  Writing /home/lwestern/agage/meteorology/cfsv2/flexpart_inputs//GF19050208
Processing timestep: 201905020900
  Trying cycle: 20190502
  Writing /home/lwestern/agage/meteorology/cfsv2/flexpart_inputs//GF19050209
  Trying cycle: 20190502
  Selected cycle: 20190502
Processing timestep: 201905021000
  Step filtering not needed (single numeric stepRange=2)
  Writing /home/lwestern/agage/meteorology/cfsv2/flexpart_inputs//GF19050210
  Trying cycle: 20190502
  Step filtering not needed (single numeric stepRange=3)
  Selected cycle: 20190502
Processing timestep: 201905021100
  Writing /home/lwestern/agage/meteorology/cfsv2/flexpart_inputs//GF19050211
  Trying cycle: 20190502
  Step filtering not needed (single numeric stepRange=4)
  Step filtering not needed (single numeric stepRange=5)
  Selected cycle: 20190502
Processing timestep: 201905021200
  Writing /home/lwestern/agage/meteorology/cfsv2/flexpart_inputs//GF19050212
  Trying cycle: 20190502
  Step filtering not needed (single numeric stepRange=6)
  Selected cycle: 20190502
Processing timestep: 201905021300
  Writing /home/lwestern/agage/meteorology/cfsv2/flexpart_inputs//GF19050213
  Trying cycle: 20190502
  Selected cycle: 20190502
Processing timestep: 201905021400
  Writing /home/lwestern/agage/meteorology/cfsv2/flexpart_inputs//GF19050214
  Trying cycle: 20190502
  Step filtering not needed (single numeric stepRange=1)
  Step filtering not needed (single numeric stepRange=2)
  Selected cycle: 20190502
Processing timestep: 201905021500
  Writing /home/lwestern/agage/meteorology/cfsv2/flexpart_inputs//GF19050215
  Trying cycle: 20190502
  Step filtering not needed (single numeric stepRange=3)
  Selected cycle: 20190502
Processing timestep: 201905021600
  Writing /home/lwestern/agage/meteorology/cfsv2/flexpart_inputs//GF19050216
  Trying cycle: 20190502
  Selected cycle: 20190502
Processing timestep: 201905021700
  Writing /home/lwestern/agage/meteorology/cfsv2/flexpart_inputs//GF19050217
  Trying cycle: 20190502
  Step filtering not needed (single numeric stepRange=4)
  Selected cycle: 20190502
Processing timestep: 201905021800
  Writing /home/lwestern/agage/meteorology/cfsv2/flexpart_inputs//GF19050218
  Trying cycle: 20190502
  Selected cycle: 20190502
Processing timestep: 201905021900
  Writing /home/lwestern/agage/meteorology/cfsv2/flexpart_inputs//GF19050219
  Trying cycle: 20190502
  Step filtering not needed (single numeric stepRange=5)
  Step filtering not needed (single numeric stepRange=6)
  Step filtering not needed (single numeric stepRange=1)
  Selected cycle: 20190502
Processing timestep: 201905022000
  Writing /home/lwestern/agage/meteorology/cfsv2/flexpart_inputs//GF19050220
  Trying cycle: 20190502
  Step filtering not needed (single numeric stepRange=2)
  Selected cycle: 20190502
Processing timestep: 201905022100
  Writing /home/lwestern/agage/meteorology/cfsv2/flexpart_inputs//GF19050221
  Trying cycle: 20190502
  Selected cycle: 20190502
Processing timestep: 201905022200
  Writing /home/lwestern/agage/meteorology/cfsv2/flexpart_inputs//GF19050222
  Trying cycle: 20190502
  Step filtering not needed (single numeric stepRange=3)
  Step filtering not needed (single numeric stepRange=4)
  Selected cycle: 20190502
Processing timestep: 201905022300
  Writing /home/lwestern/agage/meteorology/cfsv2/flexpart_inputs//GF19050223
  Trying cycle: 20190502
  Step filtering not needed (single numeric stepRange=5)
  Selected cycle: 20190502
Processing timestep: 201905030000
  Writing /home/lwestern/agage/meteorology/cfsv2/flexpart_inputs//GF19050300
  Trying cycle: 20190502
  Step filtering not needed (single numeric stepRange=6)
  Selected cycle: 20190502
Processing timestep: 201905040100
  Writing /home/lwestern/agage/meteorology/cfsv2/flexpart_inputs//GF19050401
  Trying cycle: 20190504
  Selected cycle: 20190502
Processing timestep: 201905040200
  Writing /home/lwestern/agage/meteorology/cfsv2/flexpart_inputs//GF19050402
  Trying cycle: 20190504
  WARNING: Missing ipvgrbh file for 201905040100 cycle 20190504 (continuing with pgrbh only)
  Step filtering not needed (single numeric stepRange=1)
  WARNING: Missing ipvgrbh file for 201905040200 cycle 20190504 (continuing with pgrbh only)
  Step filtering not needed (single numeric stepRange=2)
  Selected cycle: 20190502
Processing timestep: 201905040300
  Writing /home/lwestern/agage/meteorology/cfsv2/flexpart_inputs//GF19050403
  Trying cycle: 20190504
  WARNING: Missing ipvgrbh file for 201905040300 cycle 20190504 (continuing with pgrbh only)
  Step filtering not needed (single numeric stepRange=3)
  Selected cycle: 20190502
Processing timestep: 201905040400
  Writing /home/lwestern/agage/meteorology/cfsv2/flexpart_inputs//GF19050404
  Trying cycle: 20190504
  WARNING: Missing ipvgrbh file for 201905040400 cycle 20190504 (continuing with pgrbh only)
  Step filtering not needed (single numeric stepRange=4)
  Selected cycle: 20190502
Processing timestep: 201905040500
  Writing /home/lwestern/agage/meteorology/cfsv2/flexpart_inputs//GF19050405
  Trying cycle: 20190504
  WARNING: Missing ipvgrbh file for 201905040500 cycle 20190504 (continuing with pgrbh only)
  Step filtering not needed (single numeric stepRange=5)
  Selected cycle: 20190502
Processing timestep: 201905040600
  Writing /home/lwestern/agage/meteorology/cfsv2/flexpart_inputs//GF19050406
  Trying cycle: 20190504
  WARNING: Missing ipvgrbh file for 201905040600 cycle 20190504 (continuing with pgrbh only)
  Step filtering not needed (single numeric stepRange=6)
  Selected cycle: 20190502
Processing timestep: 201905040700
  Writing /home/lwestern/agage/meteorology/cfsv2/flexpart_inputs//GF19050407
  Trying cycle: 20190504
  WARNING: Missing ipvgrbh file for 201905040700 cycle 20190504 (continuing with pgrbh only)
  Step filtering not needed (single numeric stepRange=1)
  Selected cycle: 20190502
Processing timestep: 201905040800
  Writing /home/lwestern/agage/meteorology/cfsv2/flexpart_inputs//GF19050408
  Trying cycle: 20190504
  WARNING: Missing ipvgrbh file for 201905040800 cycle 20190504 (continuing with pgrbh only)
  Step filtering not needed (single numeric stepRange=2)
  Selected cycle: 20190504
Processing timestep: 201905040900
  Writing /home/lwestern/agage/meteorology/cfsv2/flexpart_inputs//GF19050409
  Trying cycle: 20190504
  Selected cycle: 20190504
Processing timestep: 201905041000
  Writing /home/lwestern/agage/meteorology/cfsv2/flexpart_inputs//GF19050410
  Trying cycle: 20190504
  WARNING: Missing ipvgrbh file for 201905040900 cycle 20190504 (continuing with pgrbh only)
  WARNING: Missing ipvgrbh file for 201905041000 cycle 20190504 (continuing with pgrbh only)
  Step filtering not needed (single numeric stepRange=3)
  Step filtering not needed (single numeric stepRange=4)
  Selected cycle: 20190504
Processing timestep: 201905041100
  Writing /home/lwestern/agage/meteorology/cfsv2/flexpart_inputs//GF19050411
  Trying cycle: 20190504
  WARNING: Missing ipvgrbh file for 201905041100 cycle 20190504 (continuing with pgrbh only)
  Step filtering not needed (single numeric stepRange=5)
  Selected cycle: 20190504
Processing timestep: 201905041200
  Writing /home/lwestern/agage/meteorology/cfsv2/flexpart_inputs//GF19050412
  Trying cycle: 20190504
  Selected cycle: 20190504
Processing timestep: 201905041300
  Writing /home/lwestern/agage/meteorology/cfsv2/flexpart_inputs//GF19050413
  Trying cycle: 20190504
  Selected cycle: 20190504
Processing timestep: 201905041400
  WARNING: Missing ipvgrbh file for 201905041200 cycle 20190504 (continuing with pgrbh only)
  Writing /home/lwestern/agage/meteorology/cfsv2/flexpart_inputs//GF19050414
  Trying cycle: 20190504
  Step filtering not needed (single numeric stepRange=6)
  WARNING: Missing ipvgrbh file for 201905041300 cycle 20190504 (continuing with pgrbh only)
  Step filtering not needed (single numeric stepRange=1)
  WARNING: Missing ipvgrbh file for 201905041400 cycle 20190504 (continuing with pgrbh only)
  Step filtering not needed (single numeric stepRange=2)
  Selected cycle: 20190504
Processing timestep: 201905041500
  Writing /home/lwestern/agage/meteorology/cfsv2/flexpart_inputs//GF19050415
  Trying cycle: 20190504
  WARNING: Missing ipvgrbh file for 201905041500 cycle 20190504 (continuing with pgrbh only)
  Step filtering not needed (single numeric stepRange=3)
  Selected cycle: 20190504
Processing timestep: 201905041600
  Writing /home/lwestern/agage/meteorology/cfsv2/flexpart_inputs//GF19050416
  Trying cycle: 20190504
  WARNING: Missing ipvgrbh file for 201905041600 cycle 20190504 (continuing with pgrbh only)
  Step filtering not needed (single numeric stepRange=4)
  Selected cycle: 20190504
Processing timestep: 201905041700
  Writing /home/lwestern/agage/meteorology/cfsv2/flexpart_inputs//GF19050417
  Trying cycle: 20190504
  WARNING: Missing ipvgrbh file for 201905041700 cycle 20190504 (continuing with pgrbh only)
  Step filtering not needed (single numeric stepRange=5)
  Selected cycle: 20190504
Processing timestep: 201905041800
  Writing /home/lwestern/agage/meteorology/cfsv2/flexpart_inputs//GF19050418
  Trying cycle: 20190504
  WARNING: Missing ipvgrbh file for 201905041800 cycle 20190504 (continuing with pgrbh only)
  Step filtering not needed (single numeric stepRange=6)
  Selected cycle: 20190504
Processing timestep: 201905041900
  Writing /home/lwestern/agage/meteorology/cfsv2/flexpart_inputs//GF19050419
  Trying cycle: 20190504
  WARNING: Missing ipvgrbh file for 201905041900 cycle 20190504 (continuing with pgrbh only)
  Step filtering not needed (single numeric stepRange=1)
  Selected cycle: 20190504
Processing timestep: 201905042000
  Writing /home/lwestern/agage/meteorology/cfsv2/flexpart_inputs//GF19050420
  Trying cycle: 20190504
  Selected cycle: 20190504
Processing timestep: 201905042100
  Writing /home/lwestern/agage/meteorology/cfsv2/flexpart_inputs//GF19050421
  Trying cycle: 20190504
  WARNING: Missing ipvgrbh file for 201905042000 cycle 20190504 (continuing with pgrbh only)
  Step filtering not needed (single numeric stepRange=2)
  Selected cycle: 20190504
  WARNING: Missing ipvgrbh file for 201905042100 cycle 20190504 (continuing with pgrbh only)
Processing timestep: 201905042200
  Writing /home/lwestern/agage/meteorology/cfsv2/flexpart_inputs//GF19050422
  Trying cycle: 20190504
  Step filtering not needed (single numeric stepRange=3)
  WARNING: Missing ipvgrbh file for 201905042200 cycle 20190504 (continuing with pgrbh only)
  Step filtering not needed (single numeric stepRange=4)
  Selected cycle: 20190504
Processing timestep: 201905042300
  Writing /home/lwestern/agage/meteorology/cfsv2/flexpart_inputs//GF19050423
  Trying cycle: 20190504
  WARNING: Missing ipvgrbh file for 201905042300 cycle 20190504 (continuing with pgrbh only)
  Step filtering not needed (single numeric stepRange=5)
  Selected cycle: 20190504
Processing timestep: 201905050000
  Writing /home/lwestern/agage/meteorology/cfsv2/flexpart_inputs//GF19050500
  Trying cycle: 20190504
  WARNING: Missing ipvgrbh file for 201905050000 cycle 20190504 (continuing with pgrbh only)
  Step filtering not needed (single numeric stepRange=6)
  Selected cycle: 20190504
Processing timestep: 201905100100
  Writing /home/lwestern/agage/meteorology/cfsv2/flexpart_inputs//GF19051001
  Trying cycle: 20190510
  Step filtering not needed (single numeric stepRange=1)
  Selected cycle: 20190504
Processing timestep: 201905100200
  Writing /home/lwestern/agage/meteorology/cfsv2/flexpart_inputs//GF19051002
  Trying cycle: 20190510
  Step filtering not needed (single numeric stepRange=2)
  Selected cycle: 20190504
Processing timestep: 201905100300
  Writing /home/lwestern/agage/meteorology/cfsv2/flexpart_inputs//GF19051003
  Trying cycle: 20190510
  Step filtering not needed (single numeric stepRange=3)
  Selected cycle: 20190504
Processing timestep: 201905100400
  Writing /home/lwestern/agage/meteorology/cfsv2/flexpart_inputs//GF19051004
  Trying cycle: 20190510
  Step filtering not needed (single numeric stepRange=4)
  Selected cycle: 20190504
Processing timestep: 201905100500
  Writing /home/lwestern/agage/meteorology/cfsv2/flexpart_inputs//GF19051005
  Trying cycle: 20190510
  Selected cycle: 20190504
Processing timestep: 201905100600
  Writing /home/lwestern/agage/meteorology/cfsv2/flexpart_inputs//GF19051006
  Trying cycle: 20190510
  Step filtering not needed (single numeric stepRange=5)
  Step filtering not needed (single numeric stepRange=6)
  Selected cycle: 20190504
Processing timestep: 201905100700
  Writing /home/lwestern/agage/meteorology/cfsv2/flexpart_inputs//GF19051007
  Trying cycle: 20190510
  Step filtering not needed (single numeric stepRange=1)
  Selected cycle: 20190504
Processing timestep: 201905100800
  Writing /home/lwestern/agage/meteorology/cfsv2/flexpart_inputs//GF19051008
  Trying cycle: 20190510
  Step filtering not needed (single numeric stepRange=2)
  Selected cycle: 20190510
Processing timestep: 201905100900
  Writing /home/lwestern/agage/meteorology/cfsv2/flexpart_inputs//GF19051009
  Trying cycle: 20190510
  Step filtering not needed (single numeric stepRange=3)
  Selected cycle: 20190510
Processing timestep: 201905101000
  Writing /home/lwestern/agage/meteorology/cfsv2/flexpart_inputs//GF19051010
  Trying cycle: 20190510
  Step filtering not needed (single numeric stepRange=4)
  Selected cycle: 20190510
Processing timestep: 201905101100
  Writing /home/lwestern/agage/meteorology/cfsv2/flexpart_inputs//GF19051011
  Trying cycle: 20190510
  Step filtering not needed (single numeric stepRange=5)
  Selected cycle: 20190510
Processing timestep: 201905101200
  Writing /home/lwestern/agage/meteorology/cfsv2/flexpart_inputs//GF19051012
  Trying cycle: 20190510
  Step filtering not needed (single numeric stepRange=6)
  Selected cycle: 20190510
Processing timestep: 201905101300
  Writing /home/lwestern/agage/meteorology/cfsv2/flexpart_inputs//GF19051013
  Trying cycle: 20190510
  Selected cycle: 20190510
Processing timestep: 201905101400
  Writing /home/lwestern/agage/meteorology/cfsv2/flexpart_inputs//GF19051014
  Trying cycle: 20190510
  Step filtering not needed (single numeric stepRange=2)
  Step filtering not needed (single numeric stepRange=1)
  Selected cycle: 20190510
Processing timestep: 201905101500
  Writing /home/lwestern/agage/meteorology/cfsv2/flexpart_inputs//GF19051015
  Trying cycle: 20190510
  Step filtering not needed (single numeric stepRange=3)
  Selected cycle: 20190510
Processing timestep: 201905101600
  Writing /home/lwestern/agage/meteorology/cfsv2/flexpart_inputs//GF19051016
  Trying cycle: 20190510
  Step filtering not needed (single numeric stepRange=4)
  Selected cycle: 20190510
Processing timestep: 201905101700
  Writing /home/lwestern/agage/meteorology/cfsv2/flexpart_inputs//GF19051017
  Trying cycle: 20190510
  Step filtering not needed (single numeric stepRange=5)
  Selected cycle: 20190510
Processing timestep: 201905101800
  Writing /home/lwestern/agage/meteorology/cfsv2/flexpart_inputs//GF19051018
  Trying cycle: 20190510
  Step filtering not needed (single numeric stepRange=6)
  Selected cycle: 20190510
Processing timestep: 201905101900
  Writing /home/lwestern/agage/meteorology/cfsv2/flexpart_inputs//GF19051019
  Trying cycle: 20190510
  Step filtering not needed (single numeric stepRange=1)
  Selected cycle: 20190510
Processing timestep: 201905102000
  Writing /home/lwestern/agage/meteorology/cfsv2/flexpart_inputs//GF19051020
  Trying cycle: 20190510
  Step filtering not needed (single numeric stepRange=2)
  Selected cycle: 20190510
Processing timestep: 201905102100
  Writing /home/lwestern/agage/meteorology/cfsv2/flexpart_inputs//GF19051021
  Trying cycle: 20190510
  Selected cycle: 20190510
Processing timestep: 201905102200
  Writing /home/lwestern/agage/meteorology/cfsv2/flexpart_inputs//GF19051022
  Trying cycle: 20190510
  Step filtering not needed (single numeric stepRange=3)
  Step filtering not needed (single numeric stepRange=4)
  Selected cycle: 20190510
Processing timestep: 201905102300
  Writing /home/lwestern/agage/meteorology/cfsv2/flexpart_inputs//GF19051023
  Trying cycle: 20190510
  Step filtering not needed (single numeric stepRange=5)
  Selected cycle: 20190510
Processing timestep: 201905110000
  Writing /home/lwestern/agage/meteorology/cfsv2/flexpart_inputs//GF19051100
  Trying cycle: 20190510
  Step filtering not needed (single numeric stepRange=6)
  Selected cycle: 20190510
Processing timestep: 201905110100
  Writing /home/lwestern/agage/meteorology/cfsv2/flexpart_inputs//GF19051101
  Trying cycle: 20190511
  Step filtering not needed (single numeric stepRange=1)
  Selected cycle: 20190510
Processing timestep: 201905110200
  Writing /home/lwestern/agage/meteorology/cfsv2/flexpart_inputs//GF19051102
  Trying cycle: 20190511
  Step filtering not needed (single numeric stepRange=2)
  Selected cycle: 20190510
Processing timestep: 201905110300
  Writing /home/lwestern/agage/meteorology/cfsv2/flexpart_inputs//GF19051103
  Trying cycle: 20190511
  Step filtering not needed (single numeric stepRange=3)
  Selected cycle: 20190510
Processing timestep: 201905110400
  Writing /home/lwestern/agage/meteorology/cfsv2/flexpart_inputs//GF19051104
  Trying cycle: 20190511
  Step filtering not needed (single numeric stepRange=4)
  Selected cycle: 20190510
Processing timestep: 201905110500
  Writing /home/lwestern/agage/meteorology/cfsv2/flexpart_inputs//GF19051105
  Selected cycle: 20190510
  Trying cycle: 20190511
Processing timestep: 201905110600
  Writing /home/lwestern/agage/meteorology/cfsv2/flexpart_inputs//GF19051106
  Trying cycle: 20190511
  Step filtering not needed (single numeric stepRange=5)
  Step filtering not needed (single numeric stepRange=6)
  Selected cycle: 20190510
Processing timestep: 201905110700
  Writing /home/lwestern/agage/meteorology/cfsv2/flexpart_inputs//GF19051107
  Trying cycle: 20190511
  Step filtering not needed (single numeric stepRange=1)
  Selected cycle: 20190510
Processing timestep: 201905110800
  Writing /home/lwestern/agage/meteorology/cfsv2/flexpart_inputs//GF19051108
  Trying cycle: 20190511
  Step filtering not needed (single numeric stepRange=2)
  Selected cycle: 20190511
Processing timestep: 201905110900
  Writing /home/lwestern/agage/meteorology/cfsv2/flexpart_inputs//GF19051109
  Trying cycle: 20190511
  Step filtering not needed (single numeric stepRange=3)
  Selected cycle: 20190511
Processing timestep: 201905111000
  Writing /home/lwestern/agage/meteorology/cfsv2/flexpart_inputs//GF19051110
  Trying cycle: 20190511
  Step filtering not needed (single numeric stepRange=4)
  Selected cycle: 20190511
Processing timestep: 201905111100
  Writing /home/lwestern/agage/meteorology/cfsv2/flexpart_inputs//GF19051111
  Trying cycle: 20190511
  Step filtering not needed (single numeric stepRange=5)
  Selected cycle: 20190511
Processing timestep: 201905111200
  Writing /home/lwestern/agage/meteorology/cfsv2/flexpart_inputs//GF19051112
  Trying cycle: 20190511
  Step filtering not needed (single numeric stepRange=6)
  Selected cycle: 20190511
Processing timestep: 201905111300
  Writing /home/lwestern/agage/meteorology/cfsv2/flexpart_inputs//GF19051113
  Trying cycle: 20190511
  Selected cycle: 20190511
Processing timestep: 201905111400
  Writing /home/lwestern/agage/meteorology/cfsv2/flexpart_inputs//GF19051114
  Trying cycle: 20190511
  Step filtering not needed (single numeric stepRange=1)
  Step filtering not needed (single numeric stepRange=2)
  Selected cycle: 20190511
Processing timestep: 201905111500
  Writing /home/lwestern/agage/meteorology/cfsv2/flexpart_inputs//GF19051115
  Trying cycle: 20190511
  Step filtering not needed (single numeric stepRange=3)
  Selected cycle: 20190511
Processing timestep: 201905111600
  Writing /home/lwestern/agage/meteorology/cfsv2/flexpart_inputs//GF19051116
  Trying cycle: 20190511
  Step filtering not needed (single numeric stepRange=4)
  Selected cycle: 20190511
Processing timestep: 201905111700
  Writing /home/lwestern/agage/meteorology/cfsv2/flexpart_inputs//GF19051117
  Trying cycle: 20190511
  Step filtering not needed (single numeric stepRange=5)
  Selected cycle: 20190511
Processing timestep: 201905111800
  Writing /home/lwestern/agage/meteorology/cfsv2/flexpart_inputs//GF19051118
  Trying cycle: 20190511
  Step filtering not needed (single numeric stepRange=6)
  Selected cycle: 20190511
Processing timestep: 201905111900
  Writing /home/lwestern/agage/meteorology/cfsv2/flexpart_inputs//GF19051119
  Trying cycle: 20190511
  Step filtering not needed (single numeric stepRange=1)
  Selected cycle: 20190511
Processing timestep: 201905112000
  Writing /home/lwestern/agage/meteorology/cfsv2/flexpart_inputs//GF19051120
  Trying cycle: 20190511
  Step filtering not needed (single numeric stepRange=2)
  Selected cycle: 20190511
Processing timestep: 201905112100
  Writing /home/lwestern/agage/meteorology/cfsv2/flexpart_inputs//GF19051121
  Trying cycle: 20190511
  Selected cycle: 20190511
Processing timestep: 201905112200
  Writing /home/lwestern/agage/meteorology/cfsv2/flexpart_inputs//GF19051122
  Trying cycle: 20190511
  Step filtering not needed (single numeric stepRange=3)
  Step filtering not needed (single numeric stepRange=4)
  Selected cycle: 20190511
Processing timestep: 201905112300
  Writing /home/lwestern/agage/meteorology/cfsv2/flexpart_inputs//GF19051123
  Trying cycle: 20190511
  Step filtering not needed (single numeric stepRange=5)
  Selected cycle: 20190511
Processing timestep: 201905120000
  Writing /home/lwestern/agage/meteorology/cfsv2/flexpart_inputs//GF19051200
  Trying cycle: 20190511
  Selected cycle: 20190511
Processing timestep: 201905130100
  Writing /home/lwestern/agage/meteorology/cfsv2/flexpart_inputs//GF19051301
  Trying cycle: 20190513
  Step filtering not needed (single numeric stepRange=6)
  Step filtering not needed (single numeric stepRange=1)
  Selected cycle: 20190511
Processing timestep: 201905130200
  Writing /home/lwestern/agage/meteorology/cfsv2/flexpart_inputs//GF19051302
  Trying cycle: 20190513
  Step filtering not needed (single numeric stepRange=2)
  Selected cycle: 20190511
Processing timestep: 201905130300
  Writing /home/lwestern/agage/meteorology/cfsv2/flexpart_inputs//GF19051303
  Trying cycle: 20190513
  Step filtering not needed (single numeric stepRange=3)
  Selected cycle: 20190511
Processing timestep: 201905130400
  Writing /home/lwestern/agage/meteorology/cfsv2/flexpart_inputs//GF19051304
  Trying cycle: 20190513
  Step filtering not needed (single numeric stepRange=4)
  Selected cycle: 20190511
Processing timestep: 201905130500
  Writing /home/lwestern/agage/meteorology/cfsv2/flexpart_inputs//GF19051305
  Trying cycle: 20190513
  Selected cycle: 20190511
Processing timestep: 201905130600
  Writing /home/lwestern/agage/meteorology/cfsv2/flexpart_inputs//GF19051306
  Trying cycle: 20190513
  Selected cycle: 20190511
Processing timestep: 201905130700
  Writing /home/lwestern/agage/meteorology/cfsv2/flexpart_inputs//GF19051307
  Trying cycle: 20190513
  Step filtering not needed (single numeric stepRange=5)
  Step filtering not needed (single numeric stepRange=6)
  Step filtering not needed (single numeric stepRange=1)
  Selected cycle: 20190511
Processing timestep: 201905130800
  Writing /home/lwestern/agage/meteorology/cfsv2/flexpart_inputs//GF19051308
  Trying cycle: 20190513
  Step filtering not needed (single numeric stepRange=2)
  Selected cycle: 20190513
Processing timestep: 201905130900
  Writing /home/lwestern/agage/meteorology/cfsv2/flexpart_inputs//GF19051309
  Trying cycle: 20190513
  Step filtering not needed (single numeric stepRange=3)
  Selected cycle: 20190513
Processing timestep: 201905131000
  Writing /home/lwestern/agage/meteorology/cfsv2/flexpart_inputs//GF19051310
  Trying cycle: 20190513
  Step filtering not needed (single numeric stepRange=4)
  Selected cycle: 20190513
Processing timestep: 201905131100
  Writing /home/lwestern/agage/meteorology/cfsv2/flexpart_inputs//GF19051311
  Trying cycle: 20190513
  Step filtering not needed (single numeric stepRange=5)
  Selected cycle: 20190513
Processing timestep: 201905131200
  Writing /home/lwestern/agage/meteorology/cfsv2/flexpart_inputs//GF19051312
  Trying cycle: 20190513
  Step filtering not needed (single numeric stepRange=6)
  Selected cycle: 20190513
Processing timestep: 201905131300
  Writing /home/lwestern/agage/meteorology/cfsv2/flexpart_inputs//GF19051313
  Trying cycle: 20190513
  Selected cycle: 20190513
Processing timestep: 201905131400
  Writing /home/lwestern/agage/meteorology/cfsv2/flexpart_inputs//GF19051314
  Trying cycle: 20190513
  Selected cycle: 20190513
Processing timestep: 201905131500
  Writing /home/lwestern/agage/meteorology/cfsv2/flexpart_inputs//GF19051315
  Trying cycle: 20190513
  Step filtering not needed (single numeric stepRange=1)
  Step filtering not needed (single numeric stepRange=2)
  Step filtering not needed (single numeric stepRange=3)
  Selected cycle: 20190513
Processing timestep: 201905131600
  Writing /home/lwestern/agage/meteorology/cfsv2/flexpart_inputs//GF19051316
  Trying cycle: 20190513
  Selected cycle: 20190513
Processing timestep: 201905131700
  Writing /home/lwestern/agage/meteorology/cfsv2/flexpart_inputs//GF19051317
  Trying cycle: 20190513
  Step filtering not needed (single numeric stepRange=4)
  Step filtering not needed (single numeric stepRange=5)
  Selected cycle: 20190513
Processing timestep: 201905131800
  Writing /home/lwestern/agage/meteorology/cfsv2/flexpart_inputs//GF19051318
  Trying cycle: 20190513
  Step filtering not needed (single numeric stepRange=6)
  Selected cycle: 20190513
Processing timestep: 201905131900
  Writing /home/lwestern/agage/meteorology/cfsv2/flexpart_inputs//GF19051319
  Trying cycle: 20190513
  Step filtering not needed (single numeric stepRange=1)
  Selected cycle: 20190513
Processing timestep: 201905132000
  Writing /home/lwestern/agage/meteorology/cfsv2/flexpart_inputs//GF19051320
  Trying cycle: 20190513
  Step filtering not needed (single numeric stepRange=2)
  Selected cycle: 20190513
Processing timestep: 201905132100
  Writing /home/lwestern/agage/meteorology/cfsv2/flexpart_inputs//GF19051321
  Trying cycle: 20190513
  Selected cycle: 20190513
Processing timestep: 201905132200
  Writing /home/lwestern/agage/meteorology/cfsv2/flexpart_inputs//GF19051322
  Trying cycle: 20190513
  Step filtering not needed (single numeric stepRange=3)
  Step filtering not needed (single numeric stepRange=4)
  Selected cycle: 20190513
Processing timestep: 201905132300
  Writing /home/lwestern/agage/meteorology/cfsv2/flexpart_inputs//GF19051323
  Trying cycle: 20190513
  Step filtering not needed (single numeric stepRange=5)
  Selected cycle: 20190513
Processing timestep: 201905140000
  Writing /home/lwestern/agage/meteorology/cfsv2/flexpart_inputs//GF19051400
  Trying cycle: 20190513
  Step filtering not needed (single numeric stepRange=6)
  Selected cycle: 20190513
Processing timestep: 201905170100
  Writing /home/lwestern/agage/meteorology/cfsv2/flexpart_inputs//GF19051701
  Trying cycle: 20190517
  Selected cycle: 20190513
Processing timestep: 201905170200
  Writing /home/lwestern/agage/meteorology/cfsv2/flexpart_inputs//GF19051702
  Trying cycle: 20190517
  WARNING: Missing ipvgrbh file for 201905170100 cycle 20190517 (continuing with pgrbh only)
  Step filtering not needed (single numeric stepRange=1)
  WARNING: Missing ipvgrbh file for 201905170200 cycle 20190517 (continuing with pgrbh only)
  Step filtering not needed (single numeric stepRange=2)
  Selected cycle: 20190513
Processing timestep: 201905170300
  Writing /home/lwestern/agage/meteorology/cfsv2/flexpart_inputs//GF19051703
  Trying cycle: 20190517
  WARNING: Missing ipvgrbh file for 201905170300 cycle 20190517 (continuing with pgrbh only)
  Step filtering not needed (single numeric stepRange=3)
  Selected cycle: 20190513
Processing timestep: 201905170400
  Writing /home/lwestern/agage/meteorology/cfsv2/flexpart_inputs//GF19051704
  Trying cycle: 20190517
  WARNING: Missing ipvgrbh file for 201905170400 cycle 20190517 (continuing with pgrbh only)
  Step filtering not needed (single numeric stepRange=4)
  Selected cycle: 20190513
Processing timestep: 201905170500
  Writing /home/lwestern/agage/meteorology/cfsv2/flexpart_inputs//GF19051705
  Trying cycle: 20190517
  WARNING: Missing ipvgrbh file for 201905170500 cycle 20190517 (continuing with pgrbh only)
  Step filtering not needed (single numeric stepRange=5)
  Selected cycle: 20190513
Processing timestep: 201905170600
  Writing /home/lwestern/agage/meteorology/cfsv2/flexpart_inputs//GF19051706
  Trying cycle: 20190517
  Selected cycle: 20190513
Processing timestep: 201905170700
  Writing /home/lwestern/agage/meteorology/cfsv2/flexpart_inputs//GF19051707
  Trying cycle: 20190517
  WARNING: Missing ipvgrbh file for 201905170600 cycle 20190517 (continuing with pgrbh only)
  Step filtering not needed (single numeric stepRange=6)
  WARNING: Missing ipvgrbh file for 201905170700 cycle 20190517 (continuing with pgrbh only)
  Step filtering not needed (single numeric stepRange=1)
  Selected cycle: 20190513
Processing timestep: 201905170800
  Writing /home/lwestern/agage/meteorology/cfsv2/flexpart_inputs//GF19051708
  Trying cycle: 20190517
  WARNING: Missing ipvgrbh file for 201905170800 cycle 20190517 (continuing with pgrbh only)
  Step filtering not needed (single numeric stepRange=2)
  Selected cycle: 20190517
Processing timestep: 201905170900
  Writing /home/lwestern/agage/meteorology/cfsv2/flexpart_inputs//GF19051709
  Trying cycle: 20190517
  WARNING: Missing ipvgrbh file for 201905170900 cycle 20190517 (continuing with pgrbh only)
  Selected cycle: 20190517
Processing timestep: 201905171000
  Writing /home/lwestern/agage/meteorology/cfsv2/flexpart_inputs//GF19051710
  Trying cycle: 20190517
  Step filtering not needed (single numeric stepRange=3)
  WARNING: Missing ipvgrbh file for 201905171000 cycle 20190517 (continuing with pgrbh only)
  Step filtering not needed (single numeric stepRange=4)
  Selected cycle: 20190517
Processing timestep: 201905171100
  Writing /home/lwestern/agage/meteorology/cfsv2/flexpart_inputs//GF19051711
  Trying cycle: 20190517
  WARNING: Missing ipvgrbh file for 201905171100 cycle 20190517 (continuing with pgrbh only)
  Step filtering not needed (single numeric stepRange=5)
  Selected cycle: 20190517
Processing timestep: 201905171200
  Writing /home/lwestern/agage/meteorology/cfsv2/flexpart_inputs//GF19051712
  Trying cycle: 20190517
  WARNING: Missing ipvgrbh file for 201905171200 cycle 20190517 (continuing with pgrbh only)
  Step filtering not needed (single numeric stepRange=6)
  Selected cycle: 20190517
Processing timestep: 201905171300
  Writing /home/lwestern/agage/meteorology/cfsv2/flexpart_inputs//GF19051713
  Trying cycle: 20190517
  WARNING: Missing ipvgrbh file for 201905171300 cycle 20190517 (continuing with pgrbh only)
  Step filtering not needed (single numeric stepRange=1)
  Selected cycle: 20190517
Processing timestep: 201905171400
  Writing /home/lwestern/agage/meteorology/cfsv2/flexpart_inputs//GF19051714
  Trying cycle: 20190517
  Selected cycle: 20190517
Processing timestep: 201905171500
  Writing /home/lwestern/agage/meteorology/cfsv2/flexpart_inputs//GF19051715
  Trying cycle: 20190517
  WARNING: Missing ipvgrbh file for 201905171400 cycle 20190517 (continuing with pgrbh only)
  Step filtering not needed (single numeric stepRange=2)
  WARNING: Missing ipvgrbh file for 201905171500 cycle 20190517 (continuing with pgrbh only)
  Step filtering not needed (single numeric stepRange=3)
  Selected cycle: 20190517
Processing timestep: 201905171600
  Writing /home/lwestern/agage/meteorology/cfsv2/flexpart_inputs//GF19051716
  Trying cycle: 20190517
  WARNING: Missing ipvgrbh file for 201905171600 cycle 20190517 (continuing with pgrbh only)
  Step filtering not needed (single numeric stepRange=4)
  Selected cycle: 20190517
Processing timestep: 201905171700
  Writing /home/lwestern/agage/meteorology/cfsv2/flexpart_inputs//GF19051717
  Trying cycle: 20190517
  WARNING: Missing ipvgrbh file for 201905171700 cycle 20190517 (continuing with pgrbh only)
  Step filtering not needed (single numeric stepRange=5)
  Selected cycle: 20190517
Processing timestep: 201905171800
  Writing /home/lwestern/agage/meteorology/cfsv2/flexpart_inputs//GF19051718
  Trying cycle: 20190517
  WARNING: Missing ipvgrbh file for 201905171800 cycle 20190517 (continuing with pgrbh only)
  Step filtering not needed (single numeric stepRange=6)
  Selected cycle: 20190517
Processing timestep: 201905171900
  Writing /home/lwestern/agage/meteorology/cfsv2/flexpart_inputs//GF19051719
  Trying cycle: 20190517
  WARNING: Missing ipvgrbh file for 201905171900 cycle 20190517 (continuing with pgrbh only)
  Step filtering not needed (single numeric stepRange=1)
  Selected cycle: 20190517
Processing timestep: 201905172000
  Writing /home/lwestern/agage/meteorology/cfsv2/flexpart_inputs//GF19051720
  Trying cycle: 20190517
  WARNING: Missing ipvgrbh file for 201905172000 cycle 20190517 (continuing with pgrbh only)
  Step filtering not needed (single numeric stepRange=2)
  Selected cycle: 20190517
Processing timestep: 201905172100
  Writing /home/lwestern/agage/meteorology/cfsv2/flexpart_inputs//GF19051721
  Trying cycle: 20190517
  WARNING: Missing ipvgrbh file for 201905172100 cycle 20190517 (continuing with pgrbh only)
  Step filtering not needed (single numeric stepRange=3)
  Selected cycle: 20190517
Processing timestep: 201905172200
  Selected cycle: 20190517
  Writing /home/lwestern/agage/meteorology/cfsv2/flexpart_inputs//GF19051722
  Trying cycle: 20190517
Processing timestep: 201905172300
  Writing /home/lwestern/agage/meteorology/cfsv2/flexpart_inputs//GF19051723
  Trying cycle: 20190517
  WARNING: Missing ipvgrbh file for 201905172200 cycle 20190517 (continuing with pgrbh only)
  WARNING: Missing ipvgrbh file for 201905172300 cycle 20190517 (continuing with pgrbh only)
  Step filtering not needed (single numeric stepRange=4)
  Step filtering not needed (single numeric stepRange=5)
  Selected cycle: 20190517
Processing timestep: 201905180000
  Writing /home/lwestern/agage/meteorology/cfsv2/flexpart_inputs//GF19051800
  Trying cycle: 20190517
  WARNING: Missing ipvgrbh file for 201905180000 cycle 20190517 (continuing with pgrbh only)
  Step filtering not needed (single numeric stepRange=6)
  Selected cycle: 20190517
Processing timestep: 201905200100
  Writing /home/lwestern/agage/meteorology/cfsv2/flexpart_inputs//GF19052001
  Trying cycle: 20190520
  WARNING: Missing ipvgrbh file for 201905200100 cycle 20190520 (continuing with pgrbh only)
  Step filtering not needed (single numeric stepRange=1)
  Selected cycle: 20190517
Processing timestep: 201905200200
  Writing /home/lwestern/agage/meteorology/cfsv2/flexpart_inputs//GF19052002
  Trying cycle: 20190520
  WARNING: Missing ipvgrbh file for 201905200200 cycle 20190520 (continuing with pgrbh only)
  Step filtering not needed (single numeric stepRange=2)
  Selected cycle: 20190517
Processing timestep: 201905200300
  Writing /home/lwestern/agage/meteorology/cfsv2/flexpart_inputs//GF19052003
  Trying cycle: 20190520
  WARNING: Missing ipvgrbh file for 201905200300 cycle 20190520 (continuing with pgrbh only)
  Step filtering not needed (single numeric stepRange=3)
  Selected cycle: 20190517
Processing timestep: 201905200400
  Writing /home/lwestern/agage/meteorology/cfsv2/flexpart_inputs//GF19052004
  Trying cycle: 20190520
  WARNING: Missing ipvgrbh file for 201905200400 cycle 20190520 (continuing with pgrbh only)
  Step filtering not needed (single numeric stepRange=4)
  Selected cycle: 20190517
Processing timestep: 201905200500
  Writing /home/lwestern/agage/meteorology/cfsv2/flexpart_inputs//GF19052005
  Trying cycle: 20190520
  Selected cycle: 20190517
Processing timestep: 201905200600
  Writing /home/lwestern/agage/meteorology/cfsv2/flexpart_inputs//GF19052006
  Trying cycle: 20190520
  WARNING: Missing ipvgrbh file for 201905200500 cycle 20190520 (continuing with pgrbh only)
  Step filtering not needed (single numeric stepRange=5)
  Selected cycle: 20190517
Processing timestep: 201905200700
  Writing /home/lwestern/agage/meteorology/cfsv2/flexpart_inputs//GF19052007
  Trying cycle: 20190520
  WARNING: Missing ipvgrbh file for 201905200600 cycle 20190520 (continuing with pgrbh only)
  Step filtering not needed (single numeric stepRange=6)
  WARNING: Missing ipvgrbh file for 201905200700 cycle 20190520 (continuing with pgrbh only)
  Step filtering not needed (single numeric stepRange=1)
  Selected cycle: 20190517
Processing timestep: 201905200800
  Writing /home/lwestern/agage/meteorology/cfsv2/flexpart_inputs//GF19052008
  Trying cycle: 20190520
  WARNING: Missing ipvgrbh file for 201905200800 cycle 20190520 (continuing with pgrbh only)
  Step filtering not needed (single numeric stepRange=2)
  Selected cycle: 20190520
Processing timestep: 201905200900
  Writing /home/lwestern/agage/meteorology/cfsv2/flexpart_inputs//GF19052009
  Trying cycle: 20190520
  WARNING: Missing ipvgrbh file for 201905200900 cycle 20190520 (continuing with pgrbh only)
  Step filtering not needed (single numeric stepRange=3)
  Selected cycle: 20190520
Processing timestep: 201905201000
  Writing /home/lwestern/agage/meteorology/cfsv2/flexpart_inputs//GF19052010
  Trying cycle: 20190520
  WARNING: Missing ipvgrbh file for 201905201000 cycle 20190520 (continuing with pgrbh only)
  Step filtering not needed (single numeric stepRange=4)
  Selected cycle: 20190520
Processing timestep: 201905201100
  Writing /home/lwestern/agage/meteorology/cfsv2/flexpart_inputs//GF19052011
  Trying cycle: 20190520
  WARNING: Missing ipvgrbh file for 201905201100 cycle 20190520 (continuing with pgrbh only)
  Step filtering not needed (single numeric stepRange=5)
  Selected cycle: 20190520
Processing timestep: 201905201200
  Writing /home/lwestern/agage/meteorology/cfsv2/flexpart_inputs//GF19052012
  Trying cycle: 20190520
  WARNING: Missing ipvgrbh file for 201905201200 cycle 20190520 (continuing with pgrbh only)
  Step filtering not needed (single numeric stepRange=6)
  Selected cycle: 20190520
Processing timestep: 201905201300
  Writing /home/lwestern/agage/meteorology/cfsv2/flexpart_inputs//GF19052013
  Trying cycle: 20190520
  WARNING: Missing ipvgrbh file for 201905201300 cycle 20190520 (continuing with pgrbh only)
  Step filtering not needed (single numeric stepRange=1)
  Selected cycle: 20190520
Processing timestep: 201905201400
  Writing /home/lwestern/agage/meteorology/cfsv2/flexpart_inputs//GF19052014
  Trying cycle: 20190520
  WARNING: Missing ipvgrbh file for 201905201400 cycle 20190520 (continuing with pgrbh only)
  Selected cycle: 20190520
Processing timestep: 201905201500
  Writing /home/lwestern/agage/meteorology/cfsv2/flexpart_inputs//GF19052015
  Trying cycle: 20190520
  Step filtering not needed (single numeric stepRange=2)
  WARNING: Missing ipvgrbh file for 201905201500 cycle 20190520 (continuing with pgrbh only)
  Step filtering not needed (single numeric stepRange=3)
  Selected cycle: 20190520
Processing timestep: 201905201600
  Writing /home/lwestern/agage/meteorology/cfsv2/flexpart_inputs//GF19052016
  Trying cycle: 20190520
  WARNING: Missing ipvgrbh file for 201905201600 cycle 20190520 (continuing with pgrbh only)
  Step filtering not needed (single numeric stepRange=4)
  Selected cycle: 20190520
Processing timestep: 201905201700
  Writing /home/lwestern/agage/meteorology/cfsv2/flexpart_inputs//GF19052017
  Trying cycle: 20190520
  Selected cycle: 20190520
Processing timestep: 201905201800
  Writing /home/lwestern/agage/meteorology/cfsv2/flexpart_inputs//GF19052018
  Trying cycle: 20190520
  WARNING: Missing ipvgrbh file for 201905201700 cycle 20190520 (continuing with pgrbh only)
  Step filtering not needed (single numeric stepRange=5)
  WARNING: Missing ipvgrbh file for 201905201800 cycle 20190520 (continuing with pgrbh only)
  Step filtering not needed (single numeric stepRange=6)
  Selected cycle: 20190520
Processing timestep: 201905201900
  Writing /home/lwestern/agage/meteorology/cfsv2/flexpart_inputs//GF19052019
  Trying cycle: 20190520
  Selected cycle: 20190520
Processing timestep: 201905202000
  Writing /home/lwestern/agage/meteorology/cfsv2/flexpart_inputs//GF19052020
  Trying cycle: 20190520
  WARNING: Missing ipvgrbh file for 201905201900 cycle 20190520 (continuing with pgrbh only)
  Step filtering not needed (single numeric stepRange=1)
  WARNING: Missing ipvgrbh file for 201905202000 cycle 20190520 (continuing with pgrbh only)
  Step filtering not needed (single numeric stepRange=2)
  Selected cycle: 20190520
Processing timestep: 201905202100
  Writing /home/lwestern/agage/meteorology/cfsv2/flexpart_inputs//GF19052021
  Trying cycle: 20190520
  Selected cycle: 20190520
Processing timestep: 201905202200
  Writing /home/lwestern/agage/meteorology/cfsv2/flexpart_inputs//GF19052022
  Trying cycle: 20190520
  WARNING: Missing ipvgrbh file for 201905202100 cycle 20190520 (continuing with pgrbh only)
  Step filtering not needed (single numeric stepRange=3)
  Selected cycle: 20190520
Processing timestep: 201905202300
  Writing /home/lwestern/agage/meteorology/cfsv2/flexpart_inputs//GF19052023
  WARNING: Missing ipvgrbh file for 201905202200 cycle 20190520 (continuing with pgrbh only)
  Trying cycle: 20190520
  Step filtering not needed (single numeric stepRange=4)
  WARNING: Missing ipvgrbh file for 201905202300 cycle 20190520 (continuing with pgrbh only)
  Step filtering not needed (single numeric stepRange=5)
  Selected cycle: 20190520
Processing timestep: 201905210000
  Writing /home/lwestern/agage/meteorology/cfsv2/flexpart_inputs//GF19052100
  Trying cycle: 20190520
  WARNING: Missing ipvgrbh file for 201905210000 cycle 20190520 (continuing with pgrbh only)
  Step filtering not needed (single numeric stepRange=6)
  Selected cycle: 20190520
Processing timestep: 201905210100
  Writing /home/lwestern/agage/meteorology/cfsv2/flexpart_inputs//GF19052101
  Trying cycle: 20190521
  WARNING: Missing ipvgrbh file for 201905210100 cycle 20190521 (continuing with pgrbh only)
  Step filtering not needed (single numeric stepRange=1)
  Selected cycle: 20190520
Processing timestep: 201905210200
  Writing /home/lwestern/agage/meteorology/cfsv2/flexpart_inputs//GF19052102
  Trying cycle: 20190521
  WARNING: Missing ipvgrbh file for 201905210200 cycle 20190521 (continuing with pgrbh only)
  Step filtering not needed (single numeric stepRange=2)
  Selected cycle: 20190520
Processing timestep: 201905210300
  Writing /home/lwestern/agage/meteorology/cfsv2/flexpart_inputs//GF19052103
  Trying cycle: 20190521
  Selected cycle: 20190520
Processing timestep: 201905210400
  Writing /home/lwestern/agage/meteorology/cfsv2/flexpart_inputs//GF19052104
  Trying cycle: 20190521
  WARNING: Missing ipvgrbh file for 201905210300 cycle 20190521 (continuing with pgrbh only)
  Step filtering not needed (single numeric stepRange=3)
  WARNING: Missing ipvgrbh file for 201905210400 cycle 20190521 (continuing with pgrbh only)
  Step filtering not needed (single numeric stepRange=4)
  Selected cycle: 20190520
Processing timestep: 201905210500
  Writing /home/lwestern/agage/meteorology/cfsv2/flexpart_inputs//GF19052105
  Trying cycle: 20190521
  Selected cycle: 20190520
Processing timestep: 201905210600
  Writing /home/lwestern/agage/meteorology/cfsv2/flexpart_inputs//GF19052106
  Trying cycle: 20190521
  WARNING: Missing ipvgrbh file for 201905210500 cycle 20190521 (continuing with pgrbh only)
  Selected cycle: 20190520
Processing timestep: 201905210700
  Writing /home/lwestern/agage/meteorology/cfsv2/flexpart_inputs//GF19052107
  Step filtering not needed (single numeric stepRange=5)
  Trying cycle: 20190521
  WARNING: Missing ipvgrbh file for 201905210600 cycle 20190521 (continuing with pgrbh only)
  Step filtering not needed (single numeric stepRange=6)
  WARNING: Missing ipvgrbh file for 201905210700 cycle 20190521 (continuing with pgrbh only)
  Step filtering not needed (single numeric stepRange=1)
  Selected cycle: 20190520
Processing timestep: 201905210800
  Writing /home/lwestern/agage/meteorology/cfsv2/flexpart_inputs//GF19052108
  Trying cycle: 20190521
  WARNING: Missing ipvgrbh file for 201905210800 cycle 20190521 (continuing with pgrbh only)
  Step filtering not needed (single numeric stepRange=2)
  Selected cycle: 20190521
Processing timestep: 201905210900
  Writing /home/lwestern/agage/meteorology/cfsv2/flexpart_inputs//GF19052109
  Trying cycle: 20190521
  WARNING: Missing ipvgrbh file for 201905210900 cycle 20190521 (continuing with pgrbh only)
  Step filtering not needed (single numeric stepRange=3)
  Selected cycle: 20190521
Processing timestep: 201905211000
  Writing /home/lwestern/agage/meteorology/cfsv2/flexpart_inputs//GF19052110
  Trying cycle: 20190521
  WARNING: Missing ipvgrbh file for 201905211000 cycle 20190521 (continuing with pgrbh only)
  Step filtering not needed (single numeric stepRange=4)
  Selected cycle: 20190521
Processing timestep: 201905211100
  Writing /home/lwestern/agage/meteorology/cfsv2/flexpart_inputs//GF19052111
  Trying cycle: 20190521
  WARNING: Missing ipvgrbh file for 201905211100 cycle 20190521 (continuing with pgrbh only)
  Step filtering not needed (single numeric stepRange=5)
  Selected cycle: 20190521
Processing timestep: 201905211200
  Writing /home/lwestern/agage/meteorology/cfsv2/flexpart_inputs//GF19052112
  Trying cycle: 20190521
  WARNING: Missing ipvgrbh file for 201905211200 cycle 20190521 (continuing with pgrbh only)
  Step filtering not needed (single numeric stepRange=6)
  Selected cycle: 20190521
Processing timestep: 201905211300
  Writing /home/lwestern/agage/meteorology/cfsv2/flexpart_inputs//GF19052113
  Trying cycle: 20190521
  WARNING: Missing ipvgrbh file for 201905211300 cycle 20190521 (continuing with pgrbh only)
  Step filtering not needed (single numeric stepRange=1)
  Selected cycle: 20190521
Processing timestep: 201905211400
  Writing /home/lwestern/agage/meteorology/cfsv2/flexpart_inputs//GF19052114
  Trying cycle: 20190521
  WARNING: Missing ipvgrbh file for 201905211400 cycle 20190521 (continuing with pgrbh only)
  Step filtering not needed (single numeric stepRange=2)
  Selected cycle: 20190521
Processing timestep: 201905211500
  Writing /home/lwestern/agage/meteorology/cfsv2/flexpart_inputs//GF19052115
  Trying cycle: 20190521
  WARNING: Missing ipvgrbh file for 201905211500 cycle 20190521 (continuing with pgrbh only)
  Step filtering not needed (single numeric stepRange=3)
  Selected cycle: 20190521
Processing timestep: 201905211600
  Writing /home/lwestern/agage/meteorology/cfsv2/flexpart_inputs//GF19052116
  Trying cycle: 20190521
  WARNING: Missing ipvgrbh file for 201905211600 cycle 20190521 (continuing with pgrbh only)
  Step filtering not needed (single numeric stepRange=4)
  Selected cycle: 20190521
Processing timestep: 201905211700
  Writing /home/lwestern/agage/meteorology/cfsv2/flexpart_inputs//GF19052117
  Trying cycle: 20190521
  WARNING: Missing ipvgrbh file for 201905211700 cycle 20190521 (continuing with pgrbh only)
  Step filtering not needed (single numeric stepRange=5)
  Selected cycle: 20190521
Processing timestep: 201905211800
  Writing /home/lwestern/agage/meteorology/cfsv2/flexpart_inputs//GF19052118
  Trying cycle: 20190521
  WARNING: Missing ipvgrbh file for 201905211800 cycle 20190521 (continuing with pgrbh only)
  Step filtering not needed (single numeric stepRange=6)
  Selected cycle: 20190521
Processing timestep: 201905211900
  Writing /home/lwestern/agage/meteorology/cfsv2/flexpart_inputs//GF19052119
  Trying cycle: 20190521
  Selected cycle: 20190521
Processing timestep: 201905212000
  Writing /home/lwestern/agage/meteorology/cfsv2/flexpart_inputs//GF19052120
  Trying cycle: 20190521
  WARNING: Missing ipvgrbh file for 201905211900 cycle 20190521 (continuing with pgrbh only)
  Step filtering not needed (single numeric stepRange=1)
  WARNING: Missing ipvgrbh file for 201905212000 cycle 20190521 (continuing with pgrbh only)
  Step filtering not needed (single numeric stepRange=2)
  Selected cycle: 20190521
Processing timestep: 201905212100
  Writing /home/lwestern/agage/meteorology/cfsv2/flexpart_inputs//GF19052121
  Trying cycle: 20190521
  WARNING: Missing ipvgrbh file for 201905212100 cycle 20190521 (continuing with pgrbh only)
  Step filtering not needed (single numeric stepRange=3)
  Selected cycle: 20190521
Processing timestep: 201905212200
  Writing /home/lwestern/agage/meteorology/cfsv2/flexpart_inputs//GF19052122
  Trying cycle: 20190521
  Selected cycle: 20190521
Processing timestep: 201905212300
  Writing /home/lwestern/agage/meteorology/cfsv2/flexpart_inputs//GF19052123
  Trying cycle: 20190521
  WARNING: Missing ipvgrbh file for 201905212200 cycle 20190521 (continuing with pgrbh only)
  Step filtering not needed (single numeric stepRange=4)
  Selected cycle: 20190521
Processing timestep: 201905220000
  Writing /home/lwestern/agage/meteorology/cfsv2/flexpart_inputs//GF19052200
  Trying cycle: 20190521
  WARNING: Missing ipvgrbh file for 201905212300 cycle 20190521 (continuing with pgrbh only)
  Step filtering not needed (single numeric stepRange=5)
  WARNING: Missing ipvgrbh file for 201905220000 cycle 20190521 (continuing with pgrbh only)
  Step filtering not needed (single numeric stepRange=6)
  Selected cycle: 20190521
Processing timestep: 201905220100
  Writing /home/lwestern/agage/meteorology/cfsv2/flexpart_inputs//GF19052201
  Trying cycle: 20190522
  Step filtering not needed (single numeric stepRange=1)
  Selected cycle: 20190521
Processing timestep: 201905220200
  Writing /home/lwestern/agage/meteorology/cfsv2/flexpart_inputs//GF19052202
  Trying cycle: 20190522
  Step filtering not needed (single numeric stepRange=2)
  Selected cycle: 20190521
Processing timestep: 201905220300
  Selected cycle: 20190521
Processing timestep: 201905220400
  Writing /home/lwestern/agage/meteorology/cfsv2/flexpart_inputs//GF19052203
  Trying cycle: 20190522
  Writing /home/lwestern/agage/meteorology/cfsv2/flexpart_inputs//GF19052204
  Trying cycle: 20190522
  Step filtering not needed (single numeric stepRange=4)
  Step filtering not needed (single numeric stepRange=3)
  Selected cycle: 20190521
Processing timestep: 201905220500
  Writing /home/lwestern/agage/meteorology/cfsv2/flexpart_inputs//GF19052205
  Trying cycle: 20190522
  Step filtering not needed (single numeric stepRange=5)
  Selected cycle: 20190521
Processing timestep: 201905220600
  Writing /home/lwestern/agage/meteorology/cfsv2/flexpart_inputs//GF19052206
  Trying cycle: 20190522
  Step filtering not needed (single numeric stepRange=6)
  Selected cycle: 20190521
Processing timestep: 201905220700
  Writing /home/lwestern/agage/meteorology/cfsv2/flexpart_inputs//GF19052207
  Trying cycle: 20190522
  Step filtering not needed (single numeric stepRange=1)
  Selected cycle: 20190521
Processing timestep: 201905220800
  Writing /home/lwestern/agage/meteorology/cfsv2/flexpart_inputs//GF19052208
  Trying cycle: 20190522
  Step filtering not needed (single numeric stepRange=2)
  Selected cycle: 20190522
Processing timestep: 201905220900
  Writing /home/lwestern/agage/meteorology/cfsv2/flexpart_inputs//GF19052209
  Trying cycle: 20190522
  Selected cycle: 20190522
Processing timestep: 201905221000
  Writing /home/lwestern/agage/meteorology/cfsv2/flexpart_inputs//GF19052210
  Trying cycle: 20190522
  Step filtering not needed (single numeric stepRange=3)
  Step filtering not needed (single numeric stepRange=4)
  Selected cycle: 20190522
Processing timestep: 201905221100
  Writing /home/lwestern/agage/meteorology/cfsv2/flexpart_inputs//GF19052211
  Trying cycle: 20190522
  Step filtering not needed (single numeric stepRange=5)
  Selected cycle: 20190522
Processing timestep: 201905221200
  Writing /home/lwestern/agage/meteorology/cfsv2/flexpart_inputs//GF19052212
  Trying cycle: 20190522
  Step filtering not needed (single numeric stepRange=6)
  Selected cycle: 20190522
Processing timestep: 201905221300
  Writing /home/lwestern/agage/meteorology/cfsv2/flexpart_inputs//GF19052213
  Trying cycle: 20190522
  Step filtering not needed (single numeric stepRange=1)
  Selected cycle: 20190522
Processing timestep: 201905221400
  Writing /home/lwestern/agage/meteorology/cfsv2/flexpart_inputs//GF19052214
  Trying cycle: 20190522
  Step filtering not needed (single numeric stepRange=2)
  Selected cycle: 20190522
Processing timestep: 201905221500
  Writing /home/lwestern/agage/meteorology/cfsv2/flexpart_inputs//GF19052215
  Trying cycle: 20190522
  Step filtering not needed (single numeric stepRange=3)
  Selected cycle: 20190522
Processing timestep: 201905221600
  Writing /home/lwestern/agage/meteorology/cfsv2/flexpart_inputs//GF19052216
  Trying cycle: 20190522
  Step filtering not needed (single numeric stepRange=4)
  Selected cycle: 20190522
Processing timestep: 201905221700
  Writing /home/lwestern/agage/meteorology/cfsv2/flexpart_inputs//GF19052217
  Trying cycle: 20190522
  Selected cycle: 20190522
Processing timestep: 201905221800
  Writing /home/lwestern/agage/meteorology/cfsv2/flexpart_inputs//GF19052218
  Trying cycle: 20190522
  Step filtering not needed (single numeric stepRange=5)
  Step filtering not needed (single numeric stepRange=6)
  Selected cycle: 20190522
Processing timestep: 201905221900
  Writing /home/lwestern/agage/meteorology/cfsv2/flexpart_inputs//GF19052219
  Trying cycle: 20190522
  Step filtering not needed (single numeric stepRange=1)
  Selected cycle: 20190522
Processing timestep: 201905222000
  Writing /home/lwestern/agage/meteorology/cfsv2/flexpart_inputs//GF19052220
  Trying cycle: 20190522
  Step filtering not needed (single numeric stepRange=2)
  Selected cycle: 20190522
Processing timestep: 201905222100
  Writing /home/lwestern/agage/meteorology/cfsv2/flexpart_inputs//GF19052221
  Trying cycle: 20190522
  Step filtering not needed (single numeric stepRange=3)
  Selected cycle: 20190522
Processing timestep: 201905222200
  Writing /home/lwestern/agage/meteorology/cfsv2/flexpart_inputs//GF19052222
  Trying cycle: 20190522
  Step filtering not needed (single numeric stepRange=4)
  Selected cycle: 20190522
Processing timestep: 201905222300
  Writing /home/lwestern/agage/meteorology/cfsv2/flexpart_inputs//GF19052223
  Trying cycle: 20190522
  Step filtering not needed (single numeric stepRange=5)
  Selected cycle: 20190522
Processing timestep: 201905230000
  Writing /home/lwestern/agage/meteorology/cfsv2/flexpart_inputs//GF19052300
  Trying cycle: 20190522
  Step filtering not needed (single numeric stepRange=6)
  Selected cycle: 20190522
Processing timestep: 201905230100
  Writing /home/lwestern/agage/meteorology/cfsv2/flexpart_inputs//GF19052301
  Trying cycle: 20190523
  Selected cycle: 20190522
Processing timestep: 201905230200
  Writing /home/lwestern/agage/meteorology/cfsv2/flexpart_inputs//GF19052302
  Trying cycle: 20190523
  WARNING: Missing ipvgrbh file for 201905230100 cycle 20190523 (continuing with pgrbh only)
  Step filtering not needed (single numeric stepRange=1)
  WARNING: Missing ipvgrbh file for 201905230200 cycle 20190523 (continuing with pgrbh only)
  Step filtering not needed (single numeric stepRange=2)
  Selected cycle: 20190522
Processing timestep: 201905230300
  Writing /home/lwestern/agage/meteorology/cfsv2/flexpart_inputs//GF19052303
  Trying cycle: 20190523
  WARNING: Missing ipvgrbh file for 201905230300 cycle 20190523 (continuing with pgrbh only)
  Step filtering not needed (single numeric stepRange=3)
  Selected cycle: 20190522
Processing timestep: 201905230400
  Writing /home/lwestern/agage/meteorology/cfsv2/flexpart_inputs//GF19052304
  Trying cycle: 20190523
  WARNING: Missing ipvgrbh file for 201905230400 cycle 20190523 (continuing with pgrbh only)
  Step filtering not needed (single numeric stepRange=4)
  Selected cycle: 20190522
Processing timestep: 201905230500
  Writing /home/lwestern/agage/meteorology/cfsv2/flexpart_inputs//GF19052305
  Trying cycle: 20190523
  WARNING: Missing ipvgrbh file for 201905230500 cycle 20190523 (continuing with pgrbh only)
  Step filtering not needed (single numeric stepRange=5)
  Selected cycle: 20190522
Processing timestep: 201905230600
  Writing /home/lwestern/agage/meteorology/cfsv2/flexpart_inputs//GF19052306
  Trying cycle: 20190523
  WARNING: Missing ipvgrbh file for 201905230600 cycle 20190523 (continuing with pgrbh only)
  Step filtering not needed (single numeric stepRange=6)
  Selected cycle: 20190522
Processing timestep: 201905230700
  Writing /home/lwestern/agage/meteorology/cfsv2/flexpart_inputs//GF19052307
  Trying cycle: 20190523
  WARNING: Missing ipvgrbh file for 201905230700 cycle 20190523 (continuing with pgrbh only)
  Step filtering not needed (single numeric stepRange=1)
  Selected cycle: 20190522
Processing timestep: 201905230800
  Writing /home/lwestern/agage/meteorology/cfsv2/flexpart_inputs//GF19052308
  Trying cycle: 20190523
  WARNING: Missing ipvgrbh file for 201905230800 cycle 20190523 (continuing with pgrbh only)
  Step filtering not needed (single numeric stepRange=2)
  Selected cycle: 20190523
Processing timestep: 201905230900
  Writing /home/lwestern/agage/meteorology/cfsv2/flexpart_inputs//GF19052309
  Trying cycle: 20190523
  WARNING: Missing ipvgrbh file for 201905230900 cycle 20190523 (continuing with pgrbh only)
  Step filtering not needed (single numeric stepRange=3)
  Selected cycle: 20190523
Processing timestep: 201905231000
  Writing /home/lwestern/agage/meteorology/cfsv2/flexpart_inputs//GF19052310
  Trying cycle: 20190523
  WARNING: Missing ipvgrbh file for 201905231000 cycle 20190523 (continuing with pgrbh only)
  Step filtering not needed (single numeric stepRange=4)
  Selected cycle: 20190523
Processing timestep: 201905231100
  Writing /home/lwestern/agage/meteorology/cfsv2/flexpart_inputs//GF19052311
  Trying cycle: 20190523
  WARNING: Missing ipvgrbh file for 201905231100 cycle 20190523 (continuing with pgrbh only)
  Step filtering not needed (single numeric stepRange=5)
  Selected cycle: 20190523
Processing timestep: 201905231200
  Writing /home/lwestern/agage/meteorology/cfsv2/flexpart_inputs//GF19052312
  Trying cycle: 20190523
  WARNING: Missing ipvgrbh file for 201905231200 cycle 20190523 (continuing with pgrbh only)
  Step filtering not needed (single numeric stepRange=6)
  Selected cycle: 20190523
Processing timestep: 201905231300
  Writing /home/lwestern/agage/meteorology/cfsv2/flexpart_inputs//GF19052313
  Trying cycle: 20190523
  WARNING: Missing ipvgrbh file for 201905231300 cycle 20190523 (continuing with pgrbh only)
  Step filtering not needed (single numeric stepRange=1)
  Selected cycle: 20190523
Processing timestep: 201905231400
  Writing /home/lwestern/agage/meteorology/cfsv2/flexpart_inputs//GF19052314
  Trying cycle: 20190523
  WARNING: Missing ipvgrbh file for 201905231400 cycle 20190523 (continuing with pgrbh only)
  Step filtering not needed (single numeric stepRange=2)
  Selected cycle: 20190523
Processing timestep: 201905231500
  Writing /home/lwestern/agage/meteorology/cfsv2/flexpart_inputs//GF19052315
  Trying cycle: 20190523
  WARNING: Missing ipvgrbh file for 201905231500 cycle 20190523 (continuing with pgrbh only)
  Step filtering not needed (single numeric stepRange=3)
  Selected cycle: 20190523
Processing timestep: 201905231600
  Writing /home/lwestern/agage/meteorology/cfsv2/flexpart_inputs//GF19052316
  Trying cycle: 20190523
  WARNING: Missing ipvgrbh file for 201905231600 cycle 20190523 (continuing with pgrbh only)
  Step filtering not needed (single numeric stepRange=4)
  Selected cycle: 20190523
Processing timestep: 201905231700
  Writing /home/lwestern/agage/meteorology/cfsv2/flexpart_inputs//GF19052317
  Trying cycle: 20190523
  Selected cycle: 20190523
Processing timestep: 201905231800
  Writing /home/lwestern/agage/meteorology/cfsv2/flexpart_inputs//GF19052318
  Trying cycle: 20190523
  WARNING: Missing ipvgrbh file for 201905231700 cycle 20190523 (continuing with pgrbh only)
  Step filtering not needed (single numeric stepRange=5)
  WARNING: Missing ipvgrbh file for 201905231800 cycle 20190523 (continuing with pgrbh only)
  Step filtering not needed (single numeric stepRange=6)
  Selected cycle: 20190523
Processing timestep: 201905231900
  Writing /home/lwestern/agage/meteorology/cfsv2/flexpart_inputs//GF19052319
  Trying cycle: 20190523
  WARNING: Missing ipvgrbh file for 201905231900 cycle 20190523 (continuing with pgrbh only)
  Step filtering not needed (single numeric stepRange=1)
  Selected cycle: 20190523
Processing timestep: 201905232000
  Writing /home/lwestern/agage/meteorology/cfsv2/flexpart_inputs//GF19052320
  Trying cycle: 20190523
  WARNING: Missing ipvgrbh file for 201905232000 cycle 20190523 (continuing with pgrbh only)
  Step filtering not needed (single numeric stepRange=2)
  Selected cycle: 20190523
Processing timestep: 201905232100
  Writing /home/lwestern/agage/meteorology/cfsv2/flexpart_inputs//GF19052321
  Trying cycle: 20190523
  WARNING: Missing ipvgrbh file for 201905232100 cycle 20190523 (continuing with pgrbh only)
  Step filtering not needed (single numeric stepRange=3)
  Selected cycle: 20190523
Processing timestep: 201905232200
  Writing /home/lwestern/agage/meteorology/cfsv2/flexpart_inputs//GF19052322
  Trying cycle: 20190523
  Selected cycle: 20190523
Processing timestep: 201905232300
  Writing /home/lwestern/agage/meteorology/cfsv2/flexpart_inputs//GF19052323
  Trying cycle: 20190523
  WARNING: Missing ipvgrbh file for 201905232200 cycle 20190523 (continuing with pgrbh only)
  Step filtering not needed (single numeric stepRange=4)
  WARNING: Missing ipvgrbh file for 201905232300 cycle 20190523 (continuing with pgrbh only)
  Step filtering not needed (single numeric stepRange=5)
  Selected cycle: 20190523
Processing timestep: 201905240000
  Writing /home/lwestern/agage/meteorology/cfsv2/flexpart_inputs//GF19052400
  Trying cycle: 20190523
  WARNING: Missing ipvgrbh file for 201905240000 cycle 20190523 (continuing with pgrbh only)
  Step filtering not needed (single numeric stepRange=6)
  Selected cycle: 20190523
Processing timestep: 201905240100
  Writing /home/lwestern/agage/meteorology/cfsv2/flexpart_inputs//GF19052401
  Trying cycle: 20190524
  WARNING: Missing ipvgrbh file for 201905240100 cycle 20190524 (continuing with pgrbh only)
  Step filtering not needed (single numeric stepRange=1)
  Selected cycle: 20190523
Processing timestep: 201905240200
  Writing /home/lwestern/agage/meteorology/cfsv2/flexpart_inputs//GF19052402
  Trying cycle: 20190524
  WARNING: Missing ipvgrbh file for 201905240200 cycle 20190524 (continuing with pgrbh only)
  Step filtering not needed (single numeric stepRange=2)
  Selected cycle: 20190523
Processing timestep: 201905240300
  Writing /home/lwestern/agage/meteorology/cfsv2/flexpart_inputs//GF19052403
  Trying cycle: 20190524
  WARNING: Missing ipvgrbh file for 201905240300 cycle 20190524 (continuing with pgrbh only)
  Step filtering not needed (single numeric stepRange=3)
  Selected cycle: 20190523
Processing timestep: 201905240400
  Writing /home/lwestern/agage/meteorology/cfsv2/flexpart_inputs//GF19052404
  Trying cycle: 20190524
  WARNING: Missing ipvgrbh file for 201905240400 cycle 20190524 (continuing with pgrbh only)
  Step filtering not needed (single numeric stepRange=4)
  Selected cycle: 20190523
Processing timestep: 201905240500
  Writing /home/lwestern/agage/meteorology/cfsv2/flexpart_inputs//GF19052405
  Trying cycle: 20190524
  WARNING: Missing ipvgrbh file for 201905240500 cycle 20190524 (continuing with pgrbh only)
  Step filtering not needed (single numeric stepRange=5)
  Selected cycle: 20190523
Processing timestep: 201905240600
  Writing /home/lwestern/agage/meteorology/cfsv2/flexpart_inputs//GF19052406
  Trying cycle: 20190524
  WARNING: Missing ipvgrbh file for 201905240600 cycle 20190524 (continuing with pgrbh only)
  Step filtering not needed (single numeric stepRange=6)
  Selected cycle: 20190523
Processing timestep: 201905240700
  Selected cycle: 20190523
Processing timestep: 201905240800
  Writing /home/lwestern/agage/meteorology/cfsv2/flexpart_inputs//GF19052408
  Writing /home/lwestern/agage/meteorology/cfsv2/flexpart_inputs//GF19052407
  Trying cycle: 20190524
  Trying cycle: 20190524
  WARNING: Missing ipvgrbh file for 201905240800 cycle 20190524 (continuing with pgrbh only)
  WARNING: Missing ipvgrbh file for 201905240700 cycle 20190524 (continuing with pgrbh only)
  Step filtering not needed (single numeric stepRange=1)
  Step filtering not needed (single numeric stepRange=2)
  Selected cycle: 20190524
Processing timestep: 201905240900
  Writing /home/lwestern/agage/meteorology/cfsv2/flexpart_inputs//GF19052409
  Trying cycle: 20190524
  Selected cycle: 20190524
Processing timestep: 201905241000
  Writing /home/lwestern/agage/meteorology/cfsv2/flexpart_inputs//GF19052410
  Trying cycle: 20190524
  WARNING: Missing ipvgrbh file for 201905240900 cycle 20190524 (continuing with pgrbh only)
  Step filtering not needed (single numeric stepRange=3)
  WARNING: Missing ipvgrbh file for 201905241000 cycle 20190524 (continuing with pgrbh only)
  Step filtering not needed (single numeric stepRange=4)
  Selected cycle: 20190524
Processing timestep: 201905241100
  Writing /home/lwestern/agage/meteorology/cfsv2/flexpart_inputs//GF19052411
  Trying cycle: 20190524
  WARNING: Missing ipvgrbh file for 201905241100 cycle 20190524 (continuing with pgrbh only)
  Step filtering not needed (single numeric stepRange=5)
  Selected cycle: 20190524
Processing timestep: 201905241200
  Writing /home/lwestern/agage/meteorology/cfsv2/flexpart_inputs//GF19052412
  Trying cycle: 20190524
  WARNING: Missing ipvgrbh file for 201905241200 cycle 20190524 (continuing with pgrbh only)
  Step filtering not needed (single numeric stepRange=6)
  Selected cycle: 20190524
Processing timestep: 201905241300
  Writing /home/lwestern/agage/meteorology/cfsv2/flexpart_inputs//GF19052413
  Trying cycle: 20190524
  WARNING: Missing ipvgrbh file for 201905241300 cycle 20190524 (continuing with pgrbh only)
  Step filtering not needed (single numeric stepRange=1)
  Selected cycle: 20190524
Processing timestep: 201905241400
  Writing /home/lwestern/agage/meteorology/cfsv2/flexpart_inputs//GF19052414
  Trying cycle: 20190524
  WARNING: Missing ipvgrbh file for 201905241400 cycle 20190524 (continuing with pgrbh only)
  Step filtering not needed (single numeric stepRange=2)
  Selected cycle: 20190524
Processing timestep: 201905241500
  Writing /home/lwestern/agage/meteorology/cfsv2/flexpart_inputs//GF19052415
  Trying cycle: 20190524
  WARNING: Missing ipvgrbh file for 201905241500 cycle 20190524 (continuing with pgrbh only)
  Step filtering not needed (single numeric stepRange=3)
  Selected cycle: 20190524
Processing timestep: 201905241600
  Writing /home/lwestern/agage/meteorology/cfsv2/flexpart_inputs//GF19052416
  Trying cycle: 20190524
  WARNING: Missing ipvgrbh file for 201905241600 cycle 20190524 (continuing with pgrbh only)
  Step filtering not needed (single numeric stepRange=4)
  Selected cycle: 20190524
Processing timestep: 201905241700
  Writing /home/lwestern/agage/meteorology/cfsv2/flexpart_inputs//GF19052417
  Trying cycle: 20190524
  WARNING: Missing ipvgrbh file for 201905241700 cycle 20190524 (continuing with pgrbh only)
  Step filtering not needed (single numeric stepRange=5)
  Selected cycle: 20190524
Processing timestep: 201905241800
  Writing /home/lwestern/agage/meteorology/cfsv2/flexpart_inputs//GF19052418
  Trying cycle: 20190524
  WARNING: Missing ipvgrbh file for 201905241800 cycle 20190524 (continuing with pgrbh only)
  Step filtering not needed (single numeric stepRange=6)
  Selected cycle: 20190524
Processing timestep: 201905241900
  Writing /home/lwestern/agage/meteorology/cfsv2/flexpart_inputs//GF19052419
  Trying cycle: 20190524
  Selected cycle: 20190524
Processing timestep: 201905242000
  Writing /home/lwestern/agage/meteorology/cfsv2/flexpart_inputs//GF19052420
  Trying cycle: 20190524
  WARNING: Missing ipvgrbh file for 201905241900 cycle 20190524 (continuing with pgrbh only)
  WARNING: Missing ipvgrbh file for 201905242000 cycle 20190524 (continuing with pgrbh only)
  Step filtering not needed (single numeric stepRange=1)
  Step filtering not needed (single numeric stepRange=2)
  Selected cycle: 20190524
Processing timestep: 201905242100
  Writing /home/lwestern/agage/meteorology/cfsv2/flexpart_inputs//GF19052421
  Trying cycle: 20190524
  WARNING: Missing ipvgrbh file for 201905242100 cycle 20190524 (continuing with pgrbh only)
  Step filtering not needed (single numeric stepRange=3)
  Selected cycle: 20190524
Processing timestep: 201905242200
  Writing /home/lwestern/agage/meteorology/cfsv2/flexpart_inputs//GF19052422
  Trying cycle: 20190524
  WARNING: Missing ipvgrbh file for 201905242200 cycle 20190524 (continuing with pgrbh only)
  Step filtering not needed (single numeric stepRange=4)
  Selected cycle: 20190524
Processing timestep: 201905242300
  Writing /home/lwestern/agage/meteorology/cfsv2/flexpart_inputs//GF19052423
  Trying cycle: 20190524
  WARNING: Missing ipvgrbh file for 201905242300 cycle 20190524 (continuing with pgrbh only)
  Step filtering not needed (single numeric stepRange=5)
  Selected cycle: 20190524
Processing timestep: 201905250000
  Writing /home/lwestern/agage/meteorology/cfsv2/flexpart_inputs//GF19052500
  Trying cycle: 20190524
  WARNING: Missing ipvgrbh file for 201905250000 cycle 20190524 (continuing with pgrbh only)
  Step filtering not needed (single numeric stepRange=6)
  Selected cycle: 20190524
Processing timestep: 201905250100
  Writing /home/lwestern/agage/meteorology/cfsv2/flexpart_inputs//GF19052501
  Trying cycle: 20190525
  WARNING: Missing ipvgrbh file for 201905250100 cycle 20190525 (continuing with pgrbh only)
  Step filtering not needed (single numeric stepRange=1)
  Selected cycle: 20190524
Processing timestep: 201905250200
  Writing /home/lwestern/agage/meteorology/cfsv2/flexpart_inputs//GF19052502
  Trying cycle: 20190525
  WARNING: Missing ipvgrbh file for 201905250200 cycle 20190525 (continuing with pgrbh only)
  Step filtering not needed (single numeric stepRange=2)
  Selected cycle: 20190524
Processing timestep: 201905250300
  Writing /home/lwestern/agage/meteorology/cfsv2/flexpart_inputs//GF19052503
  Trying cycle: 20190525
  Selected cycle: 20190524
Processing timestep: 201905250400
  Writing /home/lwestern/agage/meteorology/cfsv2/flexpart_inputs//GF19052504
  Trying cycle: 20190525
  WARNING: Missing ipvgrbh file for 201905250300 cycle 20190525 (continuing with pgrbh only)
  Step filtering not needed (single numeric stepRange=3)
  WARNING: Missing ipvgrbh file for 201905250400 cycle 20190525 (continuing with pgrbh only)
  Step filtering not needed (single numeric stepRange=4)
  Selected cycle: 20190524
Processing timestep: 201905250500
  Writing /home/lwestern/agage/meteorology/cfsv2/flexpart_inputs//GF19052505
  Trying cycle: 20190525
  WARNING: Missing ipvgrbh file for 201905250500 cycle 20190525 (continuing with pgrbh only)
  Step filtering not needed (single numeric stepRange=5)
  Selected cycle: 20190524
Processing timestep: 201905250600
  Writing /home/lwestern/agage/meteorology/cfsv2/flexpart_inputs//GF19052506
  Trying cycle: 20190525
  WARNING: Missing ipvgrbh file for 201905250600 cycle 20190525 (continuing with pgrbh only)
  Step filtering not needed (single numeric stepRange=6)
  Selected cycle: 20190524
Processing timestep: 201905250700
  Writing /home/lwestern/agage/meteorology/cfsv2/flexpart_inputs//GF19052507
  Trying cycle: 20190525
  WARNING: Missing ipvgrbh file for 201905250700 cycle 20190525 (continuing with pgrbh only)
  Step filtering not needed (single numeric stepRange=1)
  Selected cycle: 20190524
Processing timestep: 201905250800
  Writing /home/lwestern/agage/meteorology/cfsv2/flexpart_inputs//GF19052508
  Trying cycle: 20190525
  WARNING: Missing ipvgrbh file for 201905250800 cycle 20190525 (continuing with pgrbh only)
  Step filtering not needed (single numeric stepRange=2)
  Selected cycle: 20190525
Processing timestep: 201905250900
  Writing /home/lwestern/agage/meteorology/cfsv2/flexpart_inputs//GF19052509
  Trying cycle: 20190525
  WARNING: Missing ipvgrbh file for 201905250900 cycle 20190525 (continuing with pgrbh only)
  Step filtering not needed (single numeric stepRange=3)
  Selected cycle: 20190525
Processing timestep: 201905251000
  Writing /home/lwestern/agage/meteorology/cfsv2/flexpart_inputs//GF19052510
  Trying cycle: 20190525
  WARNING: Missing ipvgrbh file for 201905251000 cycle 20190525 (continuing with pgrbh only)
  Step filtering not needed (single numeric stepRange=4)
  Selected cycle: 20190525
Processing timestep: 201905251100
  Writing /home/lwestern/agage/meteorology/cfsv2/flexpart_inputs//GF19052511
  Trying cycle: 20190525
  Selected cycle: 20190525
Processing timestep: 201905251200
  Writing /home/lwestern/agage/meteorology/cfsv2/flexpart_inputs//GF19052512
  Trying cycle: 20190525
  WARNING: Missing ipvgrbh file for 201905251100 cycle 20190525 (continuing with pgrbh only)
  Step filtering not needed (single numeric stepRange=5)
  WARNING: Missing ipvgrbh file for 201905251200 cycle 20190525 (continuing with pgrbh only)
  Step filtering not needed (single numeric stepRange=6)
  Selected cycle: 20190525
Processing timestep: 201905251300
  Writing /home/lwestern/agage/meteorology/cfsv2/flexpart_inputs//GF19052513
  Trying cycle: 20190525
  WARNING: Missing ipvgrbh file for 201905251300 cycle 20190525 (continuing with pgrbh only)
  Step filtering not needed (single numeric stepRange=1)
  Selected cycle: 20190525
Processing timestep: 201905251400
  Writing /home/lwestern/agage/meteorology/cfsv2/flexpart_inputs//GF19052514
  Trying cycle: 20190525
  WARNING: Missing ipvgrbh file for 201905251400 cycle 20190525 (continuing with pgrbh only)
  Step filtering not needed (single numeric stepRange=2)
  Selected cycle: 20190525
Processing timestep: 201905251500
  Writing /home/lwestern/agage/meteorology/cfsv2/flexpart_inputs//GF19052515
  Trying cycle: 20190525
  WARNING: Missing ipvgrbh file for 201905251500 cycle 20190525 (continuing with pgrbh only)
  Step filtering not needed (single numeric stepRange=3)
  Selected cycle: 20190525
Processing timestep: 201905251600
  Writing /home/lwestern/agage/meteorology/cfsv2/flexpart_inputs//GF19052516
  Trying cycle: 20190525
  WARNING: Missing ipvgrbh file for 201905251600 cycle 20190525 (continuing with pgrbh only)
  Step filtering not needed (single numeric stepRange=4)
  Selected cycle: 20190525
Processing timestep: 201905251700
  Writing /home/lwestern/agage/meteorology/cfsv2/flexpart_inputs//GF19052517
  Trying cycle: 20190525
  Selected cycle: 20190525
Processing timestep: 201905251800
  Writing /home/lwestern/agage/meteorology/cfsv2/flexpart_inputs//GF19052518
  Trying cycle: 20190525
  WARNING: Missing ipvgrbh file for 201905251700 cycle 20190525 (continuing with pgrbh only)
  WARNING: Missing ipvgrbh file for 201905251800 cycle 20190525 (continuing with pgrbh only)
  Step filtering not needed (single numeric stepRange=5)
  Step filtering not needed (single numeric stepRange=6)
  Selected cycle: 20190525
Processing timestep: 201905251900
  Writing /home/lwestern/agage/meteorology/cfsv2/flexpart_inputs//GF19052519
  Trying cycle: 20190525
  Selected cycle: 20190525
Processing timestep: 201905252000
  Writing /home/lwestern/agage/meteorology/cfsv2/flexpart_inputs//GF19052520
  Trying cycle: 20190525
  WARNING: Missing ipvgrbh file for 201905251900 cycle 20190525 (continuing with pgrbh only)
  Step filtering not needed (single numeric stepRange=1)
  WARNING: Missing ipvgrbh file for 201905252000 cycle 20190525 (continuing with pgrbh only)
  Step filtering not needed (single numeric stepRange=2)
  Selected cycle: 20190525
Processing timestep: 201905252100
  Writing /home/lwestern/agage/meteorology/cfsv2/flexpart_inputs//GF19052521
  Trying cycle: 20190525
  WARNING: Missing ipvgrbh file for 201905252100 cycle 20190525 (continuing with pgrbh only)
  Step filtering not needed (single numeric stepRange=3)
  Selected cycle: 20190525
Processing timestep: 201905252200
  Writing /home/lwestern/agage/meteorology/cfsv2/flexpart_inputs//GF19052522
  Trying cycle: 20190525
  WARNING: Missing ipvgrbh file for 201905252200 cycle 20190525 (continuing with pgrbh only)
  Step filtering not needed (single numeric stepRange=4)
  Selected cycle: 20190525
Processing timestep: 201905252300
  Writing /home/lwestern/agage/meteorology/cfsv2/flexpart_inputs//GF19052523
  Trying cycle: 20190525
  WARNING: Missing ipvgrbh file for 201905252300 cycle 20190525 (continuing with pgrbh only)
  Step filtering not needed (single numeric stepRange=5)
  Selected cycle: 20190525
Processing timestep: 201905260000
  Writing /home/lwestern/agage/meteorology/cfsv2/flexpart_inputs//GF19052600
  Trying cycle: 20190525
  WARNING: Missing ipvgrbh file for 201905260000 cycle 20190525 (continuing with pgrbh only)
  Step filtering not needed (single numeric stepRange=6)
  Selected cycle: 20190525
Processing timestep: 201905280100
  Writing /home/lwestern/agage/meteorology/cfsv2/flexpart_inputs//GF19052801
  Trying cycle: 20190528
  Selected cycle: 20190525
Processing timestep: 201905280200
  Writing /home/lwestern/agage/meteorology/cfsv2/flexpart_inputs//GF19052802
  Trying cycle: 20190528
  Step filtering not needed (single numeric stepRange=1)
  Step filtering not needed (single numeric stepRange=2)
  Selected cycle: 20190525
Processing timestep: 201905280300
  Writing /home/lwestern/agage/meteorology/cfsv2/flexpart_inputs//GF19052803
  Trying cycle: 20190528
  Step filtering not needed (single numeric stepRange=3)
  Selected cycle: 20190525
Processing timestep: 201905280400
  Writing /home/lwestern/agage/meteorology/cfsv2/flexpart_inputs//GF19052804
  Trying cycle: 20190528
  Step filtering not needed (single numeric stepRange=4)
  Selected cycle: 20190525
Processing timestep: 201905280500
  Writing /home/lwestern/agage/meteorology/cfsv2/flexpart_inputs//GF19052805
  Trying cycle: 20190528
  Step filtering not needed (single numeric stepRange=5)
  Selected cycle: 20190525
Processing timestep: 201905280600
  Writing /home/lwestern/agage/meteorology/cfsv2/flexpart_inputs//GF19052806
  Trying cycle: 20190528
  Step filtering not needed (single numeric stepRange=6)
  Selected cycle: 20190525
Processing timestep: 201905280700
  Writing /home/lwestern/agage/meteorology/cfsv2/flexpart_inputs//GF19052807
  Trying cycle: 20190528
  Step filtering not needed (single numeric stepRange=1)
  Selected cycle: 20190525
Processing timestep: 201905280800
  Writing /home/lwestern/agage/meteorology/cfsv2/flexpart_inputs//GF19052808
  Trying cycle: 20190528
  Step filtering not needed (single numeric stepRange=2)
  Selected cycle: 20190528
Processing timestep: 201905280900
  Writing /home/lwestern/agage/meteorology/cfsv2/flexpart_inputs//GF19052809
  Trying cycle: 20190528
  Step filtering not needed (single numeric stepRange=3)
  Selected cycle: 20190528
Processing timestep: 201905281000
  Writing /home/lwestern/agage/meteorology/cfsv2/flexpart_inputs//GF19052810
  Trying cycle: 20190528
  Step filtering not needed (single numeric stepRange=4)
  Selected cycle: 20190528
Processing timestep: 201905281100
  Writing /home/lwestern/agage/meteorology/cfsv2/flexpart_inputs//GF19052811
  Trying cycle: 20190528
  Step filtering not needed (single numeric stepRange=5)
  Selected cycle: 20190528
Processing timestep: 201905281200
  Writing /home/lwestern/agage/meteorology/cfsv2/flexpart_inputs//GF19052812
  Trying cycle: 20190528
  Step filtering not needed (single numeric stepRange=6)
  Selected cycle: 20190528
Processing timestep: 201905281300
  Writing /home/lwestern/agage/meteorology/cfsv2/flexpart_inputs//GF19052813
  Trying cycle: 20190528
  Step filtering not needed (single numeric stepRange=1)
  Selected cycle: 20190528
Processing timestep: 201905281400
  Writing /home/lwestern/agage/meteorology/cfsv2/flexpart_inputs//GF19052814
  Trying cycle: 20190528
  Step filtering not needed (single numeric stepRange=2)
  Selected cycle: 20190528
Processing timestep: 201905281500
  Writing /home/lwestern/agage/meteorology/cfsv2/flexpart_inputs//GF19052815
  Trying cycle: 20190528
  Step filtering not needed (single numeric stepRange=3)
  Selected cycle: 20190528
Processing timestep: 201905281600
  Writing /home/lwestern/agage/meteorology/cfsv2/flexpart_inputs//GF19052816
  Trying cycle: 20190528
  Step filtering not needed (single numeric stepRange=4)
  Selected cycle: 20190528
Processing timestep: 201905281700
  Writing /home/lwestern/agage/meteorology/cfsv2/flexpart_inputs//GF19052817
  Selected cycle: 20190528
Processing timestep: 201905281800
  Writing /home/lwestern/agage/meteorology/cfsv2/flexpart_inputs//GF19052818
  Trying cycle: 20190528
  Trying cycle: 20190528
  Step filtering not needed (single numeric stepRange=6)
  Step filtering not needed (single numeric stepRange=5)
  Selected cycle: 20190528
Processing timestep: 201905281900
  Writing /home/lwestern/agage/meteorology/cfsv2/flexpart_inputs//GF19052819
  Trying cycle: 20190528
  Step filtering not needed (single numeric stepRange=1)
  Selected cycle: 20190528
Processing timestep: 201905282000
  Writing /home/lwestern/agage/meteorology/cfsv2/flexpart_inputs//GF19052820
  Trying cycle: 20190528
  Step filtering not needed (single numeric stepRange=2)
  Selected cycle: 20190528
Processing timestep: 201905282100
  Writing /home/lwestern/agage/meteorology/cfsv2/flexpart_inputs//GF19052821
  Trying cycle: 20190528
  Selected cycle: 20190528
Processing timestep: 201905282200
  Writing /home/lwestern/agage/meteorology/cfsv2/flexpart_inputs//GF19052822
  Trying cycle: 20190528
  Step filtering not needed (single numeric stepRange=3)
  Step filtering not needed (single numeric stepRange=4)
  Selected cycle: 20190528
Processing timestep: 201905282300
  Writing /home/lwestern/agage/meteorology/cfsv2/flexpart_inputs//GF19052823
  Trying cycle: 20190528
  Step filtering not needed (single numeric stepRange=5)
  Selected cycle: 20190528
Processing timestep: 201905290000
  Writing /home/lwestern/agage/meteorology/cfsv2/flexpart_inputs//GF19052900
  Trying cycle: 20190528
  Step filtering not needed (single numeric stepRange=6)
  Selected cycle: 20190528
Processing timestep: 201905290100
  Writing /home/lwestern/agage/meteorology/cfsv2/flexpart_inputs//GF19052901
  Trying cycle: 20190529
  WARNING: Missing ipvgrbh file for 201905290100 cycle 20190529 (continuing with pgrbh only)
  Step filtering not needed (single numeric stepRange=1)
  Selected cycle: 20190528
Processing timestep: 201905290200
  Writing /home/lwestern/agage/meteorology/cfsv2/flexpart_inputs//GF19052902
  Trying cycle: 20190529
  WARNING: Missing ipvgrbh file for 201905290200 cycle 20190529 (continuing with pgrbh only)
  Step filtering not needed (single numeric stepRange=2)
  Selected cycle: 20190528
Processing timestep: 201905290300
  Writing /home/lwestern/agage/meteorology/cfsv2/flexpart_inputs//GF19052903
  Trying cycle: 20190529
  WARNING: Missing ipvgrbh file for 201905290300 cycle 20190529 (continuing with pgrbh only)
  Step filtering not needed (single numeric stepRange=3)
  Selected cycle: 20190528
Processing timestep: 201905290400
  Writing /home/lwestern/agage/meteorology/cfsv2/flexpart_inputs//GF19052904
  Trying cycle: 20190529
  WARNING: Missing ipvgrbh file for 201905290400 cycle 20190529 (continuing with pgrbh only)
  Step filtering not needed (single numeric stepRange=4)
  Selected cycle: 20190528
Processing timestep: 201905290500
  Writing /home/lwestern/agage/meteorology/cfsv2/flexpart_inputs//GF19052905
  Trying cycle: 20190529
  WARNING: Missing ipvgrbh file for 201905290500 cycle 20190529 (continuing with pgrbh only)
  Step filtering not needed (single numeric stepRange=5)
  Selected cycle: 20190528
Processing timestep: 201905290600
  Writing /home/lwestern/agage/meteorology/cfsv2/flexpart_inputs//GF19052906
  Trying cycle: 20190529
  WARNING: Missing ipvgrbh file for 201905290600 cycle 20190529 (continuing with pgrbh only)
  Step filtering not needed (single numeric stepRange=6)
  Selected cycle: 20190528
Processing timestep: 201905290700
  Writing /home/lwestern/agage/meteorology/cfsv2/flexpart_inputs//GF19052907
  Trying cycle: 20190529
  WARNING: Missing ipvgrbh file for 201905290700 cycle 20190529 (continuing with pgrbh only)
  Step filtering not needed (single numeric stepRange=1)
  Selected cycle: 20190528
Processing timestep: 201905290800
  Writing /home/lwestern/agage/meteorology/cfsv2/flexpart_inputs//GF19052908
  Trying cycle: 20190529
  WARNING: Missing ipvgrbh file for 201905290800 cycle 20190529 (continuing with pgrbh only)
  Step filtering not needed (single numeric stepRange=2)
  Selected cycle: 20190529
Processing timestep: 201905290900
  Writing /home/lwestern/agage/meteorology/cfsv2/flexpart_inputs//GF19052909
  Trying cycle: 20190529
  WARNING: Missing ipvgrbh file for 201905290900 cycle 20190529 (continuing with pgrbh only)
  Step filtering not needed (single numeric stepRange=3)
  Selected cycle: 20190529
Processing timestep: 201905291000
  Writing /home/lwestern/agage/meteorology/cfsv2/flexpart_inputs//GF19052910
  Trying cycle: 20190529
  WARNING: Missing ipvgrbh file for 201905291000 cycle 20190529 (continuing with pgrbh only)
  Step filtering not needed (single numeric stepRange=4)
  Selected cycle: 20190529
Processing timestep: 201905291100
  Writing /home/lwestern/agage/meteorology/cfsv2/flexpart_inputs//GF19052911
  Trying cycle: 20190529
  WARNING: Missing ipvgrbh file for 201905291100 cycle 20190529 (continuing with pgrbh only)
  Step filtering not needed (single numeric stepRange=5)
  Selected cycle: 20190529
Processing timestep: 201905291200
  Writing /home/lwestern/agage/meteorology/cfsv2/flexpart_inputs//GF19052912
  Trying cycle: 20190529
  WARNING: Missing ipvgrbh file for 201905291200 cycle 20190529 (continuing with pgrbh only)
  Step filtering not needed (single numeric stepRange=6)
  Selected cycle: 20190529
Processing timestep: 201905291300
  Writing /home/lwestern/agage/meteorology/cfsv2/flexpart_inputs//GF19052913
  Trying cycle: 20190529
  WARNING: Missing ipvgrbh file for 201905291300 cycle 20190529 (continuing with pgrbh only)
  Step filtering not needed (single numeric stepRange=1)
  Selected cycle: 20190529
Processing timestep: 201905291400
  Writing /home/lwestern/agage/meteorology/cfsv2/flexpart_inputs//GF19052914
  Trying cycle: 20190529
  WARNING: Missing ipvgrbh file for 201905291400 cycle 20190529 (continuing with pgrbh only)
  Step filtering not needed (single numeric stepRange=2)
  Selected cycle: 20190529
Processing timestep: 201905291500
  Writing /home/lwestern/agage/meteorology/cfsv2/flexpart_inputs//GF19052915
  Trying cycle: 20190529
  WARNING: Missing ipvgrbh file for 201905291500 cycle 20190529 (continuing with pgrbh only)
  Step filtering not needed (single numeric stepRange=3)
  Selected cycle: 20190529
Processing timestep: 201905291600
  Writing /home/lwestern/agage/meteorology/cfsv2/flexpart_inputs//GF19052916
  Trying cycle: 20190529
  WARNING: Missing ipvgrbh file for 201905291600 cycle 20190529 (continuing with pgrbh only)
  Step filtering not needed (single numeric stepRange=4)
  Selected cycle: 20190529
Processing timestep: 201905291700
  Writing /home/lwestern/agage/meteorology/cfsv2/flexpart_inputs//GF19052917
  Trying cycle: 20190529
  WARNING: Missing ipvgrbh file for 201905291700 cycle 20190529 (continuing with pgrbh only)
  Step filtering not needed (single numeric stepRange=5)
  Selected cycle: 20190529
Processing timestep: 201905291800
  Writing /home/lwestern/agage/meteorology/cfsv2/flexpart_inputs//GF19052918
  Trying cycle: 20190529
  WARNING: Missing ipvgrbh file for 201905291800 cycle 20190529 (continuing with pgrbh only)
  Step filtering not needed (single numeric stepRange=6)
  Selected cycle: 20190529
Processing timestep: 201905291900
  Writing /home/lwestern/agage/meteorology/cfsv2/flexpart_inputs//GF19052919
  Trying cycle: 20190529
  WARNING: Missing ipvgrbh file for 201905291900 cycle 20190529 (continuing with pgrbh only)
  Step filtering not needed (single numeric stepRange=1)
  Selected cycle: 20190529
Processing timestep: 201905292000
  Writing /home/lwestern/agage/meteorology/cfsv2/flexpart_inputs//GF19052920
  Trying cycle: 20190529
  WARNING: Missing ipvgrbh file for 201905292000 cycle 20190529 (continuing with pgrbh only)
  Step filtering not needed (single numeric stepRange=2)
  Selected cycle: 20190529
Processing timestep: 201905292100
  Writing /home/lwestern/agage/meteorology/cfsv2/flexpart_inputs//GF19052921
  Trying cycle: 20190529
  WARNING: Missing ipvgrbh file for 201905292100 cycle 20190529 (continuing with pgrbh only)
  Step filtering not needed (single numeric stepRange=3)
  Selected cycle: 20190529
Processing timestep: 201905292200
  Writing /home/lwestern/agage/meteorology/cfsv2/flexpart_inputs//GF19052922
  Trying cycle: 20190529
  WARNING: Missing ipvgrbh file for 201905292200 cycle 20190529 (continuing with pgrbh only)
  Step filtering not needed (single numeric stepRange=4)
  Selected cycle: 20190529
Processing timestep: 201905292300
  Writing /home/lwestern/agage/meteorology/cfsv2/flexpart_inputs//GF19052923
  Trying cycle: 20190529
  WARNING: Missing ipvgrbh file for 201905292300 cycle 20190529 (continuing with pgrbh only)
  Step filtering not needed (single numeric stepRange=5)
  Selected cycle: 20190529
Processing timestep: 201905300000
  Writing /home/lwestern/agage/meteorology/cfsv2/flexpart_inputs//GF19053000
  Trying cycle: 20190529
  WARNING: Missing ipvgrbh file for 201905300000 cycle 20190529 (continuing with pgrbh only)
  Step filtering not needed (single numeric stepRange=6)
  Selected cycle: 20190529
Processing timestep: 201906090100
  Writing /home/lwestern/agage/meteorology/cfsv2/flexpart_inputs//GF19060901
  Trying cycle: 20190609
  WARNING: Missing ipvgrbh file for 201906090100 cycle 20190609 (continuing with pgrbh only)
  Step filtering not needed (single numeric stepRange=1)
  Selected cycle: 20190529
Processing timestep: 201906090200
  Writing /home/lwestern/agage/meteorology/cfsv2/flexpart_inputs//GF19060902
  Trying cycle: 20190609
  WARNING: Missing ipvgrbh file for 201906090200 cycle 20190609 (continuing with pgrbh only)
  Step filtering not needed (single numeric stepRange=2)
  Selected cycle: 20190529
Processing timestep: 201906090300
  Writing /home/lwestern/agage/meteorology/cfsv2/flexpart_inputs//GF19060903
  Trying cycle: 20190609
  WARNING: Missing ipvgrbh file for 201906090300 cycle 20190609 (continuing with pgrbh only)
  Step filtering not needed (single numeric stepRange=3)
  Selected cycle: 20190529
Processing timestep: 201906090400
  Writing /home/lwestern/agage/meteorology/cfsv2/flexpart_inputs//GF19060904
  Trying cycle: 20190609
  WARNING: Missing ipvgrbh file for 201906090400 cycle 20190609 (continuing with pgrbh only)
  Step filtering not needed (single numeric stepRange=4)
  Selected cycle: 20190529
Processing timestep: 201906090500
  Writing /home/lwestern/agage/meteorology/cfsv2/flexpart_inputs//GF19060905
  Trying cycle: 20190609
  WARNING: Missing ipvgrbh file for 201906090500 cycle 20190609 (continuing with pgrbh only)
  Step filtering not needed (single numeric stepRange=5)
  Selected cycle: 20190529
Processing timestep: 201906090600
  Writing /home/lwestern/agage/meteorology/cfsv2/flexpart_inputs//GF19060906
  Trying cycle: 20190609
  WARNING: Missing ipvgrbh file for 201906090600 cycle 20190609 (continuing with pgrbh only)
  Step filtering not needed (single numeric stepRange=6)
  Selected cycle: 20190529
Processing timestep: 201906090700
  Writing /home/lwestern/agage/meteorology/cfsv2/flexpart_inputs//GF19060907
  Trying cycle: 20190609
  WARNING: Missing ipvgrbh file for 201906090700 cycle 20190609 (continuing with pgrbh only)
  Step filtering not needed (single numeric stepRange=1)
  Selected cycle: 20190529
Processing timestep: 201906090800
  Writing /home/lwestern/agage/meteorology/cfsv2/flexpart_inputs//GF19060908
  Trying cycle: 20190609
  WARNING: Missing ipvgrbh file for 201906090800 cycle 20190609 (continuing with pgrbh only)
  Step filtering not needed (single numeric stepRange=2)
  Selected cycle: 20190609
Processing timestep: 201906090900
  Writing /home/lwestern/agage/meteorology/cfsv2/flexpart_inputs//GF19060909
  Trying cycle: 20190609
  WARNING: Missing ipvgrbh file for 201906090900 cycle 20190609 (continuing with pgrbh only)
  Step filtering not needed (single numeric stepRange=3)
  Selected cycle: 20190609
Processing timestep: 201906091000
  Writing /home/lwestern/agage/meteorology/cfsv2/flexpart_inputs//GF19060910
  Trying cycle: 20190609
  WARNING: Missing ipvgrbh file for 201906091000 cycle 20190609 (continuing with pgrbh only)
  Step filtering not needed (single numeric stepRange=4)
  Selected cycle: 20190609
Processing timestep: 201906091100
  Writing /home/lwestern/agage/meteorology/cfsv2/flexpart_inputs//GF19060911
  Trying cycle: 20190609
  WARNING: Missing ipvgrbh file for 201906091100 cycle 20190609 (continuing with pgrbh only)
  Step filtering not needed (single numeric stepRange=5)
  Selected cycle: 20190609
Processing timestep: 201906091200
  Writing /home/lwestern/agage/meteorology/cfsv2/flexpart_inputs//GF19060912
  Trying cycle: 20190609
  WARNING: Missing ipvgrbh file for 201906091200 cycle 20190609 (continuing with pgrbh only)
  Step filtering not needed (single numeric stepRange=6)
  Selected cycle: 20190609
Processing timestep: 201906091300
  Writing /home/lwestern/agage/meteorology/cfsv2/flexpart_inputs//GF19060913
  Trying cycle: 20190609
  WARNING: Missing ipvgrbh file for 201906091300 cycle 20190609 (continuing with pgrbh only)
  Step filtering not needed (single numeric stepRange=1)
  Selected cycle: 20190609
Processing timestep: 201906091400
  Writing /home/lwestern/agage/meteorology/cfsv2/flexpart_inputs//GF19060914
  Trying cycle: 20190609
  WARNING: Missing ipvgrbh file for 201906091400 cycle 20190609 (continuing with pgrbh only)
  Step filtering not needed (single numeric stepRange=2)
  Selected cycle: 20190609
Processing timestep: 201906091500
  Writing /home/lwestern/agage/meteorology/cfsv2/flexpart_inputs//GF19060915
  Trying cycle: 20190609
  WARNING: Missing ipvgrbh file for 201906091500 cycle 20190609 (continuing with pgrbh only)
  Step filtering not needed (single numeric stepRange=3)
  Selected cycle: 20190609
Processing timestep: 201906091600
  Writing /home/lwestern/agage/meteorology/cfsv2/flexpart_inputs//GF19060916
  Trying cycle: 20190609
  WARNING: Missing ipvgrbh file for 201906091600 cycle 20190609 (continuing with pgrbh only)
  Step filtering not needed (single numeric stepRange=4)
  Selected cycle: 20190609
Processing timestep: 201906091700
  Writing /home/lwestern/agage/meteorology/cfsv2/flexpart_inputs//GF19060917
  Trying cycle: 20190609
  WARNING: Missing ipvgrbh file for 201906091700 cycle 20190609 (continuing with pgrbh only)
  Step filtering not needed (single numeric stepRange=5)
  Selected cycle: 20190609
Processing timestep: 201906091800
  Writing /home/lwestern/agage/meteorology/cfsv2/flexpart_inputs//GF19060918
  Trying cycle: 20190609
  WARNING: Missing ipvgrbh file for 201906091800 cycle 20190609 (continuing with pgrbh only)
  Step filtering not needed (single numeric stepRange=6)
  Selected cycle: 20190609
Processing timestep: 201906091900
  Writing /home/lwestern/agage/meteorology/cfsv2/flexpart_inputs//GF19060919
  Trying cycle: 20190609
  WARNING: Missing ipvgrbh file for 201906091900 cycle 20190609 (continuing with pgrbh only)
  Step filtering not needed (single numeric stepRange=1)
  Selected cycle: 20190609
Processing timestep: 201906092000
  Writing /home/lwestern/agage/meteorology/cfsv2/flexpart_inputs//GF19060920
  Trying cycle: 20190609
  WARNING: Missing ipvgrbh file for 201906092000 cycle 20190609 (continuing with pgrbh only)
  Step filtering not needed (single numeric stepRange=2)
  Selected cycle: 20190609
Processing timestep: 201906092100
  Writing /home/lwestern/agage/meteorology/cfsv2/flexpart_inputs//GF19060921
  Trying cycle: 20190609
  WARNING: Missing ipvgrbh file for 201906092100 cycle 20190609 (continuing with pgrbh only)
  Step filtering not needed (single numeric stepRange=3)
  Selected cycle: 20190609
Processing timestep: 201906092200
  Writing /home/lwestern/agage/meteorology/cfsv2/flexpart_inputs//GF19060922
  Trying cycle: 20190609
  WARNING: Missing ipvgrbh file for 201906092200 cycle 20190609 (continuing with pgrbh only)
  Step filtering not needed (single numeric stepRange=4)
  Selected cycle: 20190609
Processing timestep: 201906092300
  Writing /home/lwestern/agage/meteorology/cfsv2/flexpart_inputs//GF19060923
  Trying cycle: 20190609
  Selected cycle: 20190609
Processing timestep: 201906100000
  Writing /home/lwestern/agage/meteorology/cfsv2/flexpart_inputs//GF19061000
  Trying cycle: 20190609
  WARNING: Missing ipvgrbh file for 201906092300 cycle 20190609 (continuing with pgrbh only)
  Step filtering not needed (single numeric stepRange=5)
  WARNING: Missing ipvgrbh file for 201906100000 cycle 20190609 (continuing with pgrbh only)
  Step filtering not needed (single numeric stepRange=6)
  Selected cycle: 20190609
Processing timestep: 201906100100
  Writing /home/lwestern/agage/meteorology/cfsv2/flexpart_inputs//GF19061001
  Trying cycle: 20190610
  Step filtering not needed (single numeric stepRange=1)
  Selected cycle: 20190609
Processing timestep: 201906100200
  Writing /home/lwestern/agage/meteorology/cfsv2/flexpart_inputs//GF19061002
  Trying cycle: 20190610
  Step filtering not needed (single numeric stepRange=2)
  Selected cycle: 20190609
Processing timestep: 201906100300
  Writing /home/lwestern/agage/meteorology/cfsv2/flexpart_inputs//GF19061003
  Trying cycle: 20190610
  Step filtering not needed (single numeric stepRange=3)
  Selected cycle: 20190609
Processing timestep: 201906100400
  Writing /home/lwestern/agage/meteorology/cfsv2/flexpart_inputs//GF19061004
  Trying cycle: 20190610
  Step filtering not needed (single numeric stepRange=4)
  Selected cycle: 20190609
Processing timestep: 201906100500
  Writing /home/lwestern/agage/meteorology/cfsv2/flexpart_inputs//GF19061005
  Trying cycle: 20190610
  Step filtering not needed (single numeric stepRange=5)
  Selected cycle: 20190609
Processing timestep: 201906100600
  Writing /home/lwestern/agage/meteorology/cfsv2/flexpart_inputs//GF19061006
  Trying cycle: 20190610
  Step filtering not needed (single numeric stepRange=6)
  Selected cycle: 20190609
Processing timestep: 201906100700
  Writing /home/lwestern/agage/meteorology/cfsv2/flexpart_inputs//GF19061007
  Trying cycle: 20190610
  Selected cycle: 20190609
  Selected cycle: 20190610
Processing timestep: 201906100800
Processing timestep: 201906100900
  Writing /home/lwestern/agage/meteorology/cfsv2/flexpart_inputs//GF19061008
  Writing /home/lwestern/agage/meteorology/cfsv2/flexpart_inputs//GF19061009
  Trying cycle: 20190610
  Trying cycle: 20190610
  Step filtering not needed (single numeric stepRange=1)
  Step filtering not needed (single numeric stepRange=2)
  Step filtering not needed (single numeric stepRange=3)
  Selected cycle: 20190610
Processing timestep: 201906101000
  Writing /home/lwestern/agage/meteorology/cfsv2/flexpart_inputs//GF19061010
  Trying cycle: 20190610
  Step filtering not needed (single numeric stepRange=4)
  Selected cycle: 20190610
Processing timestep: 201906101100
  Writing /home/lwestern/agage/meteorology/cfsv2/flexpart_inputs//GF19061011
  Trying cycle: 20190610
  Step filtering not needed (single numeric stepRange=5)
  Selected cycle: 20190610
Processing timestep: 201906101200
  Writing /home/lwestern/agage/meteorology/cfsv2/flexpart_inputs//GF19061012
  Trying cycle: 20190610
  Step filtering not needed (single numeric stepRange=6)
  Selected cycle: 20190610
Processing timestep: 201906101300
  Writing /home/lwestern/agage/meteorology/cfsv2/flexpart_inputs//GF19061013
  Trying cycle: 20190610
  Step filtering not needed (single numeric stepRange=1)
  Selected cycle: 20190610
Processing timestep: 201906101400
  Writing /home/lwestern/agage/meteorology/cfsv2/flexpart_inputs//GF19061014
  Trying cycle: 20190610
  Step filtering not needed (single numeric stepRange=2)
  Selected cycle: 20190610
Processing timestep: 201906101500
  Writing /home/lwestern/agage/meteorology/cfsv2/flexpart_inputs//GF19061015
  Trying cycle: 20190610
  Selected cycle: 20190610
Processing timestep: 201906101600
  Writing /home/lwestern/agage/meteorology/cfsv2/flexpart_inputs//GF19061016
  Trying cycle: 20190610
  Selected cycle: 20190610
Processing timestep: 201906101700
  Writing /home/lwestern/agage/meteorology/cfsv2/flexpart_inputs//GF19061017
  Trying cycle: 20190610
  Step filtering not needed (single numeric stepRange=3)
  Step filtering not needed (single numeric stepRange=4)
  Step filtering not needed (single numeric stepRange=5)
  Selected cycle: 20190610
Processing timestep: 201906101800
  Writing /home/lwestern/agage/meteorology/cfsv2/flexpart_inputs//GF19061018
  Trying cycle: 20190610
  Step filtering not needed (single numeric stepRange=6)
  Selected cycle: 20190610
Processing timestep: 201906101900
  Selected cycle: 20190610
Processing timestep: 201906102000
  Writing /home/lwestern/agage/meteorology/cfsv2/flexpart_inputs//GF19061019
  Trying cycle: 20190610
  Writing /home/lwestern/agage/meteorology/cfsv2/flexpart_inputs//GF19061020
  Trying cycle: 20190610
  Step filtering not needed (single numeric stepRange=1)
  Step filtering not needed (single numeric stepRange=2)
  Selected cycle: 20190610
Processing timestep: 201906102100
  Writing /home/lwestern/agage/meteorology/cfsv2/flexpart_inputs//GF19061021
  Selected cycle: 20190610
Processing timestep: 201906102200
  Writing /home/lwestern/agage/meteorology/cfsv2/flexpart_inputs//GF19061022
  Trying cycle: 20190610
  Trying cycle: 20190610
  Step filtering not needed (single numeric stepRange=3)
  Step filtering not needed (single numeric stepRange=4)
  Selected cycle: 20190610
Processing timestep: 201906102300
  Writing /home/lwestern/agage/meteorology/cfsv2/flexpart_inputs//GF19061023
  Selected cycle: 20190610
Processing timestep: 201906110000
  Trying cycle: 20190610
  Writing /home/lwestern/agage/meteorology/cfsv2/flexpart_inputs//GF19061100
  Trying cycle: 20190610
  Step filtering not needed (single numeric stepRange=5)
  Selected cycle: 20190610
  Step filtering not needed (single numeric stepRange=6)
Processing timestep: 201906180100
  Writing /home/lwestern/agage/meteorology/cfsv2/flexpart_inputs//GF19061801
  Trying cycle: 20190618
  WARNING: Missing ipvgrbh file for 201906180100 cycle 20190618 (continuing with pgrbh only)
  Step filtering not needed (single numeric stepRange=1)
  Selected cycle: 20190610
Processing timestep: 201906180200
  Writing /home/lwestern/agage/meteorology/cfsv2/flexpart_inputs//GF19061802
  Trying cycle: 20190618
  WARNING: Missing ipvgrbh file for 201906180200 cycle 20190618 (continuing with pgrbh only)
  Step filtering not needed (single numeric stepRange=2)
  Selected cycle: 20190610
Processing timestep: 201906180300
  Writing /home/lwestern/agage/meteorology/cfsv2/flexpart_inputs//GF19061803
  Trying cycle: 20190618
  WARNING: Missing ipvgrbh file for 201906180300 cycle 20190618 (continuing with pgrbh only)
  Step filtering not needed (single numeric stepRange=3)
  Selected cycle: 20190610
Processing timestep: 201906180400
  Writing /home/lwestern/agage/meteorology/cfsv2/flexpart_inputs//GF19061804
  Trying cycle: 20190618
  WARNING: Missing ipvgrbh file for 201906180400 cycle 20190618 (continuing with pgrbh only)
  Step filtering not needed (single numeric stepRange=4)
  Selected cycle: 20190610
Processing timestep: 201906180500
  Writing /home/lwestern/agage/meteorology/cfsv2/flexpart_inputs//GF19061805
  Trying cycle: 20190618
  WARNING: Missing ipvgrbh file for 201906180500 cycle 20190618 (continuing with pgrbh only)
  Step filtering not needed (single numeric stepRange=5)
  Selected cycle: 20190610
Processing timestep: 201906180600
  Writing /home/lwestern/agage/meteorology/cfsv2/flexpart_inputs//GF19061806
  Trying cycle: 20190618
  WARNING: Missing ipvgrbh file for 201906180600 cycle 20190618 (continuing with pgrbh only)
  Step filtering not needed (single numeric stepRange=6)
  Selected cycle: 20190610
Processing timestep: 201906180700
  Writing /home/lwestern/agage/meteorology/cfsv2/flexpart_inputs//GF19061807
  Trying cycle: 20190618
  Selected cycle: 20190618
  Selected cycle: 20190610
Processing timestep: 201906180800
Processing timestep: 201906180900
  Selected cycle: 20190618
Processing timestep: 201906181000
  Writing /home/lwestern/agage/meteorology/cfsv2/flexpart_inputs//GF19061809
  Writing /home/lwestern/agage/meteorology/cfsv2/flexpart_inputs//GF19061808
  Trying cycle: 20190618
  Trying cycle: 20190618
  Writing /home/lwestern/agage/meteorology/cfsv2/flexpart_inputs//GF19061810
  Trying cycle: 20190618
  WARNING: Missing ipvgrbh file for 201906180700 cycle 20190618 (continuing with pgrbh only)
  Step filtering not needed (single numeric stepRange=1)
  WARNING: Missing ipvgrbh file for 201906180800 cycle 20190618 (continuing with pgrbh only)
  WARNING: Missing ipvgrbh file for 201906181000 cycle 20190618 (continuing with pgrbh only)
  WARNING: Missing ipvgrbh file for 201906180900 cycle 20190618 (continuing with pgrbh only)
  Step filtering not needed (single numeric stepRange=2)
  Step filtering not needed (single numeric stepRange=4)
  Step filtering not needed (single numeric stepRange=3)
  Selected cycle: 20190618
Processing timestep: 201906181100
  Writing /home/lwestern/agage/meteorology/cfsv2/flexpart_inputs//GF19061811
  Trying cycle: 20190618
  WARNING: Missing ipvgrbh file for 201906181100 cycle 20190618 (continuing with pgrbh only)
  Step filtering not needed (single numeric stepRange=5)
  Selected cycle: 20190618
Processing timestep: 201906181200
  Writing /home/lwestern/agage/meteorology/cfsv2/flexpart_inputs//GF19061812
  Trying cycle: 20190618
  WARNING: Missing ipvgrbh file for 201906181200 cycle 20190618 (continuing with pgrbh only)
  Step filtering not needed (single numeric stepRange=6)
  Selected cycle: 20190618
Processing timestep: 201906181300
  Writing /home/lwestern/agage/meteorology/cfsv2/flexpart_inputs//GF19061813
  Trying cycle: 20190618
  Selected cycle: 20190618
Processing timestep: 201906181400
  Writing /home/lwestern/agage/meteorology/cfsv2/flexpart_inputs//GF19061814
  Trying cycle: 20190618
  WARNING: Missing ipvgrbh file for 201906181300 cycle 20190618 (continuing with pgrbh only)
  Step filtering not needed (single numeric stepRange=1)
  WARNING: Missing ipvgrbh file for 201906181400 cycle 20190618 (continuing with pgrbh only)
  Step filtering not needed (single numeric stepRange=2)
  Selected cycle: 20190618
Processing timestep: 201906181500
  Writing /home/lwestern/agage/meteorology/cfsv2/flexpart_inputs//GF19061815
  Trying cycle: 20190618
  Selected cycle: 20190618
Processing timestep: 201906181600
  Writing /home/lwestern/agage/meteorology/cfsv2/flexpart_inputs//GF19061816
  Trying cycle: 20190618
  WARNING: Missing ipvgrbh file for 201906181600 cycle 20190618 (continuing with pgrbh only)
  Step filtering not needed (single numeric stepRange=4)
  Selected cycle: 20190618
Processing timestep: 201906181700
  Writing /home/lwestern/agage/meteorology/cfsv2/flexpart_inputs//GF19061817
  Trying cycle: 20190618
  Selected cycle: 20190618
Processing timestep: 201906181800
  Writing /home/lwestern/agage/meteorology/cfsv2/flexpart_inputs//GF19061818
  Trying cycle: 20190618
  WARNING: Missing ipvgrbh file for 201906181500 cycle 20190618 (continuing with pgrbh only)
  WARNING: Missing ipvgrbh file for 201906181700 cycle 20190618 (continuing with pgrbh only)
  Step filtering not needed (single numeric stepRange=3)
  Step filtering not needed (single numeric stepRange=5)
  WARNING: Missing ipvgrbh file for 201906181800 cycle 20190618 (continuing with pgrbh only)
  Step filtering not needed (single numeric stepRange=6)
  Selected cycle: 20190618
Processing timestep: 201906181900
  Writing /home/lwestern/agage/meteorology/cfsv2/flexpart_inputs//GF19061819
  Trying cycle: 20190618
  Selected cycle: 20190618
Processing timestep: 201906182000
  Writing /home/lwestern/agage/meteorology/cfsv2/flexpart_inputs//GF19061820
  Trying cycle: 20190618
  WARNING: Missing ipvgrbh file for 201906181900 cycle 20190618 (continuing with pgrbh only)
  Step filtering not needed (single numeric stepRange=1)
  WARNING: Missing ipvgrbh file for 201906182000 cycle 20190618 (continuing with pgrbh only)
  Step filtering not needed (single numeric stepRange=2)
  Selected cycle: 20190618
Processing timestep: 201906182100
  Writing /home/lwestern/agage/meteorology/cfsv2/flexpart_inputs//GF19061821
  Trying cycle: 20190618
  WARNING: Missing ipvgrbh file for 201906182100 cycle 20190618 (continuing with pgrbh only)
  Step filtering not needed (single numeric stepRange=3)
  Selected cycle: 20190618
Processing timestep: 201906182200
  Writing /home/lwestern/agage/meteorology/cfsv2/flexpart_inputs//GF19061822
  Trying cycle: 20190618
  WARNING: Missing ipvgrbh file for 201906182200 cycle 20190618 (continuing with pgrbh only)
  Step filtering not needed (single numeric stepRange=4)
  Selected cycle: 20190618
Processing timestep: 201906182300
  Writing /home/lwestern/agage/meteorology/cfsv2/flexpart_inputs//GF19061823
  Trying cycle: 20190618
  WARNING: Missing ipvgrbh file for 201906182300 cycle 20190618 (continuing with pgrbh only)
  Step filtering not needed (single numeric stepRange=5)
  Selected cycle: 20190618
Processing timestep: 201906190000
  Writing /home/lwestern/agage/meteorology/cfsv2/flexpart_inputs//GF19061900
  Trying cycle: 20190618
  WARNING: Missing ipvgrbh file for 201906190000 cycle 20190618 (continuing with pgrbh only)
  Step filtering not needed (single numeric stepRange=6)
  Selected cycle: 20190618
Processing timestep: 201906210100
  Writing /home/lwestern/agage/meteorology/cfsv2/flexpart_inputs//GF19062101
  Trying cycle: 20190621
  Selected cycle: 20190618
Processing timestep: 201906210200
  Writing /home/lwestern/agage/meteorology/cfsv2/flexpart_inputs//GF19062102
  Trying cycle: 20190621
  WARNING: Missing ipvgrbh file for 201906210100 cycle 20190621 (continuing with pgrbh only)
  Step filtering not needed (single numeric stepRange=1)
  WARNING: Missing ipvgrbh file for 201906210200 cycle 20190621 (continuing with pgrbh only)
  Step filtering not needed (single numeric stepRange=2)
  Selected cycle: 20190618
Processing timestep: 201906210300
  Writing /home/lwestern/agage/meteorology/cfsv2/flexpart_inputs//GF19062103
  Trying cycle: 20190621
  Selected cycle: 20190618
Processing timestep: 201906210400
  Writing /home/lwestern/agage/meteorology/cfsv2/flexpart_inputs//GF19062104
  Trying cycle: 20190621
  WARNING: Missing ipvgrbh file for 201906210300 cycle 20190621 (continuing with pgrbh only)
  Step filtering not needed (single numeric stepRange=3)
  WARNING: Missing ipvgrbh file for 201906210400 cycle 20190621 (continuing with pgrbh only)
  Step filtering not needed (single numeric stepRange=4)
  Selected cycle: 20190618
Processing timestep: 201906210500
  Writing /home/lwestern/agage/meteorology/cfsv2/flexpart_inputs//GF19062105
  Trying cycle: 20190621
  Selected cycle: 20190618
Processing timestep: 201906210600
  WARNING: Missing ipvgrbh file for 201906210500 cycle 20190621 (continuing with pgrbh only)
  Writing /home/lwestern/agage/meteorology/cfsv2/flexpart_inputs//GF19062106
  Trying cycle: 20190621
  Step filtering not needed (single numeric stepRange=5)
  WARNING: Missing ipvgrbh file for 201906210600 cycle 20190621 (continuing with pgrbh only)
  Step filtering not needed (single numeric stepRange=6)
  Selected cycle: 20190618
Processing timestep: 201906210700
  Writing /home/lwestern/agage/meteorology/cfsv2/flexpart_inputs//GF19062107
  Trying cycle: 20190621
  Selected cycle: 20190618
Processing timestep: 201906210800
  Writing /home/lwestern/agage/meteorology/cfsv2/flexpart_inputs//GF19062108
  Trying cycle: 20190621
  WARNING: Missing ipvgrbh file for 201906210700 cycle 20190621 (continuing with pgrbh only)
  Step filtering not needed (single numeric stepRange=1)
  WARNING: Missing ipvgrbh file for 201906210800 cycle 20190621 (continuing with pgrbh only)
  Step filtering not needed (single numeric stepRange=2)
  Selected cycle: 20190621
Processing timestep: 201906210900
  Writing /home/lwestern/agage/meteorology/cfsv2/flexpart_inputs//GF19062109
  Trying cycle: 20190621
  Selected cycle: 20190621
Processing timestep: 201906211000
  Writing /home/lwestern/agage/meteorology/cfsv2/flexpart_inputs//GF19062110
  Trying cycle: 20190621
  WARNING: Missing ipvgrbh file for 201906210900 cycle 20190621 (continuing with pgrbh only)
  Step filtering not needed (single numeric stepRange=3)
  WARNING: Missing ipvgrbh file for 201906211000 cycle 20190621 (continuing with pgrbh only)
  Step filtering not needed (single numeric stepRange=4)
  Selected cycle: 20190621
Processing timestep: 201906211100
  Writing /home/lwestern/agage/meteorology/cfsv2/flexpart_inputs//GF19062111
  Trying cycle: 20190621
  Selected cycle: 20190621
Processing timestep: 201906211200
  Writing /home/lwestern/agage/meteorology/cfsv2/flexpart_inputs//GF19062112
  Trying cycle: 20190621
  WARNING: Missing ipvgrbh file for 201906211100 cycle 20190621 (continuing with pgrbh only)
  Step filtering not needed (single numeric stepRange=5)
  WARNING: Missing ipvgrbh file for 201906211200 cycle 20190621 (continuing with pgrbh only)
  Step filtering not needed (single numeric stepRange=6)
  Selected cycle: 20190621
Processing timestep: 201906211300
  Selected cycle: 20190621
  Writing /home/lwestern/agage/meteorology/cfsv2/flexpart_inputs//GF19062113
  Trying cycle: 20190621
Processing timestep: 201906211400
  Writing /home/lwestern/agage/meteorology/cfsv2/flexpart_inputs//GF19062114
  Trying cycle: 20190621
  WARNING: Missing ipvgrbh file for 201906211300 cycle 20190621 (continuing with pgrbh only)
  WARNING: Missing ipvgrbh file for 201906211400 cycle 20190621 (continuing with pgrbh only)
  Step filtering not needed (single numeric stepRange=1)
  Step filtering not needed (single numeric stepRange=2)
  Selected cycle: 20190621
Processing timestep: 201906211500
  Writing /home/lwestern/agage/meteorology/cfsv2/flexpart_inputs//GF19062115
  Trying cycle: 20190621
  WARNING: Missing ipvgrbh file for 201906211500 cycle 20190621 (continuing with pgrbh only)
  Step filtering not needed (single numeric stepRange=3)
  Selected cycle: 20190621
Processing timestep: 201906211600
  Writing /home/lwestern/agage/meteorology/cfsv2/flexpart_inputs//GF19062116
  Trying cycle: 20190621
  WARNING: Missing ipvgrbh file for 201906211600 cycle 20190621 (continuing with pgrbh only)
  Step filtering not needed (single numeric stepRange=4)
  Selected cycle: 20190621
Processing timestep: 201906211700
  Writing /home/lwestern/agage/meteorology/cfsv2/flexpart_inputs//GF19062117
  Trying cycle: 20190621
  Selected cycle: 20190621
Processing timestep: 201906211800
  Writing /home/lwestern/agage/meteorology/cfsv2/flexpart_inputs//GF19062118
  Trying cycle: 20190621
  WARNING: Missing ipvgrbh file for 201906211700 cycle 20190621 (continuing with pgrbh only)
  WARNING: Missing ipvgrbh file for 201906211800 cycle 20190621 (continuing with pgrbh only)
  Step filtering not needed (single numeric stepRange=5)
  Step filtering not needed (single numeric stepRange=6)
  Selected cycle: 20190621
Processing timestep: 201906211900
  Selected cycle: 20190621
Processing timestep: 201906212000
  Writing /home/lwestern/agage/meteorology/cfsv2/flexpart_inputs//GF19062120
  Writing /home/lwestern/agage/meteorology/cfsv2/flexpart_inputs//GF19062119
  Trying cycle: 20190621
  Trying cycle: 20190621
  WARNING: Missing ipvgrbh file for 201906211900 cycle 20190621 (continuing with pgrbh only)
  WARNING: Missing ipvgrbh file for 201906212000 cycle 20190621 (continuing with pgrbh only)
  Step filtering not needed (single numeric stepRange=1)
  Step filtering not needed (single numeric stepRange=2)
  Selected cycle: 20190621
Processing timestep: 201906212100
  Writing /home/lwestern/agage/meteorology/cfsv2/flexpart_inputs//GF19062121
  Trying cycle: 20190621
  Selected cycle: 20190621
Processing timestep: 201906212200
  Writing /home/lwestern/agage/meteorology/cfsv2/flexpart_inputs//GF19062122
  Trying cycle: 20190621
  WARNING: Missing ipvgrbh file for 201906212200 cycle 20190621 (continuing with pgrbh only)
  WARNING: Missing ipvgrbh file for 201906212100 cycle 20190621 (continuing with pgrbh only)
  Step filtering not needed (single numeric stepRange=4)
  Step filtering not needed (single numeric stepRange=3)
  Selected cycle: 20190621
Processing timestep: 201906212300
  Writing /home/lwestern/agage/meteorology/cfsv2/flexpart_inputs//GF19062123
  Trying cycle: 20190621
  WARNING: Missing ipvgrbh file for 201906212300 cycle 20190621 (continuing with pgrbh only)
  Step filtering not needed (single numeric stepRange=5)
  Selected cycle: 20190621
Processing timestep: 201906220000
  Writing /home/lwestern/agage/meteorology/cfsv2/flexpart_inputs//GF19062200
  Trying cycle: 20190621
  WARNING: Missing ipvgrbh file for 201906220000 cycle 20190621 (continuing with pgrbh only)
  Step filtering not needed (single numeric stepRange=6)
  Selected cycle: 20190621
Processing timestep: 201906260100
  Writing /home/lwestern/agage/meteorology/cfsv2/flexpart_inputs//GF19062601
  Trying cycle: 20190626
  Selected cycle: 20190621
Processing timestep: 201906260200
  Writing /home/lwestern/agage/meteorology/cfsv2/flexpart_inputs//GF19062602
  Trying cycle: 20190626
  Step filtering not needed (single numeric stepRange=1)
  Selected cycle: 20190621
Processing timestep: 201906260300
  Writing /home/lwestern/agage/meteorology/cfsv2/flexpart_inputs//GF19062603
  Trying cycle: 20190626
  Step filtering not needed (single numeric stepRange=2)
  Step filtering not needed (single numeric stepRange=3)
  Selected cycle: 20190621
Processing timestep: 201906260400
  Writing /home/lwestern/agage/meteorology/cfsv2/flexpart_inputs//GF19062604
  Trying cycle: 20190626
  Step filtering not needed (single numeric stepRange=4)
  Selected cycle: 20190621
Processing timestep: 201906260500
  Writing /home/lwestern/agage/meteorology/cfsv2/flexpart_inputs//GF19062605
  Trying cycle: 20190626
  Selected cycle: 20190621
Processing timestep: 201906260600
  Writing /home/lwestern/agage/meteorology/cfsv2/flexpart_inputs//GF19062606
  Trying cycle: 20190626
  Step filtering not needed (single numeric stepRange=5)
  Step filtering not needed (single numeric stepRange=6)
  Selected cycle: 20190621
Processing timestep: 201906260700
  Writing /home/lwestern/agage/meteorology/cfsv2/flexpart_inputs//GF19062607
  Trying cycle: 20190626
  Step filtering not needed (single numeric stepRange=1)
  Selected cycle: 20190621
Processing timestep: 201906260800
  Writing /home/lwestern/agage/meteorology/cfsv2/flexpart_inputs//GF19062608
  Trying cycle: 20190626
  Step filtering not needed (single numeric stepRange=2)
  Selected cycle: 20190626
Processing timestep: 201906260900
  Writing /home/lwestern/agage/meteorology/cfsv2/flexpart_inputs//GF19062609
  Trying cycle: 20190626
  Selected cycle: 20190626
Processing timestep: 201906261000
  Writing /home/lwestern/agage/meteorology/cfsv2/flexpart_inputs//GF19062610
  Trying cycle: 20190626
  Step filtering not needed (single numeric stepRange=3)
  Step filtering not needed (single numeric stepRange=4)
  Selected cycle: 20190626
Processing timestep: 201906261100
  Writing /home/lwestern/agage/meteorology/cfsv2/flexpart_inputs//GF19062611
  Trying cycle: 20190626
  Step filtering not needed (single numeric stepRange=5)
  Selected cycle: 20190626
Processing timestep: 201906261200
  Writing /home/lwestern/agage/meteorology/cfsv2/flexpart_inputs//GF19062612
  Trying cycle: 20190626
  Step filtering not needed (single numeric stepRange=6)
  Selected cycle: 20190626
Processing timestep: 201906261300
  Writing /home/lwestern/agage/meteorology/cfsv2/flexpart_inputs//GF19062613
  Trying cycle: 20190626
  Selected cycle: 20190626
Processing timestep: 201906261400
  Writing /home/lwestern/agage/meteorology/cfsv2/flexpart_inputs//GF19062614
  Trying cycle: 20190626
  Step filtering not needed (single numeric stepRange=1)
  Step filtering not needed (single numeric stepRange=2)
  Selected cycle: 20190626
Processing timestep: 201906261500
  Writing /home/lwestern/agage/meteorology/cfsv2/flexpart_inputs//GF19062615
  Trying cycle: 20190626
  Step filtering not needed (single numeric stepRange=3)
  Selected cycle: 20190626
Processing timestep: 201906261600
  Writing /home/lwestern/agage/meteorology/cfsv2/flexpart_inputs//GF19062616
  Trying cycle: 20190626
  Step filtering not needed (single numeric stepRange=4)
  Selected cycle: 20190626
Processing timestep: 201906261700
  Writing /home/lwestern/agage/meteorology/cfsv2/flexpart_inputs//GF19062617
  Trying cycle: 20190626
  Selected cycle: 20190626
Processing timestep: 201906261800
  Writing /home/lwestern/agage/meteorology/cfsv2/flexpart_inputs//GF19062618
  Trying cycle: 20190626
  Step filtering not needed (single numeric stepRange=5)
  Step filtering not needed (single numeric stepRange=6)
  Selected cycle: 20190626
Processing timestep: 201906261900
  Writing /home/lwestern/agage/meteorology/cfsv2/flexpart_inputs//GF19062619
  Trying cycle: 20190626
  Step filtering not needed (single numeric stepRange=1)
  Selected cycle: 20190626
Processing timestep: 201906262000
  Writing /home/lwestern/agage/meteorology/cfsv2/flexpart_inputs//GF19062620
  Trying cycle: 20190626
  Step filtering not needed (single numeric stepRange=2)
  Selected cycle: 20190626
Processing timestep: 201906262100
  Writing /home/lwestern/agage/meteorology/cfsv2/flexpart_inputs//GF19062621
  Trying cycle: 20190626
  Selected cycle: 20190626
Processing timestep: 201906262200
  Writing /home/lwestern/agage/meteorology/cfsv2/flexpart_inputs//GF19062622
  Trying cycle: 20190626
  Step filtering not needed (single numeric stepRange=3)
  Step filtering not needed (single numeric stepRange=4)
  Selected cycle: 20190626
Processing timestep: 201906262300
  Writing /home/lwestern/agage/meteorology/cfsv2/flexpart_inputs//GF19062623
  Trying cycle: 20190626
  Selected cycle: 20190626
Processing timestep: 201906270000
  Writing /home/lwestern/agage/meteorology/cfsv2/flexpart_inputs//GF19062700
  Trying cycle: 20190626
  Step filtering not needed (single numeric stepRange=5)
  Step filtering not needed (single numeric stepRange=6)
  Selected cycle: 20190626
Processing timestep: 201906300100
  Writing /home/lwestern/agage/meteorology/cfsv2/flexpart_inputs//GF19063001
  Trying cycle: 20190630
  WARNING: Missing ipvgrbh file for 201906300100 cycle 20190630 (continuing with pgrbh only)
  Step filtering not needed (single numeric stepRange=1)
  Selected cycle: 20190626
Processing timestep: 201906300200
  Selected cycle: 20190626
Processing timestep: 201906300300
  Writing /home/lwestern/agage/meteorology/cfsv2/flexpart_inputs//GF19063002
  Writing /home/lwestern/agage/meteorology/cfsv2/flexpart_inputs//GF19063003
  Trying cycle: 20190630
  Trying cycle: 20190630
  Selected cycle: 20190626
Processing timestep: 201906300400
  Writing /home/lwestern/agage/meteorology/cfsv2/flexpart_inputs//GF19063004
  Trying cycle: 20190630
  WARNING: Missing ipvgrbh file for 201906300300 cycle 20190630 (continuing with pgrbh only)
  WARNING: Missing ipvgrbh file for 201906300200 cycle 20190630 (continuing with pgrbh only)
  Step filtering not needed (single numeric stepRange=2)
  Step filtering not needed (single numeric stepRange=3)
  WARNING: Missing ipvgrbh file for 201906300400 cycle 20190630 (continuing with pgrbh only)
  Step filtering not needed (single numeric stepRange=4)
  Selected cycle: 20190626
Processing timestep: 201906300500
  Selected cycle: 20190626
  Writing /home/lwestern/agage/meteorology/cfsv2/flexpart_inputs//GF19063005
Processing timestep: 201906300600
  Trying cycle: 20190630
  Writing /home/lwestern/agage/meteorology/cfsv2/flexpart_inputs//GF19063006
  Trying cycle: 20190630
  WARNING: Missing ipvgrbh file for 201906300500 cycle 20190630 (continuing with pgrbh only)
  WARNING: Missing ipvgrbh file for 201906300600 cycle 20190630 (continuing with pgrbh only)
  Step filtering not needed (single numeric stepRange=5)
  Step filtering not needed (single numeric stepRange=6)
  Selected cycle: 20190626
Processing timestep: 201906300700
  Writing /home/lwestern/agage/meteorology/cfsv2/flexpart_inputs//GF19063007
  Trying cycle: 20190630
  WARNING: Missing ipvgrbh file for 201906300700 cycle 20190630 (continuing with pgrbh only)
  Step filtering not needed (single numeric stepRange=1)
  Selected cycle: 20190626
Processing timestep: 201906300800
  Writing /home/lwestern/agage/meteorology/cfsv2/flexpart_inputs//GF19063008
  Trying cycle: 20190630
  WARNING: Missing ipvgrbh file for 201906300800 cycle 20190630 (continuing with pgrbh only)
  Step filtering not needed (single numeric stepRange=2)
  Selected cycle: 20190630
Processing timestep: 201906300900
  Writing /home/lwestern/agage/meteorology/cfsv2/flexpart_inputs//GF19063009
  Trying cycle: 20190630
  WARNING: Missing ipvgrbh file for 201906300900 cycle 20190630 (continuing with pgrbh only)
  Step filtering not needed (single numeric stepRange=3)
  Selected cycle: 20190630
Processing timestep: 201906301000
  Writing /home/lwestern/agage/meteorology/cfsv2/flexpart_inputs//GF19063010
  Trying cycle: 20190630
  Selected cycle: 20190630
Processing timestep: 201906301100
  Writing /home/lwestern/agage/meteorology/cfsv2/flexpart_inputs//GF19063011
  Trying cycle: 20190630
  Selected cycle: 20190630
Processing timestep: 201906301200
  Writing /home/lwestern/agage/meteorology/cfsv2/flexpart_inputs//GF19063012
  Trying cycle: 20190630
  WARNING: Missing ipvgrbh file for 201906301000 cycle 20190630 (continuing with pgrbh only)
  Step filtering not needed (single numeric stepRange=4)
  WARNING: Missing ipvgrbh file for 201906301100 cycle 20190630 (continuing with pgrbh only)
  WARNING: Missing ipvgrbh file for 201906301200 cycle 20190630 (continuing with pgrbh only)
  Step filtering not needed (single numeric stepRange=5)
  Step filtering not needed (single numeric stepRange=6)
  Selected cycle: 20190630
Processing timestep: 201906301300
  Writing /home/lwestern/agage/meteorology/cfsv2/flexpart_inputs//GF19063013
  Trying cycle: 20190630
  WARNING: Missing ipvgrbh file for 201906301300 cycle 20190630 (continuing with pgrbh only)
  Step filtering not needed (single numeric stepRange=1)
  Selected cycle: 20190630
Processing timestep: 201906301400
  Writing /home/lwestern/agage/meteorology/cfsv2/flexpart_inputs//GF19063014
  Trying cycle: 20190630
  WARNING: Missing ipvgrbh file for 201906301400 cycle 20190630 (continuing with pgrbh only)
  Step filtering not needed (single numeric stepRange=2)
  Selected cycle: 20190630
Processing timestep: 201906301500
  Writing /home/lwestern/agage/meteorology/cfsv2/flexpart_inputs//GF19063015
  Trying cycle: 20190630
  WARNING: Missing ipvgrbh file for 201906301500 cycle 20190630 (continuing with pgrbh only)
  Step filtering not needed (single numeric stepRange=3)
  Selected cycle: 20190630
Processing timestep: 201906301600
  Writing /home/lwestern/agage/meteorology/cfsv2/flexpart_inputs//GF19063016
  Trying cycle: 20190630
  WARNING: Missing ipvgrbh file for 201906301600 cycle 20190630 (continuing with pgrbh only)
  Step filtering not needed (single numeric stepRange=4)
  Selected cycle: 20190630
Processing timestep: 201906301700
  Writing /home/lwestern/agage/meteorology/cfsv2/flexpart_inputs//GF19063017
  Trying cycle: 20190630
  WARNING: Missing ipvgrbh file for 201906301700 cycle 20190630 (continuing with pgrbh only)
  Step filtering not needed (single numeric stepRange=5)
  Selected cycle: 20190630
Processing timestep: 201906301800
  Writing /home/lwestern/agage/meteorology/cfsv2/flexpart_inputs//GF19063018
  Trying cycle: 20190630
  Selected cycle: 20190630
Processing timestep: 201906301900
  Writing /home/lwestern/agage/meteorology/cfsv2/flexpart_inputs//GF19063019
  Trying cycle: 20190630
  WARNING: Missing ipvgrbh file for 201906301800 cycle 20190630 (continuing with pgrbh only)
  Step filtering not needed (single numeric stepRange=6)
  Selected cycle: 20190630
Processing timestep: 201906302000
  Writing /home/lwestern/agage/meteorology/cfsv2/flexpart_inputs//GF19063020
  Trying cycle: 20190630
  WARNING: Missing ipvgrbh file for 201906302000 cycle 20190630 (continuing with pgrbh only)
  Step filtering not needed (single numeric stepRange=2)
  WARNING: Missing ipvgrbh file for 201906301900 cycle 20190630 (continuing with pgrbh only)
  Step filtering not needed (single numeric stepRange=1)
  Selected cycle: 20190630
Processing timestep: 201906302100
  Writing /home/lwestern/agage/meteorology/cfsv2/flexpart_inputs//GF19063021
  Trying cycle: 20190630
  WARNING: Missing ipvgrbh file for 201906302100 cycle 20190630 (continuing with pgrbh only)
  Step filtering not needed (single numeric stepRange=3)
  Selected cycle: 20190630
Processing timestep: 201906302200
  Writing /home/lwestern/agage/meteorology/cfsv2/flexpart_inputs//GF19063022
  Trying cycle: 20190630
  WARNING: Missing ipvgrbh file for 201906302200 cycle 20190630 (continuing with pgrbh only)
  Step filtering not needed (single numeric stepRange=4)
  Selected cycle: 20190630
Processing timestep: 201906302300
  Writing /home/lwestern/agage/meteorology/cfsv2/flexpart_inputs//GF19063023
  Trying cycle: 20190630
  Selected cycle: 20190630
Processing timestep: 201907010000
  Writing /home/lwestern/agage/meteorology/cfsv2/flexpart_inputs//GF19070100
  Trying cycle: 20190630
  WARNING: Missing ipvgrbh file for 201906302300 cycle 20190630 (continuing with pgrbh only)
  Step filtering not needed (single numeric stepRange=5)
  Selected cycle: 20190630
Processing timestep: 201907050100
  Writing /home/lwestern/agage/meteorology/cfsv2/flexpart_inputs//GF19070501
  Trying cycle: 20190705
  WARNING: Missing ipvgrbh file for 201907010000 cycle 20190630 (continuing with pgrbh only)
  Step filtering not needed (single numeric stepRange=6)
  Step filtering not needed (single numeric stepRange=1)
  Selected cycle: 20190630
Processing timestep: 201907050200
  Writing /home/lwestern/agage/meteorology/cfsv2/flexpart_inputs//GF19070502
  Trying cycle: 20190705
  Step filtering not needed (single numeric stepRange=2)
  Selected cycle: 20190630
Processing timestep: 201907050300
  Writing /home/lwestern/agage/meteorology/cfsv2/flexpart_inputs//GF19070503
  Trying cycle: 20190705
  Step filtering not needed (single numeric stepRange=3)
  Selected cycle: 20190630
Processing timestep: 201907050400
  Writing /home/lwestern/agage/meteorology/cfsv2/flexpart_inputs//GF19070504
  Trying cycle: 20190705
  Step filtering not needed (single numeric stepRange=4)
  Selected cycle: 20190630
Processing timestep: 201907050500
  Writing /home/lwestern/agage/meteorology/cfsv2/flexpart_inputs//GF19070505
  Trying cycle: 20190705
  Step filtering not needed (single numeric stepRange=5)
  Selected cycle: 20190630
Processing timestep: 201907050600
  Writing /home/lwestern/agage/meteorology/cfsv2/flexpart_inputs//GF19070506
  Trying cycle: 20190705
  Step filtering not needed (single numeric stepRange=6)
  Selected cycle: 20190630
Processing timestep: 201907050700
  Writing /home/lwestern/agage/meteorology/cfsv2/flexpart_inputs//GF19070507
  Trying cycle: 20190705
  Step filtering not needed (single numeric stepRange=1)
  Selected cycle: 20190630
Processing timestep: 201907050800
  Writing /home/lwestern/agage/meteorology/cfsv2/flexpart_inputs//GF19070508
  Trying cycle: 20190705
  Step filtering not needed (single numeric stepRange=2)
  Selected cycle: 20190705
Processing timestep: 201907050900
  Writing /home/lwestern/agage/meteorology/cfsv2/flexpart_inputs//GF19070509
  Trying cycle: 20190705
  Step filtering not needed (single numeric stepRange=3)
  Selected cycle: 20190705
Processing timestep: 201907051000
  Writing /home/lwestern/agage/meteorology/cfsv2/flexpart_inputs//GF19070510
  Trying cycle: 20190705
  Selected cycle: 20190705
Processing timestep: 201907051100
  Writing /home/lwestern/agage/meteorology/cfsv2/flexpart_inputs//GF19070511
  Trying cycle: 20190705
  Step filtering not needed (single numeric stepRange=5)
  Selected cycle: 20190705
Processing timestep: 201907051200
  Writing /home/lwestern/agage/meteorology/cfsv2/flexpart_inputs//GF19070512
  Trying cycle: 20190705
  Step filtering not needed (single numeric stepRange=6)
  Step filtering not needed (single numeric stepRange=4)
  Selected cycle: 20190705
Processing timestep: 201907051300
  Writing /home/lwestern/agage/meteorology/cfsv2/flexpart_inputs//GF19070513
  Trying cycle: 20190705
  Step filtering not needed (single numeric stepRange=1)
  Selected cycle: 20190705
Processing timestep: 201907051400
  Writing /home/lwestern/agage/meteorology/cfsv2/flexpart_inputs//GF19070514
  Trying cycle: 20190705
  Step filtering not needed (single numeric stepRange=2)
  Selected cycle: 20190705
Processing timestep: 201907051500
  Writing /home/lwestern/agage/meteorology/cfsv2/flexpart_inputs//GF19070515
  Trying cycle: 20190705
  Selected cycle: 20190705
Processing timestep: 201907051600
  Writing /home/lwestern/agage/meteorology/cfsv2/flexpart_inputs//GF19070516
  Trying cycle: 20190705
  Selected cycle: 20190705
Processing timestep: 201907051700
  Writing /home/lwestern/agage/meteorology/cfsv2/flexpart_inputs//GF19070517
  Trying cycle: 20190705
  Step filtering not needed (single numeric stepRange=4)
  Step filtering not needed (single numeric stepRange=5)
  Step filtering not needed (single numeric stepRange=3)
  Selected cycle: 20190705
Processing timestep: 201907051800
  Writing /home/lwestern/agage/meteorology/cfsv2/flexpart_inputs//GF19070518
  Trying cycle: 20190705
  Step filtering not needed (single numeric stepRange=6)
  Selected cycle: 20190705
Processing timestep: 201907051900
  Writing /home/lwestern/agage/meteorology/cfsv2/flexpart_inputs//GF19070519
  Trying cycle: 20190705
  Step filtering not needed (single numeric stepRange=1)
  Selected cycle: 20190705
Processing timestep: 201907052000
  Writing /home/lwestern/agage/meteorology/cfsv2/flexpart_inputs//GF19070520
  Trying cycle: 20190705
  Step filtering not needed (single numeric stepRange=2)
  Selected cycle: 20190705
Processing timestep: 201907052100
  Writing /home/lwestern/agage/meteorology/cfsv2/flexpart_inputs//GF19070521
  Trying cycle: 20190705
  Step filtering not needed (single numeric stepRange=3)
  Selected cycle: 20190705
Processing timestep: 201907052200
  Writing /home/lwestern/agage/meteorology/cfsv2/flexpart_inputs//GF19070522
  Trying cycle: 20190705
  Step filtering not needed (single numeric stepRange=4)
  Selected cycle: 20190705
Processing timestep: 201907052300
  Writing /home/lwestern/agage/meteorology/cfsv2/flexpart_inputs//GF19070523
  Trying cycle: 20190705
  Selected cycle: 20190705
Processing timestep: 201907060000
  Writing /home/lwestern/agage/meteorology/cfsv2/flexpart_inputs//GF19070600
  Trying cycle: 20190705
  Step filtering not needed (single numeric stepRange=5)
  Step filtering not needed (single numeric stepRange=6)
  Selected cycle: 20190705
Processing timestep: 201907060100
  Writing /home/lwestern/agage/meteorology/cfsv2/flexpart_inputs//GF19070601
  Trying cycle: 20190706
  WARNING: Missing ipvgrbh file for 201907060100 cycle 20190706 (continuing with pgrbh only)
  Step filtering not needed (single numeric stepRange=1)
  Selected cycle: 20190705
Processing timestep: 201907060200
  Writing /home/lwestern/agage/meteorology/cfsv2/flexpart_inputs//GF19070602
  Trying cycle: 20190706
  WARNING: Missing ipvgrbh file for 201907060200 cycle 20190706 (continuing with pgrbh only)
  Step filtering not needed (single numeric stepRange=2)
  Selected cycle: 20190705
Processing timestep: 201907060300
  Writing /home/lwestern/agage/meteorology/cfsv2/flexpart_inputs//GF19070603
  Trying cycle: 20190706
  Selected cycle: 20190705
Processing timestep: 201907060400
  Writing /home/lwestern/agage/meteorology/cfsv2/flexpart_inputs//GF19070604
  Trying cycle: 20190706
  WARNING: Missing ipvgrbh file for 201907060300 cycle 20190706 (continuing with pgrbh only)
  Step filtering not needed (single numeric stepRange=3)
  WARNING: Missing ipvgrbh file for 201907060400 cycle 20190706 (continuing with pgrbh only)
  Step filtering not needed (single numeric stepRange=4)
  Selected cycle: 20190705
Processing timestep: 201907060500
  Writing /home/lwestern/agage/meteorology/cfsv2/flexpart_inputs//GF19070605
  Trying cycle: 20190706
  WARNING: Missing ipvgrbh file for 201907060500 cycle 20190706 (continuing with pgrbh only)
  Step filtering not needed (single numeric stepRange=5)
  Selected cycle: 20190705
Processing timestep: 201907060600
  Writing /home/lwestern/agage/meteorology/cfsv2/flexpart_inputs//GF19070606
  Trying cycle: 20190706
  WARNING: Missing ipvgrbh file for 201907060600 cycle 20190706 (continuing with pgrbh only)
  Step filtering not needed (single numeric stepRange=6)
  Selected cycle: 20190705
Processing timestep: 201907060700
  Writing /home/lwestern/agage/meteorology/cfsv2/flexpart_inputs//GF19070607
  Trying cycle: 20190706
  WARNING: Missing ipvgrbh file for 201907060700 cycle 20190706 (continuing with pgrbh only)
  Step filtering not needed (single numeric stepRange=1)
  Selected cycle: 20190706
Processing timestep: 201907060800
  Writing /home/lwestern/agage/meteorology/cfsv2/flexpart_inputs//GF19070608
  Trying cycle: 20190706
  Selected cycle: 20190705
Processing timestep: 201907060900
  Writing /home/lwestern/agage/meteorology/cfsv2/flexpart_inputs//GF19070609
  Trying cycle: 20190706
  WARNING: Missing ipvgrbh file for 201907060800 cycle 20190706 (continuing with pgrbh only)
  WARNING: Missing ipvgrbh file for 201907060900 cycle 20190706 (continuing with pgrbh only)
  Step filtering not needed (single numeric stepRange=2)
  Step filtering not needed (single numeric stepRange=3)
  Selected cycle: 20190706
Processing timestep: 201907061000
  Writing /home/lwestern/agage/meteorology/cfsv2/flexpart_inputs//GF19070610
  Trying cycle: 20190706
  WARNING: Missing ipvgrbh file for 201907061000 cycle 20190706 (continuing with pgrbh only)
  Step filtering not needed (single numeric stepRange=4)
  Selected cycle: 20190706
Processing timestep: 201907061100
  Writing /home/lwestern/agage/meteorology/cfsv2/flexpart_inputs//GF19070611
  Trying cycle: 20190706
  Selected cycle: 20190706
Processing timestep: 201907061200
  WARNING: Missing ipvgrbh file for 201907061100 cycle 20190706 (continuing with pgrbh only)
  Writing /home/lwestern/agage/meteorology/cfsv2/flexpart_inputs//GF19070612
  Trying cycle: 20190706
  Step filtering not needed (single numeric stepRange=5)
  WARNING: Missing ipvgrbh file for 201907061200 cycle 20190706 (continuing with pgrbh only)
  Step filtering not needed (single numeric stepRange=6)
  Selected cycle: 20190706
Processing timestep: 201907061300
  Writing /home/lwestern/agage/meteorology/cfsv2/flexpart_inputs//GF19070613
  Trying cycle: 20190706
  WARNING: Missing ipvgrbh file for 201907061300 cycle 20190706 (continuing with pgrbh only)
  Step filtering not needed (single numeric stepRange=1)
  Selected cycle: 20190706
Processing timestep: 201907061400
  Writing /home/lwestern/agage/meteorology/cfsv2/flexpart_inputs//GF19070614
  Trying cycle: 20190706
  WARNING: Missing ipvgrbh file for 201907061400 cycle 20190706 (continuing with pgrbh only)
  Step filtering not needed (single numeric stepRange=2)
  Selected cycle: 20190706
Processing timestep: 201907061500
  Writing /home/lwestern/agage/meteorology/cfsv2/flexpart_inputs//GF19070615
  Trying cycle: 20190706
  WARNING: Missing ipvgrbh file for 201907061500 cycle 20190706 (continuing with pgrbh only)
  Step filtering not needed (single numeric stepRange=3)
  Selected cycle: 20190706
Processing timestep: 201907061600
  Writing /home/lwestern/agage/meteorology/cfsv2/flexpart_inputs//GF19070616
  Trying cycle: 20190706
  WARNING: Missing ipvgrbh file for 201907061600 cycle 20190706 (continuing with pgrbh only)
  Step filtering not needed (single numeric stepRange=4)
  Selected cycle: 20190706
Processing timestep: 201907061700
  Writing /home/lwestern/agage/meteorology/cfsv2/flexpart_inputs//GF19070617
  Trying cycle: 20190706
  WARNING: Missing ipvgrbh file for 201907061700 cycle 20190706 (continuing with pgrbh only)
  Step filtering not needed (single numeric stepRange=5)
  Selected cycle: 20190706
Processing timestep: 201907061800
  Writing /home/lwestern/agage/meteorology/cfsv2/flexpart_inputs//GF19070618
  Trying cycle: 20190706
  WARNING: Missing ipvgrbh file for 201907061800 cycle 20190706 (continuing with pgrbh only)
  Step filtering not needed (single numeric stepRange=6)
  Selected cycle: 20190706
Processing timestep: 201907061900
  Writing /home/lwestern/agage/meteorology/cfsv2/flexpart_inputs//GF19070619
  Trying cycle: 20190706
  Selected cycle: 20190706
Processing timestep: 201907062000
  WARNING: Missing ipvgrbh file for 201907061900 cycle 20190706 (continuing with pgrbh only)
  Writing /home/lwestern/agage/meteorology/cfsv2/flexpart_inputs//GF19070620
  Trying cycle: 20190706
  Step filtering not needed (single numeric stepRange=1)
  WARNING: Missing ipvgrbh file for 201907062000 cycle 20190706 (continuing with pgrbh only)
  Step filtering not needed (single numeric stepRange=2)
  Selected cycle: 20190706
Processing timestep: 201907062100
  Writing /home/lwestern/agage/meteorology/cfsv2/flexpart_inputs//GF19070621
  Trying cycle: 20190706
  WARNING: Missing ipvgrbh file for 201907062100 cycle 20190706 (continuing with pgrbh only)
  Step filtering not needed (single numeric stepRange=3)
  Selected cycle: 20190706
Processing timestep: 201907062200
  Writing /home/lwestern/agage/meteorology/cfsv2/flexpart_inputs//GF19070622
  Trying cycle: 20190706
  WARNING: Missing ipvgrbh file for 201907062200 cycle 20190706 (continuing with pgrbh only)
  Step filtering not needed (single numeric stepRange=4)
  Selected cycle: 20190706
Processing timestep: 201907062300
  Writing /home/lwestern/agage/meteorology/cfsv2/flexpart_inputs//GF19070623
  Selected cycle: 20190706
Processing timestep: 201907070000
  Writing /home/lwestern/agage/meteorology/cfsv2/flexpart_inputs//GF19070700
  Selected cycle: 20190706
Processing timestep: 201907070100
  Trying cycle: 20190706
  Trying cycle: 20190706
  Writing /home/lwestern/agage/meteorology/cfsv2/flexpart_inputs//GF19070701
  Trying cycle: 20190707
  WARNING: Missing ipvgrbh file for 201907070000 cycle 20190706 (continuing with pgrbh only)
  WARNING: Missing ipvgrbh file for 201907070100 cycle 20190707 (continuing with pgrbh only)
  WARNING: Missing ipvgrbh file for 201907062300 cycle 20190706 (continuing with pgrbh only)
  Step filtering not needed (single numeric stepRange=6)
  Step filtering not needed (single numeric stepRange=1)
  Step filtering not needed (single numeric stepRange=5)
  Selected cycle: 20190706
Processing timestep: 201907070200
  Writing /home/lwestern/agage/meteorology/cfsv2/flexpart_inputs//GF19070702
  Trying cycle: 20190707
  WARNING: Missing ipvgrbh file for 201907070200 cycle 20190707 (continuing with pgrbh only)
  Step filtering not needed (single numeric stepRange=2)
  Selected cycle: 20190706
Processing timestep: 201907070300
  Writing /home/lwestern/agage/meteorology/cfsv2/flexpart_inputs//GF19070703
  Trying cycle: 20190707
  Selected cycle: 20190706
Processing timestep: 201907070400
  Writing /home/lwestern/agage/meteorology/cfsv2/flexpart_inputs//GF19070704
  Trying cycle: 20190707
  WARNING: Missing ipvgrbh file for 201907070300 cycle 20190707 (continuing with pgrbh only)
  Step filtering not needed (single numeric stepRange=3)
  WARNING: Missing ipvgrbh file for 201907070400 cycle 20190707 (continuing with pgrbh only)
  Step filtering not needed (single numeric stepRange=4)
  Selected cycle: 20190706
Processing timestep: 201907070500
  Writing /home/lwestern/agage/meteorology/cfsv2/flexpart_inputs//GF19070705
  Trying cycle: 20190707
  WARNING: Missing ipvgrbh file for 201907070500 cycle 20190707 (continuing with pgrbh only)
  Step filtering not needed (single numeric stepRange=5)
  Selected cycle: 20190706
Processing timestep: 201907070600
  Writing /home/lwestern/agage/meteorology/cfsv2/flexpart_inputs//GF19070706
  Trying cycle: 20190707
  WARNING: Missing ipvgrbh file for 201907070600 cycle 20190707 (continuing with pgrbh only)
  Step filtering not needed (single numeric stepRange=6)
  Selected cycle: 20190706
Processing timestep: 201907070700
  Writing /home/lwestern/agage/meteorology/cfsv2/flexpart_inputs//GF19070707
  Trying cycle: 20190707
  Selected cycle: 20190706
Processing timestep: 201907070800
  Writing /home/lwestern/agage/meteorology/cfsv2/flexpart_inputs//GF19070708
  Trying cycle: 20190707
  Selected cycle: 20190707
Processing timestep: 201907070900
  Writing /home/lwestern/agage/meteorology/cfsv2/flexpart_inputs//GF19070709
  WARNING: Missing ipvgrbh file for 201907070700 cycle 20190707 (continuing with pgrbh only)
  Trying cycle: 20190707
  Step filtering not needed (single numeric stepRange=1)
  WARNING: Missing ipvgrbh file for 201907070800 cycle 20190707 (continuing with pgrbh only)
  Step filtering not needed (single numeric stepRange=2)
  WARNING: Missing ipvgrbh file for 201907070900 cycle 20190707 (continuing with pgrbh only)
  Step filtering not needed (single numeric stepRange=3)
  Selected cycle: 20190707
Processing timestep: 201907071000
  Writing /home/lwestern/agage/meteorology/cfsv2/flexpart_inputs//GF19070710
  Trying cycle: 20190707
  WARNING: Missing ipvgrbh file for 201907071000 cycle 20190707 (continuing with pgrbh only)
  Step filtering not needed (single numeric stepRange=4)
  Selected cycle: 20190707
Processing timestep: 201907071100
  Writing /home/lwestern/agage/meteorology/cfsv2/flexpart_inputs//GF19070711
  Trying cycle: 20190707
  WARNING: Missing ipvgrbh file for 201907071100 cycle 20190707 (continuing with pgrbh only)
  Step filtering not needed (single numeric stepRange=5)
  Selected cycle: 20190707
Processing timestep: 201907071200
  Writing /home/lwestern/agage/meteorology/cfsv2/flexpart_inputs//GF19070712
  Trying cycle: 20190707
  WARNING: Missing ipvgrbh file for 201907071200 cycle 20190707 (continuing with pgrbh only)
  Step filtering not needed (single numeric stepRange=6)
  Selected cycle: 20190707
Processing timestep: 201907071300
  Writing /home/lwestern/agage/meteorology/cfsv2/flexpart_inputs//GF19070713
  Trying cycle: 20190707
  WARNING: Missing ipvgrbh file for 201907071300 cycle 20190707 (continuing with pgrbh only)
  Step filtering not needed (single numeric stepRange=1)
  Selected cycle: 20190707
Processing timestep: 201907071400
  Writing /home/lwestern/agage/meteorology/cfsv2/flexpart_inputs//GF19070714
  Trying cycle: 20190707
  WARNING: Missing ipvgrbh file for 201907071400 cycle 20190707 (continuing with pgrbh only)
  Step filtering not needed (single numeric stepRange=2)
  Selected cycle: 20190707
Processing timestep: 201907071500
  Writing /home/lwestern/agage/meteorology/cfsv2/flexpart_inputs//GF19070715
  Trying cycle: 20190707
  Selected cycle: 20190707
Processing timestep: 201907071600
  Writing /home/lwestern/agage/meteorology/cfsv2/flexpart_inputs//GF19070716
  Trying cycle: 20190707
  Selected cycle: 20190707
Processing timestep: 201907071700
  Writing /home/lwestern/agage/meteorology/cfsv2/flexpart_inputs//GF19070717
  Trying cycle: 20190707
  WARNING: Missing ipvgrbh file for 201907071500 cycle 20190707 (continuing with pgrbh only)
  Step filtering not needed (single numeric stepRange=3)
  WARNING: Missing ipvgrbh file for 201907071600 cycle 20190707 (continuing with pgrbh only)
  Selected cycle: 20190707
Processing timestep: 201907071800
  WARNING: Missing ipvgrbh file for 201907071700 cycle 20190707 (continuing with pgrbh only)
  Writing /home/lwestern/agage/meteorology/cfsv2/flexpart_inputs//GF19070718
  Trying cycle: 20190707
  Step filtering not needed (single numeric stepRange=4)
  Step filtering not needed (single numeric stepRange=5)
  WARNING: Missing ipvgrbh file for 201907071800 cycle 20190707 (continuing with pgrbh only)
  Step filtering not needed (single numeric stepRange=6)
  Selected cycle: 20190707
Processing timestep: 201907071900
  Writing /home/lwestern/agage/meteorology/cfsv2/flexpart_inputs//GF19070719
  Trying cycle: 20190707
  WARNING: Missing ipvgrbh file for 201907071900 cycle 20190707 (continuing with pgrbh only)
  Step filtering not needed (single numeric stepRange=1)
  Selected cycle: 20190707
Processing timestep: 201907072000
  Writing /home/lwestern/agage/meteorology/cfsv2/flexpart_inputs//GF19070720
  Trying cycle: 20190707
  WARNING: Missing ipvgrbh file for 201907072000 cycle 20190707 (continuing with pgrbh only)
  Step filtering not needed (single numeric stepRange=2)
  Selected cycle: 20190707
Processing timestep: 201907072100
  Writing /home/lwestern/agage/meteorology/cfsv2/flexpart_inputs//GF19070721
  Trying cycle: 20190707
  WARNING: Missing ipvgrbh file for 201907072100 cycle 20190707 (continuing with pgrbh only)
  Step filtering not needed (single numeric stepRange=3)
  Selected cycle: 20190707
Processing timestep: 201907072200
  Writing /home/lwestern/agage/meteorology/cfsv2/flexpart_inputs//GF19070722
  Trying cycle: 20190707
  WARNING: Missing ipvgrbh file for 201907072200 cycle 20190707 (continuing with pgrbh only)
  Step filtering not needed (single numeric stepRange=4)
  Selected cycle: 20190707
Processing timestep: 201907072300
  Writing /home/lwestern/agage/meteorology/cfsv2/flexpart_inputs//GF19070723
  Trying cycle: 20190707
  Selected cycle: 20190707
Processing timestep: 201907080000
  Writing /home/lwestern/agage/meteorology/cfsv2/flexpart_inputs//GF19070800
  Trying cycle: 20190707
  WARNING: Missing ipvgrbh file for 201907072300 cycle 20190707 (continuing with pgrbh only)
  Step filtering not needed (single numeric stepRange=5)
  Selected cycle: 20190707
Processing timestep: 201907090100
  Writing /home/lwestern/agage/meteorology/cfsv2/flexpart_inputs//GF19070901
  Trying cycle: 20190709
  WARNING: Missing ipvgrbh file for 201907080000 cycle 20190707 (continuing with pgrbh only)
  Step filtering not needed (single numeric stepRange=6)
  Selected cycle: 20190707
Processing timestep: 201907090200
  Writing /home/lwestern/agage/meteorology/cfsv2/flexpart_inputs//GF19070902
  WARNING: Missing ipvgrbh file for 201907090100 cycle 20190709 (continuing with pgrbh only)
  Trying cycle: 20190709
  Step filtering not needed (single numeric stepRange=1)
  WARNING: Missing ipvgrbh file for 201907090200 cycle 20190709 (continuing with pgrbh only)
  Step filtering not needed (single numeric stepRange=2)
  Selected cycle: 20190707
Processing timestep: 201907090300
  Writing /home/lwestern/agage/meteorology/cfsv2/flexpart_inputs//GF19070903
  Trying cycle: 20190709
  WARNING: Missing ipvgrbh file for 201907090300 cycle 20190709 (continuing with pgrbh only)
  Step filtering not needed (single numeric stepRange=3)
  Selected cycle: 20190707
Processing timestep: 201907090400
  Writing /home/lwestern/agage/meteorology/cfsv2/flexpart_inputs//GF19070904
  Trying cycle: 20190709
  WARNING: Missing ipvgrbh file for 201907090400 cycle 20190709 (continuing with pgrbh only)
  Step filtering not needed (single numeric stepRange=4)
  Selected cycle: 20190707
Processing timestep: 201907090500
  Writing /home/lwestern/agage/meteorology/cfsv2/flexpart_inputs//GF19070905
  Trying cycle: 20190709
  WARNING: Missing ipvgrbh file for 201907090500 cycle 20190709 (continuing with pgrbh only)
  Step filtering not needed (single numeric stepRange=5)
  Selected cycle: 20190707
Processing timestep: 201907090600
  Writing /home/lwestern/agage/meteorology/cfsv2/flexpart_inputs//GF19070906
  Trying cycle: 20190709
  WARNING: Missing ipvgrbh file for 201907090600 cycle 20190709 (continuing with pgrbh only)
  Step filtering not needed (single numeric stepRange=6)
  Selected cycle: 20190707
Processing timestep: 201907090700
  Writing /home/lwestern/agage/meteorology/cfsv2/flexpart_inputs//GF19070907
  Trying cycle: 20190709
  WARNING: Missing ipvgrbh file for 201907090700 cycle 20190709 (continuing with pgrbh only)
  Step filtering not needed (single numeric stepRange=1)
  Selected cycle: 20190707
Processing timestep: 201907090800
  Writing /home/lwestern/agage/meteorology/cfsv2/flexpart_inputs//GF19070908
  Trying cycle: 20190709
  WARNING: Missing ipvgrbh file for 201907090800 cycle 20190709 (continuing with pgrbh only)
  Step filtering not needed (single numeric stepRange=2)
  Selected cycle: 20190709
Processing timestep: 201907090900
  Writing /home/lwestern/agage/meteorology/cfsv2/flexpart_inputs//GF19070909
  Trying cycle: 20190709
  WARNING: Missing ipvgrbh file for 201907090900 cycle 20190709 (continuing with pgrbh only)
  Selected cycle: 20190709
Processing timestep: 201907091000
  Writing /home/lwestern/agage/meteorology/cfsv2/flexpart_inputs//GF19070910
  Trying cycle: 20190709
  Step filtering not needed (single numeric stepRange=3)
  Selected cycle: 20190709
Processing timestep: 201907091100
  Writing /home/lwestern/agage/meteorology/cfsv2/flexpart_inputs//GF19070911
  Trying cycle: 20190709
  WARNING: Missing ipvgrbh file for 201907091100 cycle 20190709 (continuing with pgrbh only)
  Step filtering not needed (single numeric stepRange=5)
  WARNING: Missing ipvgrbh file for 201907091000 cycle 20190709 (continuing with pgrbh only)
  Step filtering not needed (single numeric stepRange=4)
  Selected cycle: 20190709
Processing timestep: 201907091200
  Writing /home/lwestern/agage/meteorology/cfsv2/flexpart_inputs//GF19070912
  Trying cycle: 20190709
  WARNING: Missing ipvgrbh file for 201907091200 cycle 20190709 (continuing with pgrbh only)
  Step filtering not needed (single numeric stepRange=6)
  Selected cycle: 20190709
Processing timestep: 201907091300
  Writing /home/lwestern/agage/meteorology/cfsv2/flexpart_inputs//GF19070913
  Trying cycle: 20190709
  WARNING: Missing ipvgrbh file for 201907091300 cycle 20190709 (continuing with pgrbh only)
  Step filtering not needed (single numeric stepRange=1)
  Selected cycle: 20190709
Processing timestep: 201907091400
  Writing /home/lwestern/agage/meteorology/cfsv2/flexpart_inputs//GF19070914
  Trying cycle: 20190709
  WARNING: Missing ipvgrbh file for 201907091400 cycle 20190709 (continuing with pgrbh only)
  Step filtering not needed (single numeric stepRange=2)
  Selected cycle: 20190709
Processing timestep: 201907091500
  Writing /home/lwestern/agage/meteorology/cfsv2/flexpart_inputs//GF19070915
  Trying cycle: 20190709
  Selected cycle: 20190709
Processing timestep: 201907091600
  Writing /home/lwestern/agage/meteorology/cfsv2/flexpart_inputs//GF19070916
  Trying cycle: 20190709
  WARNING: Missing ipvgrbh file for 201907091500 cycle 20190709 (continuing with pgrbh only)
  Step filtering not needed (single numeric stepRange=3)
  WARNING: Missing ipvgrbh file for 201907091600 cycle 20190709 (continuing with pgrbh only)
  Step filtering not needed (single numeric stepRange=4)
  Selected cycle: 20190709
Processing timestep: 201907091700
  Writing /home/lwestern/agage/meteorology/cfsv2/flexpart_inputs//GF19070917
  Trying cycle: 20190709
  WARNING: Missing ipvgrbh file for 201907091700 cycle 20190709 (continuing with pgrbh only)
  Step filtering not needed (single numeric stepRange=5)
  Selected cycle: 20190709
Processing timestep: 201907091800
  Writing /home/lwestern/agage/meteorology/cfsv2/flexpart_inputs//GF19070918
  Trying cycle: 20190709
  Selected cycle: 20190709
Processing timestep: 201907091900
  Writing /home/lwestern/agage/meteorology/cfsv2/flexpart_inputs//GF19070919
  Trying cycle: 20190709
  WARNING: Missing ipvgrbh file for 201907091800 cycle 20190709 (continuing with pgrbh only)
  Selected cycle: 20190709
Processing timestep: 201907092000
  Step filtering not needed (single numeric stepRange=6)
  Writing /home/lwestern/agage/meteorology/cfsv2/flexpart_inputs//GF19070920
  Trying cycle: 20190709
  WARNING: Missing ipvgrbh file for 201907091900 cycle 20190709 (continuing with pgrbh only)
  Step filtering not needed (single numeric stepRange=1)
  WARNING: Missing ipvgrbh file for 201907092000 cycle 20190709 (continuing with pgrbh only)
  Step filtering not needed (single numeric stepRange=2)
  Selected cycle: 20190709
Processing timestep: 201907092100
  Writing /home/lwestern/agage/meteorology/cfsv2/flexpart_inputs//GF19070921
  Trying cycle: 20190709
  WARNING: Missing ipvgrbh file for 201907092100 cycle 20190709 (continuing with pgrbh only)
  Step filtering not needed (single numeric stepRange=3)
  Selected cycle: 20190709
Processing timestep: 201907092200
  Writing /home/lwestern/agage/meteorology/cfsv2/flexpart_inputs//GF19070922
  Trying cycle: 20190709
  WARNING: Missing ipvgrbh file for 201907092200 cycle 20190709 (continuing with pgrbh only)
  Step filtering not needed (single numeric stepRange=4)
  Selected cycle: 20190709
Processing timestep: 201907092300
  Writing /home/lwestern/agage/meteorology/cfsv2/flexpart_inputs//GF19070923
  Trying cycle: 20190709
  Selected cycle: 20190709
Processing timestep: 201907100000
  Writing /home/lwestern/agage/meteorology/cfsv2/flexpart_inputs//GF19071000
  Trying cycle: 20190709
  WARNING: Missing ipvgrbh file for 201907092300 cycle 20190709 (continuing with pgrbh only)
  Step filtering not needed (single numeric stepRange=5)
  WARNING: Missing ipvgrbh file for 201907100000 cycle 20190709 (continuing with pgrbh only)
  Step filtering not needed (single numeric stepRange=6)
  Selected cycle: 20190709
Processing timestep: 201907150100
  Writing /home/lwestern/agage/meteorology/cfsv2/flexpart_inputs//GF19071501
  Trying cycle: 20190715
  WARNING: Missing ipvgrbh file for 201907150100 cycle 20190715 (continuing with pgrbh only)
  Step filtering not needed (single numeric stepRange=1)
  Selected cycle: 20190709
Processing timestep: 201907150200
  Writing /home/lwestern/agage/meteorology/cfsv2/flexpart_inputs//GF19071502
  Trying cycle: 20190715
  Selected cycle: 20190709
Processing timestep: 201907150300
  Writing /home/lwestern/agage/meteorology/cfsv2/flexpart_inputs//GF19071503
  Trying cycle: 20190715
  Selected cycle: 20190709
Processing timestep: 201907150400
  Writing /home/lwestern/agage/meteorology/cfsv2/flexpart_inputs//GF19071504
  Trying cycle: 20190715
  WARNING: Missing ipvgrbh file for 201907150200 cycle 20190715 (continuing with pgrbh only)
  Step filtering not needed (single numeric stepRange=2)
  WARNING: Missing ipvgrbh file for 201907150400 cycle 20190715 (continuing with pgrbh only)
  Step filtering not needed (single numeric stepRange=4)
  Selected cycle: 20190709
Processing timestep: 201907150500
  Writing /home/lwestern/agage/meteorology/cfsv2/flexpart_inputs//GF19071505
  Trying cycle: 20190715
  WARNING: Missing ipvgrbh file for 201907150300 cycle 20190715 (continuing with pgrbh only)
  Step filtering not needed (single numeric stepRange=3)
  WARNING: Missing ipvgrbh file for 201907150500 cycle 20190715 (continuing with pgrbh only)
  Step filtering not needed (single numeric stepRange=5)
  Selected cycle: 20190709
Processing timestep: 201907150600
  Writing /home/lwestern/agage/meteorology/cfsv2/flexpart_inputs//GF19071506
  Trying cycle: 20190715
  WARNING: Missing ipvgrbh file for 201907150600 cycle 20190715 (continuing with pgrbh only)
  Step filtering not needed (single numeric stepRange=6)
  Selected cycle: 20190709
Processing timestep: 201907150700
  Writing /home/lwestern/agage/meteorology/cfsv2/flexpart_inputs//GF19071507
  Trying cycle: 20190715
  WARNING: Missing ipvgrbh file for 201907150700 cycle 20190715 (continuing with pgrbh only)
  Selected cycle: 20190709
Processing timestep: 201907150800
  Writing /home/lwestern/agage/meteorology/cfsv2/flexpart_inputs//GF19071508
  Trying cycle: 20190715
  Step filtering not needed (single numeric stepRange=1)
  WARNING: Missing ipvgrbh file for 201907150800 cycle 20190715 (continuing with pgrbh only)
  Step filtering not needed (single numeric stepRange=2)
  Selected cycle: 20190715
Processing timestep: 201907150900
  Writing /home/lwestern/agage/meteorology/cfsv2/flexpart_inputs//GF19071509
  Trying cycle: 20190715
  WARNING: Missing ipvgrbh file for 201907150900 cycle 20190715 (continuing with pgrbh only)
  Step filtering not needed (single numeric stepRange=3)
  Selected cycle: 20190715
Processing timestep: 201907151000
  Writing /home/lwestern/agage/meteorology/cfsv2/flexpart_inputs//GF19071510
  Trying cycle: 20190715
  Selected cycle: 20190715
Processing timestep: 201907151100
  Writing /home/lwestern/agage/meteorology/cfsv2/flexpart_inputs//GF19071511
  Trying cycle: 20190715
  WARNING: Missing ipvgrbh file for 201907151000 cycle 20190715 (continuing with pgrbh only)
  Step filtering not needed (single numeric stepRange=4)
  WARNING: Missing ipvgrbh file for 201907151100 cycle 20190715 (continuing with pgrbh only)
  Step filtering not needed (single numeric stepRange=5)
  Selected cycle: 20190715
Processing timestep: 201907151200
  Writing /home/lwestern/agage/meteorology/cfsv2/flexpart_inputs//GF19071512
  Trying cycle: 20190715
  Selected cycle: 20190715
Processing timestep: 201907151300
  Writing /home/lwestern/agage/meteorology/cfsv2/flexpart_inputs//GF19071513
  Trying cycle: 20190715
  WARNING: Missing ipvgrbh file for 201907151200 cycle 20190715 (continuing with pgrbh only)
  Step filtering not needed (single numeric stepRange=6)
  WARNING: Missing ipvgrbh file for 201907151300 cycle 20190715 (continuing with pgrbh only)
  Step filtering not needed (single numeric stepRange=1)
  Selected cycle: 20190715
Processing timestep: 201907151400
  Writing /home/lwestern/agage/meteorology/cfsv2/flexpart_inputs//GF19071514
  Trying cycle: 20190715
  WARNING: Missing ipvgrbh file for 201907151400 cycle 20190715 (continuing with pgrbh only)
  Step filtering not needed (single numeric stepRange=2)
  Selected cycle: 20190715
Processing timestep: 201907151500
  Writing /home/lwestern/agage/meteorology/cfsv2/flexpart_inputs//GF19071515
  Trying cycle: 20190715
  Selected cycle: 20190715
Processing timestep: 201907151600
  Writing /home/lwestern/agage/meteorology/cfsv2/flexpart_inputs//GF19071516
  Trying cycle: 20190715
  WARNING: Missing ipvgrbh file for 201907151500 cycle 20190715 (continuing with pgrbh only)
  Step filtering not needed (single numeric stepRange=3)
  WARNING: Missing ipvgrbh file for 201907151600 cycle 20190715 (continuing with pgrbh only)
  Step filtering not needed (single numeric stepRange=4)
  Selected cycle: 20190715
Processing timestep: 201907151700
  Writing /home/lwestern/agage/meteorology/cfsv2/flexpart_inputs//GF19071517
  Trying cycle: 20190715
  WARNING: Missing ipvgrbh file for 201907151700 cycle 20190715 (continuing with pgrbh only)
  Step filtering not needed (single numeric stepRange=5)
  Selected cycle: 20190715
Processing timestep: 201907151800
  Writing /home/lwestern/agage/meteorology/cfsv2/flexpart_inputs//GF19071518
  Trying cycle: 20190715
  Selected cycle: 20190715
Processing timestep: 201907151900
  Writing /home/lwestern/agage/meteorology/cfsv2/flexpart_inputs//GF19071519
  Trying cycle: 20190715
  WARNING: Missing ipvgrbh file for 201907151800 cycle 20190715 (continuing with pgrbh only)
  Step filtering not needed (single numeric stepRange=6)
  WARNING: Missing ipvgrbh file for 201907151900 cycle 20190715 (continuing with pgrbh only)
  Step filtering not needed (single numeric stepRange=1)
  Selected cycle: 20190715
Processing timestep: 201907152000
  Writing /home/lwestern/agage/meteorology/cfsv2/flexpart_inputs//GF19071520
  Trying cycle: 20190715
  Selected cycle: 20190715
Processing timestep: 201907152100
  Writing /home/lwestern/agage/meteorology/cfsv2/flexpart_inputs//GF19071521
  Trying cycle: 20190715
  WARNING: Missing ipvgrbh file for 201907152000 cycle 20190715 (continuing with pgrbh only)
  Step filtering not needed (single numeric stepRange=2)
  WARNING: Missing ipvgrbh file for 201907152100 cycle 20190715 (continuing with pgrbh only)
  Step filtering not needed (single numeric stepRange=3)
  Selected cycle: 20190715
Processing timestep: 201907152200
  Writing /home/lwestern/agage/meteorology/cfsv2/flexpart_inputs//GF19071522
  Trying cycle: 20190715
  WARNING: Missing ipvgrbh file for 201907152200 cycle 20190715 (continuing with pgrbh only)
  Step filtering not needed (single numeric stepRange=4)
  Selected cycle: 20190715
Processing timestep: 201907152300
  Writing /home/lwestern/agage/meteorology/cfsv2/flexpart_inputs//GF19071523
  Trying cycle: 20190715
  WARNING: Missing ipvgrbh file for 201907152300 cycle 20190715 (continuing with pgrbh only)
  Step filtering not needed (single numeric stepRange=5)
  Selected cycle: 20190715
Processing timestep: 201907160000
  Writing /home/lwestern/agage/meteorology/cfsv2/flexpart_inputs//GF19071600
  Trying cycle: 20190715
  WARNING: Missing ipvgrbh file for 201907160000 cycle 20190715 (continuing with pgrbh only)
  Step filtering not needed (single numeric stepRange=6)
  Selected cycle: 20190715
Processing timestep: 201907160100
  Writing /home/lwestern/agage/meteorology/cfsv2/flexpart_inputs//GF19071601
  Trying cycle: 20190716
  Step filtering not needed (single numeric stepRange=1)
  Selected cycle: 20190715
Processing timestep: 201907160200
  Writing /home/lwestern/agage/meteorology/cfsv2/flexpart_inputs//GF19071602
  Trying cycle: 20190716
  Step filtering not needed (single numeric stepRange=2)
  Selected cycle: 20190715
Processing timestep: 201907160300
  Writing /home/lwestern/agage/meteorology/cfsv2/flexpart_inputs//GF19071603
  Trying cycle: 20190716
  Step filtering not needed (single numeric stepRange=3)
  Selected cycle: 20190715
Processing timestep: 201907160400
  Selected cycle: 20190715
Processing timestep: 201907160500
  Writing /home/lwestern/agage/meteorology/cfsv2/flexpart_inputs//GF19071605
  Trying cycle: 20190716
  Writing /home/lwestern/agage/meteorology/cfsv2/flexpart_inputs//GF19071604
  Trying cycle: 20190716
  Step filtering not needed (single numeric stepRange=5)
  Step filtering not needed (single numeric stepRange=4)
  Selected cycle: 20190715
Processing timestep: 201907160600
  Writing /home/lwestern/agage/meteorology/cfsv2/flexpart_inputs//GF19071606
  Trying cycle: 20190716
  Step filtering not needed (single numeric stepRange=6)
  Selected cycle: 20190715
Processing timestep: 201907160700
  Writing /home/lwestern/agage/meteorology/cfsv2/flexpart_inputs//GF19071607
  Trying cycle: 20190716
  Selected cycle: 20190715
Processing timestep: 201907160800
  Writing /home/lwestern/agage/meteorology/cfsv2/flexpart_inputs//GF19071608
  Trying cycle: 20190716
  Step filtering not needed (single numeric stepRange=1)
  Step filtering not needed (single numeric stepRange=2)
  Selected cycle: 20190716
Processing timestep: 201907160900
  Writing /home/lwestern/agage/meteorology/cfsv2/flexpart_inputs//GF19071609
  Trying cycle: 20190716
  Step filtering not needed (single numeric stepRange=3)
  Selected cycle: 20190716
Processing timestep: 201907161000
  Writing /home/lwestern/agage/meteorology/cfsv2/flexpart_inputs//GF19071610
  Trying cycle: 20190716
  Step filtering not needed (single numeric stepRange=4)
  Selected cycle: 20190716
Processing timestep: 201907161100
  Writing /home/lwestern/agage/meteorology/cfsv2/flexpart_inputs//GF19071611
  Trying cycle: 20190716
  Step filtering not needed (single numeric stepRange=5)
  Selected cycle: 20190716
Processing timestep: 201907161200
  Writing /home/lwestern/agage/meteorology/cfsv2/flexpart_inputs//GF19071612
  Trying cycle: 20190716
  Selected cycle: 20190716
Processing timestep: 201907161300
  Writing /home/lwestern/agage/meteorology/cfsv2/flexpart_inputs//GF19071613
  Trying cycle: 20190716
  Step filtering not needed (single numeric stepRange=6)
  Step filtering not needed (single numeric stepRange=1)
  Selected cycle: 20190716
Processing timestep: 201907161400
  Writing /home/lwestern/agage/meteorology/cfsv2/flexpart_inputs//GF19071614
  Trying cycle: 20190716
  Step filtering not needed (single numeric stepRange=2)
  Selected cycle: 20190716
Processing timestep: 201907161500
  Writing /home/lwestern/agage/meteorology/cfsv2/flexpart_inputs//GF19071615
  Trying cycle: 20190716
  Step filtering not needed (single numeric stepRange=3)
  Selected cycle: 20190716
Processing timestep: 201907161600
  Writing /home/lwestern/agage/meteorology/cfsv2/flexpart_inputs//GF19071616
  Selected cycle: 20190716
  Trying cycle: 20190716
Processing timestep: 201907161700
  Writing /home/lwestern/agage/meteorology/cfsv2/flexpart_inputs//GF19071617
  Trying cycle: 20190716
  Step filtering not needed (single numeric stepRange=4)
  Step filtering not needed (single numeric stepRange=5)
  Selected cycle: 20190716
Processing timestep: 201907161800
  Writing /home/lwestern/agage/meteorology/cfsv2/flexpart_inputs//GF19071618
  Trying cycle: 20190716
  Step filtering not needed (single numeric stepRange=6)
  Selected cycle: 20190716
Processing timestep: 201907161900
  Writing /home/lwestern/agage/meteorology/cfsv2/flexpart_inputs//GF19071619
  Trying cycle: 20190716
  Step filtering not needed (single numeric stepRange=1)
  Selected cycle: 20190716
Processing timestep: 201907162000
  Writing /home/lwestern/agage/meteorology/cfsv2/flexpart_inputs//GF19071620
  Trying cycle: 20190716
  Step filtering not needed (single numeric stepRange=2)
  Selected cycle: 20190716
Processing timestep: 201907162100
  Writing /home/lwestern/agage/meteorology/cfsv2/flexpart_inputs//GF19071621
  Trying cycle: 20190716
  Selected cycle: 20190716
Processing timestep: 201907162200
  Writing /home/lwestern/agage/meteorology/cfsv2/flexpart_inputs//GF19071622
  Trying cycle: 20190716
  Step filtering not needed (single numeric stepRange=3)
  Step filtering not needed (single numeric stepRange=4)
  Selected cycle: 20190716
Processing timestep: 201907162300
  Writing /home/lwestern/agage/meteorology/cfsv2/flexpart_inputs//GF19071623
  Trying cycle: 20190716
  Step filtering not needed (single numeric stepRange=5)
  Selected cycle: 20190716
Processing timestep: 201907170000
  Selected cycle: 20190716
Processing timestep: 201907170100
  Writing /home/lwestern/agage/meteorology/cfsv2/flexpart_inputs//GF19071701
  Trying cycle: 20190717
  Writing /home/lwestern/agage/meteorology/cfsv2/flexpart_inputs//GF19071700
  Trying cycle: 20190716
  WARNING: Missing ipvgrbh file for 201907170100 cycle 20190717 (continuing with pgrbh only)
  Step filtering not needed (single numeric stepRange=1)
  Step filtering not needed (single numeric stepRange=6)
  Selected cycle: 20190716
Processing timestep: 201907170200
  Writing /home/lwestern/agage/meteorology/cfsv2/flexpart_inputs//GF19071702
  Trying cycle: 20190717
  WARNING: Missing ipvgrbh file for 201907170200 cycle 20190717 (continuing with pgrbh only)
  Step filtering not needed (single numeric stepRange=2)
  Selected cycle: 20190716
Processing timestep: 201907170300
  Writing /home/lwestern/agage/meteorology/cfsv2/flexpart_inputs//GF19071703
  Trying cycle: 20190717
  Selected cycle: 20190716
Processing timestep: 201907170400
  Writing /home/lwestern/agage/meteorology/cfsv2/flexpart_inputs//GF19071704
  Trying cycle: 20190717
  WARNING: Missing ipvgrbh file for 201907170300 cycle 20190717 (continuing with pgrbh only)
  Step filtering not needed (single numeric stepRange=3)
  WARNING: Missing ipvgrbh file for 201907170400 cycle 20190717 (continuing with pgrbh only)
  Step filtering not needed (single numeric stepRange=4)
  Selected cycle: 20190716
Processing timestep: 201907170500
  Writing /home/lwestern/agage/meteorology/cfsv2/flexpart_inputs//GF19071705
  Trying cycle: 20190717
  WARNING: Missing ipvgrbh file for 201907170500 cycle 20190717 (continuing with pgrbh only)
  Step filtering not needed (single numeric stepRange=5)
  Selected cycle: 20190716
Processing timestep: 201907170600
  Writing /home/lwestern/agage/meteorology/cfsv2/flexpart_inputs//GF19071706
  Trying cycle: 20190717
  WARNING: Missing ipvgrbh file for 201907170600 cycle 20190717 (continuing with pgrbh only)
  Step filtering not needed (single numeric stepRange=6)
  Selected cycle: 20190716
Processing timestep: 201907170700
  Writing /home/lwestern/agage/meteorology/cfsv2/flexpart_inputs//GF19071707
  Trying cycle: 20190717
  WARNING: Missing ipvgrbh file for 201907170700 cycle 20190717 (continuing with pgrbh only)
  Step filtering not needed (single numeric stepRange=1)
  Selected cycle: 20190716
Processing timestep: 201907170800
  Writing /home/lwestern/agage/meteorology/cfsv2/flexpart_inputs//GF19071708
  Trying cycle: 20190717
  WARNING: Missing ipvgrbh file for 201907170800 cycle 20190717 (continuing with pgrbh only)
  Selected cycle: 20190717
Processing timestep: 201907170900
  Writing /home/lwestern/agage/meteorology/cfsv2/flexpart_inputs//GF19071709
  Trying cycle: 20190717
  Step filtering not needed (single numeric stepRange=2)
  WARNING: Missing ipvgrbh file for 201907170900 cycle 20190717 (continuing with pgrbh only)
  Step filtering not needed (single numeric stepRange=3)
  Selected cycle: 20190717
Processing timestep: 201907171000
  Writing /home/lwestern/agage/meteorology/cfsv2/flexpart_inputs//GF19071710
  Trying cycle: 20190717
  WARNING: Missing ipvgrbh file for 201907171000 cycle 20190717 (continuing with pgrbh only)
  Step filtering not needed (single numeric stepRange=4)
  Selected cycle: 20190717
Processing timestep: 201907171100
  Writing /home/lwestern/agage/meteorology/cfsv2/flexpart_inputs//GF19071711
  Trying cycle: 20190717
  Selected cycle: 20190717
Processing timestep: 201907171200
  Writing /home/lwestern/agage/meteorology/cfsv2/flexpart_inputs//GF19071712
  Trying cycle: 20190717
  WARNING: Missing ipvgrbh file for 201907171100 cycle 20190717 (continuing with pgrbh only)
  Step filtering not needed (single numeric stepRange=5)
  WARNING: Missing ipvgrbh file for 201907171200 cycle 20190717 (continuing with pgrbh only)
  Step filtering not needed (single numeric stepRange=6)
  Selected cycle: 20190717
Processing timestep: 201907171300
  Writing /home/lwestern/agage/meteorology/cfsv2/flexpart_inputs//GF19071713
  Trying cycle: 20190717
  WARNING: Missing ipvgrbh file for 201907171300 cycle 20190717 (continuing with pgrbh only)
  Step filtering not needed (single numeric stepRange=1)
  Selected cycle: 20190717
Processing timestep: 201907171400
  Writing /home/lwestern/agage/meteorology/cfsv2/flexpart_inputs//GF19071714
  Trying cycle: 20190717
  WARNING: Missing ipvgrbh file for 201907171400 cycle 20190717 (continuing with pgrbh only)
  Step filtering not needed (single numeric stepRange=2)
  Selected cycle: 20190717
Processing timestep: 201907171500
  Writing /home/lwestern/agage/meteorology/cfsv2/flexpart_inputs//GF19071715
  Trying cycle: 20190717
  WARNING: Missing ipvgrbh file for 201907171500 cycle 20190717 (continuing with pgrbh only)
  Step filtering not needed (single numeric stepRange=3)
  Selected cycle: 20190717
Processing timestep: 201907171600
  Selected cycle: 20190717
  Writing /home/lwestern/agage/meteorology/cfsv2/flexpart_inputs//GF19071716
Processing timestep: 201907171700
  Trying cycle: 20190717
  Writing /home/lwestern/agage/meteorology/cfsv2/flexpart_inputs//GF19071717
  Trying cycle: 20190717
  WARNING: Missing ipvgrbh file for 201907171600 cycle 20190717 (continuing with pgrbh only)
  WARNING: Missing ipvgrbh file for 201907171700 cycle 20190717 (continuing with pgrbh only)
  Step filtering not needed (single numeric stepRange=4)
  Step filtering not needed (single numeric stepRange=5)
  Selected cycle: 20190717
Processing timestep: 201907171800
  Writing /home/lwestern/agage/meteorology/cfsv2/flexpart_inputs//GF19071718
  Trying cycle: 20190717
  WARNING: Missing ipvgrbh file for 201907171800 cycle 20190717 (continuing with pgrbh only)
  Step filtering not needed (single numeric stepRange=6)
  Selected cycle: 20190717
Processing timestep: 201907171900
  Writing /home/lwestern/agage/meteorology/cfsv2/flexpart_inputs//GF19071719
  Trying cycle: 20190717
  Selected cycle: 20190717
Processing timestep: 201907172000
  Writing /home/lwestern/agage/meteorology/cfsv2/flexpart_inputs//GF19071720
  Trying cycle: 20190717
  WARNING: Missing ipvgrbh file for 201907171900 cycle 20190717 (continuing with pgrbh only)
  Step filtering not needed (single numeric stepRange=1)
  WARNING: Missing ipvgrbh file for 201907172000 cycle 20190717 (continuing with pgrbh only)
  Selected cycle: 20190717
Processing timestep: 201907172100
  Writing /home/lwestern/agage/meteorology/cfsv2/flexpart_inputs//GF19071721
  Trying cycle: 20190717
  Step filtering not needed (single numeric stepRange=2)
  WARNING: Missing ipvgrbh file for 201907172100 cycle 20190717 (continuing with pgrbh only)
  Step filtering not needed (single numeric stepRange=3)
  Selected cycle: 20190717
Processing timestep: 201907172200
  Writing /home/lwestern/agage/meteorology/cfsv2/flexpart_inputs//GF19071722
  Trying cycle: 20190717
  WARNING: Missing ipvgrbh file for 201907172200 cycle 20190717 (continuing with pgrbh only)
  Step filtering not needed (single numeric stepRange=4)
  Selected cycle: 20190717
Processing timestep: 201907172300
  Writing /home/lwestern/agage/meteorology/cfsv2/flexpart_inputs//GF19071723
  Trying cycle: 20190717
  WARNING: Missing ipvgrbh file for 201907172300 cycle 20190717 (continuing with pgrbh only)
  Step filtering not needed (single numeric stepRange=5)
  Selected cycle: 20190717
Processing timestep: 201907180000
  Writing /home/lwestern/agage/meteorology/cfsv2/flexpart_inputs//GF19071800
  Trying cycle: 20190717
  WARNING: Missing ipvgrbh file for 201907180000 cycle 20190717 (continuing with pgrbh only)
  Selected cycle: 20190717
Processing timestep: 201907190100
  Writing /home/lwestern/agage/meteorology/cfsv2/flexpart_inputs//GF19071901
  Trying cycle: 20190719
  Step filtering not needed (single numeric stepRange=6)
  WARNING: Missing ipvgrbh file for 201907190100 cycle 20190719 (continuing with pgrbh only)
  Step filtering not needed (single numeric stepRange=1)
  Selected cycle: 20190717
Processing timestep: 201907190200
  Writing /home/lwestern/agage/meteorology/cfsv2/flexpart_inputs//GF19071902
  Trying cycle: 20190719
  WARNING: Missing ipvgrbh file for 201907190200 cycle 20190719 (continuing with pgrbh only)
  Step filtering not needed (single numeric stepRange=2)
  Selected cycle: 20190717
Processing timestep: 201907190300
  Writing /home/lwestern/agage/meteorology/cfsv2/flexpart_inputs//GF19071903
  Trying cycle: 20190719
  Selected cycle: 20190717
Processing timestep: 201907190400
  Writing /home/lwestern/agage/meteorology/cfsv2/flexpart_inputs//GF19071904
  Trying cycle: 20190719
  WARNING: Missing ipvgrbh file for 201907190300 cycle 20190719 (continuing with pgrbh only)
  Selected cycle: 20190717
  Step filtering not needed (single numeric stepRange=3)
Processing timestep: 201907190500
  Writing /home/lwestern/agage/meteorology/cfsv2/flexpart_inputs//GF19071905
  Trying cycle: 20190719
  WARNING: Missing ipvgrbh file for 201907190400 cycle 20190719 (continuing with pgrbh only)
  Step filtering not needed (single numeric stepRange=4)
  WARNING: Missing ipvgrbh file for 201907190500 cycle 20190719 (continuing with pgrbh only)
  Step filtering not needed (single numeric stepRange=5)
  Selected cycle: 20190717
Processing timestep: 201907190600
  Writing /home/lwestern/agage/meteorology/cfsv2/flexpart_inputs//GF19071906
  Trying cycle: 20190719
  WARNING: Missing ipvgrbh file for 201907190600 cycle 20190719 (continuing with pgrbh only)
  Step filtering not needed (single numeric stepRange=6)
  Selected cycle: 20190717
Processing timestep: 201907190700
  Writing /home/lwestern/agage/meteorology/cfsv2/flexpart_inputs//GF19071907
  Trying cycle: 20190719
  WARNING: Missing ipvgrbh file for 201907190700 cycle 20190719 (continuing with pgrbh only)
  Step filtering not needed (single numeric stepRange=1)
  Selected cycle: 20190719
Processing timestep: 201907190800
  Selected cycle: 20190717
Processing timestep: 201907190900
  Writing /home/lwestern/agage/meteorology/cfsv2/flexpart_inputs//GF19071908
  Trying cycle: 20190719
  Writing /home/lwestern/agage/meteorology/cfsv2/flexpart_inputs//GF19071909
  Trying cycle: 20190719
  WARNING: Missing ipvgrbh file for 201907190900 cycle 20190719 (continuing with pgrbh only)
  WARNING: Missing ipvgrbh file for 201907190800 cycle 20190719 (continuing with pgrbh only)
  Step filtering not needed (single numeric stepRange=2)
  Step filtering not needed (single numeric stepRange=3)
  Selected cycle: 20190719
Processing timestep: 201907191000
  Writing /home/lwestern/agage/meteorology/cfsv2/flexpart_inputs//GF19071910
  Trying cycle: 20190719
  WARNING: Missing ipvgrbh file for 201907191000 cycle 20190719 (continuing with pgrbh only)
  Step filtering not needed (single numeric stepRange=4)
  Selected cycle: 20190719
Processing timestep: 201907191100
  Writing /home/lwestern/agage/meteorology/cfsv2/flexpart_inputs//GF19071911
  Trying cycle: 20190719
  WARNING: Missing ipvgrbh file for 201907191100 cycle 20190719 (continuing with pgrbh only)
  Step filtering not needed (single numeric stepRange=5)
  Selected cycle: 20190719
Processing timestep: 201907191200
  Writing /home/lwestern/agage/meteorology/cfsv2/flexpart_inputs//GF19071912
  Selected cycle: 20190719
Processing timestep: 201907191300
  Trying cycle: 20190719
  Writing /home/lwestern/agage/meteorology/cfsv2/flexpart_inputs//GF19071913
  Trying cycle: 20190719
  Selected cycle: 20190719
Processing timestep: 201907191400
  Writing /home/lwestern/agage/meteorology/cfsv2/flexpart_inputs//GF19071914
  Trying cycle: 20190719
  WARNING: Missing ipvgrbh file for 201907191200 cycle 20190719 (continuing with pgrbh only)
  WARNING: Missing ipvgrbh file for 201907191300 cycle 20190719 (continuing with pgrbh only)
  Step filtering not needed (single numeric stepRange=6)
  Step filtering not needed (single numeric stepRange=1)
  WARNING: Missing ipvgrbh file for 201907191400 cycle 20190719 (continuing with pgrbh only)
  Step filtering not needed (single numeric stepRange=2)
  Selected cycle: 20190719
Processing timestep: 201907191500
  Writing /home/lwestern/agage/meteorology/cfsv2/flexpart_inputs//GF19071915
  Trying cycle: 20190719
  WARNING: Missing ipvgrbh file for 201907191500 cycle 20190719 (continuing with pgrbh only)
  Step filtering not needed (single numeric stepRange=3)
  Selected cycle: 20190719
Processing timestep: 201907191600
  Writing /home/lwestern/agage/meteorology/cfsv2/flexpart_inputs//GF19071916
  Trying cycle: 20190719
  Selected cycle: 20190719
Processing timestep: 201907191700
  Writing /home/lwestern/agage/meteorology/cfsv2/flexpart_inputs//GF19071917
  Trying cycle: 20190719
  WARNING: Missing ipvgrbh file for 201907191600 cycle 20190719 (continuing with pgrbh only)
  Step filtering not needed (single numeric stepRange=4)
  WARNING: Missing ipvgrbh file for 201907191700 cycle 20190719 (continuing with pgrbh only)
  Step filtering not needed (single numeric stepRange=5)
  Selected cycle: 20190719
Processing timestep: 201907191800
  Writing /home/lwestern/agage/meteorology/cfsv2/flexpart_inputs//GF19071918
  Trying cycle: 20190719
  WARNING: Missing ipvgrbh file for 201907191800 cycle 20190719 (continuing with pgrbh only)
  Step filtering not needed (single numeric stepRange=6)
  Selected cycle: 20190719
Processing timestep: 201907191900
  Writing /home/lwestern/agage/meteorology/cfsv2/flexpart_inputs//GF19071919
  Trying cycle: 20190719
  Selected cycle: 20190719
Processing timestep: 201907192000
  Writing /home/lwestern/agage/meteorology/cfsv2/flexpart_inputs//GF19071920
  Trying cycle: 20190719
  Selected cycle: 20190719
Processing timestep: 201907192100
  Writing /home/lwestern/agage/meteorology/cfsv2/flexpart_inputs//GF19071921
  Selected cycle: 20190719
Processing timestep: 201907192200
  Trying cycle: 20190719
  Writing /home/lwestern/agage/meteorology/cfsv2/flexpart_inputs//GF19071922
  Trying cycle: 20190719
  WARNING: Missing ipvgrbh file for 201907191900 cycle 20190719 (continuing with pgrbh only)
  Step filtering not needed (single numeric stepRange=1)
  WARNING: Missing ipvgrbh file for 201907192000 cycle 20190719 (continuing with pgrbh only)
  WARNING: Missing ipvgrbh file for 201907192100 cycle 20190719 (continuing with pgrbh only)
  Step filtering not needed (single numeric stepRange=2)
  WARNING: Missing ipvgrbh file for 201907192200 cycle 20190719 (continuing with pgrbh only)
  Step filtering not needed (single numeric stepRange=3)
  Step filtering not needed (single numeric stepRange=4)
  Selected cycle: 20190719
Processing timestep: 201907192300
  Writing /home/lwestern/agage/meteorology/cfsv2/flexpart_inputs//GF19071923
  Trying cycle: 20190719
  WARNING: Missing ipvgrbh file for 201907192300 cycle 20190719 (continuing with pgrbh only)
  Step filtering not needed (single numeric stepRange=5)
  Selected cycle: 20190719
Processing timestep: 201907200000
  Writing /home/lwestern/agage/meteorology/cfsv2/flexpart_inputs//GF19072000
  Trying cycle: 20190719
  WARNING: Missing ipvgrbh file for 201907200000 cycle 20190719 (continuing with pgrbh only)
  Step filtering not needed (single numeric stepRange=6)
  Selected cycle: 20190719
Processing timestep: 201907210100
  Writing /home/lwestern/agage/meteorology/cfsv2/flexpart_inputs//GF19072101
  Trying cycle: 20190721
  Step filtering not needed (single numeric stepRange=1)
  Selected cycle: 20190719
Processing timestep: 201907210200
  Writing /home/lwestern/agage/meteorology/cfsv2/flexpart_inputs//GF19072102
  Trying cycle: 20190721
  Step filtering not needed (single numeric stepRange=2)
  Selected cycle: 20190719
Processing timestep: 201907210300
  Writing /home/lwestern/agage/meteorology/cfsv2/flexpart_inputs//GF19072103
  Trying cycle: 20190721
  Step filtering not needed (single numeric stepRange=3)
  Selected cycle: 20190719
Processing timestep: 201907210400
  Writing /home/lwestern/agage/meteorology/cfsv2/flexpart_inputs//GF19072104
  Selected cycle: 20190719
Processing timestep: 201907210500
  Trying cycle: 20190721
  Writing /home/lwestern/agage/meteorology/cfsv2/flexpart_inputs//GF19072105
  Trying cycle: 20190721
  Selected cycle: 20190719
Processing timestep: 201907210600
  Writing /home/lwestern/agage/meteorology/cfsv2/flexpart_inputs//GF19072106
  Trying cycle: 20190721
  Step filtering not needed (single numeric stepRange=4)
  Step filtering not needed (single numeric stepRange=5)
  Selected cycle: 20190719
Processing timestep: 201907210700
  Writing /home/lwestern/agage/meteorology/cfsv2/flexpart_inputs//GF19072107
  Trying cycle: 20190721
  Step filtering not needed (single numeric stepRange=6)
  Step filtering not needed (single numeric stepRange=1)
  Selected cycle: 20190719
Processing timestep: 201907210800
  Writing /home/lwestern/agage/meteorology/cfsv2/flexpart_inputs//GF19072108
  Trying cycle: 20190721
  Step filtering not needed (single numeric stepRange=2)
  Selected cycle: 20190721
Processing timestep: 201907210900
  Writing /home/lwestern/agage/meteorology/cfsv2/flexpart_inputs//GF19072109
  Trying cycle: 20190721
  Step filtering not needed (single numeric stepRange=3)
  Selected cycle: 20190721
Processing timestep: 201907211000
  Writing /home/lwestern/agage/meteorology/cfsv2/flexpart_inputs//GF19072110
  Trying cycle: 20190721
  Step filtering not needed (single numeric stepRange=4)
  Selected cycle: 20190721
Processing timestep: 201907211100
  Writing /home/lwestern/agage/meteorology/cfsv2/flexpart_inputs//GF19072111
  Trying cycle: 20190721
  Step filtering not needed (single numeric stepRange=5)
  Selected cycle: 20190721
Processing timestep: 201907211200
  Writing /home/lwestern/agage/meteorology/cfsv2/flexpart_inputs//GF19072112
  Selected cycle: 20190721
Processing timestep: 201907211300
  Trying cycle: 20190721
  Writing /home/lwestern/agage/meteorology/cfsv2/flexpart_inputs//GF19072113
  Trying cycle: 20190721
  Selected cycle: 20190721
Processing timestep: 201907211400
  Writing /home/lwestern/agage/meteorology/cfsv2/flexpart_inputs//GF19072114
  Trying cycle: 20190721
  Selected cycle: 20190721
Processing timestep: 201907211500
  Writing /home/lwestern/agage/meteorology/cfsv2/flexpart_inputs//GF19072115
  Trying cycle: 20190721
  Step filtering not needed (single numeric stepRange=6)
  Step filtering not needed (single numeric stepRange=1)
  Step filtering not needed (single numeric stepRange=2)
  Step filtering not needed (single numeric stepRange=3)
  Selected cycle: 20190721
Processing timestep: 201907211600
  Writing /home/lwestern/agage/meteorology/cfsv2/flexpart_inputs//GF19072116
  Trying cycle: 20190721
  Step filtering not needed (single numeric stepRange=4)
  Selected cycle: 20190721
Processing timestep: 201907211700
  Writing /home/lwestern/agage/meteorology/cfsv2/flexpart_inputs//GF19072117
  Trying cycle: 20190721
  Selected cycle: 20190721
Processing timestep: 201907211800
  Writing /home/lwestern/agage/meteorology/cfsv2/flexpart_inputs//GF19072118
  Trying cycle: 20190721
  Step filtering not needed (single numeric stepRange=5)
  Step filtering not needed (single numeric stepRange=6)
  Selected cycle: 20190721
Processing timestep: 201907211900
  Writing /home/lwestern/agage/meteorology/cfsv2/flexpart_inputs//GF19072119
  Trying cycle: 20190721
  Step filtering not needed (single numeric stepRange=1)
  Selected cycle: 20190721
Processing timestep: 201907212000
  Writing /home/lwestern/agage/meteorology/cfsv2/flexpart_inputs//GF19072120
  Trying cycle: 20190721
  Selected cycle: 20190721
Processing timestep: 201907212100
  Writing /home/lwestern/agage/meteorology/cfsv2/flexpart_inputs//GF19072121
  Trying cycle: 20190721
  Selected cycle: 20190721
Processing timestep: 201907212200
  Writing /home/lwestern/agage/meteorology/cfsv2/flexpart_inputs//GF19072122
  Trying cycle: 20190721
  Selected cycle: 20190721
Processing timestep: 201907212300
  Writing /home/lwestern/agage/meteorology/cfsv2/flexpart_inputs//GF19072123
  Trying cycle: 20190721
  Step filtering not needed (single numeric stepRange=2)
  Step filtering not needed (single numeric stepRange=3)
  Step filtering not needed (single numeric stepRange=4)
  Step filtering not needed (single numeric stepRange=5)
  Selected cycle: 20190721
Processing timestep: 201907220000
  Writing /home/lwestern/agage/meteorology/cfsv2/flexpart_inputs//GF19072200
  Trying cycle: 20190721
  Step filtering not needed (single numeric stepRange=6)
  Selected cycle: 20190721
Processing timestep: 201907230100
  Writing /home/lwestern/agage/meteorology/cfsv2/flexpart_inputs//GF19072301
  Trying cycle: 20190723
  WARNING: Missing ipvgrbh file for 201907230100 cycle 20190723 (continuing with pgrbh only)
  Step filtering not needed (single numeric stepRange=1)
  Selected cycle: 20190721
Processing timestep: 201907230200
  Writing /home/lwestern/agage/meteorology/cfsv2/flexpart_inputs//GF19072302
  Trying cycle: 20190723
  WARNING: Missing ipvgrbh file for 201907230200 cycle 20190723 (continuing with pgrbh only)
  Step filtering not needed (single numeric stepRange=2)
  Selected cycle: 20190721
Processing timestep: 201907230300
  Writing /home/lwestern/agage/meteorology/cfsv2/flexpart_inputs//GF19072303
  Trying cycle: 20190723
  WARNING: Missing ipvgrbh file for 201907230300 cycle 20190723 (continuing with pgrbh only)
  Step filtering not needed (single numeric stepRange=3)
  Selected cycle: 20190721
Processing timestep: 201907230400
  Writing /home/lwestern/agage/meteorology/cfsv2/flexpart_inputs//GF19072304
  Trying cycle: 20190723
  WARNING: Missing ipvgrbh file for 201907230400 cycle 20190723 (continuing with pgrbh only)
  Step filtering not needed (single numeric stepRange=4)
  Selected cycle: 20190721
Processing timestep: 201907230500
  Writing /home/lwestern/agage/meteorology/cfsv2/flexpart_inputs//GF19072305
  Selected cycle: 20190721
Processing timestep: 201907230600
  Trying cycle: 20190723
  Writing /home/lwestern/agage/meteorology/cfsv2/flexpart_inputs//GF19072306
  Selected cycle: 20190721
Processing timestep: 201907230700
  Trying cycle: 20190723
  Writing /home/lwestern/agage/meteorology/cfsv2/flexpart_inputs//GF19072307
  Trying cycle: 20190723
  Selected cycle: 20190721
Processing timestep: 201907230800
  Writing /home/lwestern/agage/meteorology/cfsv2/flexpart_inputs//GF19072308
  Trying cycle: 20190723
  WARNING: Missing ipvgrbh file for 201907230500 cycle 20190723 (continuing with pgrbh only)
  WARNING: Missing ipvgrbh file for 201907230600 cycle 20190723 (continuing with pgrbh only)
  WARNING: Missing ipvgrbh file for 201907230700 cycle 20190723 (continuing with pgrbh only)
  Step filtering not needed (single numeric stepRange=5)
  Step filtering not needed (single numeric stepRange=6)
  Step filtering not needed (single numeric stepRange=1)
  WARNING: Missing ipvgrbh file for 201907230800 cycle 20190723 (continuing with pgrbh only)
  Step filtering not needed (single numeric stepRange=2)
  Selected cycle: 20190723
Processing timestep: 201907230900
  Writing /home/lwestern/agage/meteorology/cfsv2/flexpart_inputs//GF19072309
  Trying cycle: 20190723
  WARNING: Missing ipvgrbh file for 201907230900 cycle 20190723 (continuing with pgrbh only)
  Step filtering not needed (single numeric stepRange=3)
  Selected cycle: 20190723
Processing timestep: 201907231000
  Writing /home/lwestern/agage/meteorology/cfsv2/flexpart_inputs//GF19072310
  Trying cycle: 20190723
  WARNING: Missing ipvgrbh file for 201907231000 cycle 20190723 (continuing with pgrbh only)
  Step filtering not needed (single numeric stepRange=4)
  Selected cycle: 20190723
Processing timestep: 201907231100
  Writing /home/lwestern/agage/meteorology/cfsv2/flexpart_inputs//GF19072311
  Trying cycle: 20190723
  WARNING: Missing ipvgrbh file for 201907231100 cycle 20190723 (continuing with pgrbh only)
  Step filtering not needed (single numeric stepRange=5)
  Selected cycle: 20190723
Processing timestep: 201907231200
  Writing /home/lwestern/agage/meteorology/cfsv2/flexpart_inputs//GF19072312
  Trying cycle: 20190723
  WARNING: Missing ipvgrbh file for 201907231200 cycle 20190723 (continuing with pgrbh only)
  Step filtering not needed (single numeric stepRange=6)
  Selected cycle: 20190723
Processing timestep: 201907231300
  Writing /home/lwestern/agage/meteorology/cfsv2/flexpart_inputs//GF19072313
  Trying cycle: 20190723
  Selected cycle: 20190723
Processing timestep: 201907231400
  Writing /home/lwestern/agage/meteorology/cfsv2/flexpart_inputs//GF19072314
  Trying cycle: 20190723
  Selected cycle: 20190723
Processing timestep: 201907231500
  Writing /home/lwestern/agage/meteorology/cfsv2/flexpart_inputs//GF19072315
  Trying cycle: 20190723
  Selected cycle: 20190723
Processing timestep: 201907231600
  Writing /home/lwestern/agage/meteorology/cfsv2/flexpart_inputs//GF19072316
  Trying cycle: 20190723
  WARNING: Missing ipvgrbh file for 201907231300 cycle 20190723 (continuing with pgrbh only)
  Step filtering not needed (single numeric stepRange=1)
  WARNING: Missing ipvgrbh file for 201907231400 cycle 20190723 (continuing with pgrbh only)
  WARNING: Missing ipvgrbh file for 201907231500 cycle 20190723 (continuing with pgrbh only)
  Step filtering not needed (single numeric stepRange=2)
  Step filtering not needed (single numeric stepRange=3)
  WARNING: Missing ipvgrbh file for 201907231600 cycle 20190723 (continuing with pgrbh only)
  Step filtering not needed (single numeric stepRange=4)
  Selected cycle: 20190723
Processing timestep: 201907231700
  Writing /home/lwestern/agage/meteorology/cfsv2/flexpart_inputs//GF19072317
  Trying cycle: 20190723
  WARNING: Missing ipvgrbh file for 201907231700 cycle 20190723 (continuing with pgrbh only)
  Step filtering not needed (single numeric stepRange=5)
  Selected cycle: 20190723
Processing timestep: 201907231800
  Writing /home/lwestern/agage/meteorology/cfsv2/flexpart_inputs//GF19072318
  Trying cycle: 20190723
  WARNING: Missing ipvgrbh file for 201907231800 cycle 20190723 (continuing with pgrbh only)
  Step filtering not needed (single numeric stepRange=6)
  Selected cycle: 20190723
Processing timestep: 201907231900
  Writing /home/lwestern/agage/meteorology/cfsv2/flexpart_inputs//GF19072319
  Trying cycle: 20190723
  WARNING: Missing ipvgrbh file for 201907231900 cycle 20190723 (continuing with pgrbh only)
  Step filtering not needed (single numeric stepRange=1)
  Selected cycle: 20190723
Processing timestep: 201907232000
  Writing /home/lwestern/agage/meteorology/cfsv2/flexpart_inputs//GF19072320
  Trying cycle: 20190723
  WARNING: Missing ipvgrbh file for 201907232000 cycle 20190723 (continuing with pgrbh only)
  Step filtering not needed (single numeric stepRange=2)
  Selected cycle: 20190723
Processing timestep: 201907232100
  Writing /home/lwestern/agage/meteorology/cfsv2/flexpart_inputs//GF19072321
  Trying cycle: 20190723
  Selected cycle: 20190723
Processing timestep: 201907232200
  Writing /home/lwestern/agage/meteorology/cfsv2/flexpart_inputs//GF19072322
  Trying cycle: 20190723
  WARNING: Missing ipvgrbh file for 201907232100 cycle 20190723 (continuing with pgrbh only)
  Selected cycle: 20190723
Processing timestep: 201907232300
  Step filtering not needed (single numeric stepRange=3)
  Writing /home/lwestern/agage/meteorology/cfsv2/flexpart_inputs//GF19072323
  Trying cycle: 20190723
  Selected cycle: 20190723
Processing timestep: 201907240000
  Writing /home/lwestern/agage/meteorology/cfsv2/flexpart_inputs//GF19072400
  Trying cycle: 20190723
  Selected cycle: 20190723
Processing timestep: 201907270100
  Writing /home/lwestern/agage/meteorology/cfsv2/flexpart_inputs//GF19072701
  Trying cycle: 20190727
  WARNING: Missing ipvgrbh file for 201907232200 cycle 20190723 (continuing with pgrbh only)
  Step filtering not needed (single numeric stepRange=4)
  WARNING: Missing ipvgrbh file for 201907232300 cycle 20190723 (continuing with pgrbh only)
  Selected cycle: 20190723
Processing timestep: 201907270200
  Step filtering not needed (single numeric stepRange=5)
  Writing /home/lwestern/agage/meteorology/cfsv2/flexpart_inputs//GF19072702
  Trying cycle: 20190727
  WARNING: Missing ipvgrbh file for 201907240000 cycle 20190723 (continuing with pgrbh only)
  WARNING: Missing ipvgrbh file for 201907270100 cycle 20190727 (continuing with pgrbh only)
  Step filtering not needed (single numeric stepRange=6)
  Step filtering not needed (single numeric stepRange=1)
  WARNING: Missing ipvgrbh file for 201907270200 cycle 20190727 (continuing with pgrbh only)
  Step filtering not needed (single numeric stepRange=2)
  Selected cycle: 20190723
Processing timestep: 201907270300
  Writing /home/lwestern/agage/meteorology/cfsv2/flexpart_inputs//GF19072703
  Trying cycle: 20190727
  WARNING: Missing ipvgrbh file for 201907270300 cycle 20190727 (continuing with pgrbh only)
  Step filtering not needed (single numeric stepRange=3)
  Selected cycle: 20190723
Processing timestep: 201907270400
  Writing /home/lwestern/agage/meteorology/cfsv2/flexpart_inputs//GF19072704
  Trying cycle: 20190727
  WARNING: Missing ipvgrbh file for 201907270400 cycle 20190727 (continuing with pgrbh only)
  Step filtering not needed (single numeric stepRange=4)
  Selected cycle: 20190723
Processing timestep: 201907270500
  Writing /home/lwestern/agage/meteorology/cfsv2/flexpart_inputs//GF19072705
  Trying cycle: 20190727
  WARNING: Missing ipvgrbh file for 201907270500 cycle 20190727 (continuing with pgrbh only)
  Selected cycle: 20190723
Processing timestep: 201907270600
  Step filtering not needed (single numeric stepRange=5)
  Writing /home/lwestern/agage/meteorology/cfsv2/flexpart_inputs//GF19072706
  Trying cycle: 20190727
  Selected cycle: 20190723
Processing timestep: 201907270700
  Writing /home/lwestern/agage/meteorology/cfsv2/flexpart_inputs//GF19072707
  Trying cycle: 20190727
  Selected cycle: 20190723
Processing timestep: 201907270800
  Writing /home/lwestern/agage/meteorology/cfsv2/flexpart_inputs//GF19072708
  Trying cycle: 20190727
  WARNING: Missing ipvgrbh file for 201907270600 cycle 20190727 (continuing with pgrbh only)
  Selected cycle: 20190727
Processing timestep: 201907270900
  Step filtering not needed (single numeric stepRange=6)
  Writing /home/lwestern/agage/meteorology/cfsv2/flexpart_inputs//GF19072709
  Trying cycle: 20190727
  Selected cycle: 20190727
Processing timestep: 201907271000
  Writing /home/lwestern/agage/meteorology/cfsv2/flexpart_inputs//GF19072710
  Trying cycle: 20190727
  WARNING: Missing ipvgrbh file for 201907270700 cycle 20190727 (continuing with pgrbh only)
  Step filtering not needed (single numeric stepRange=1)
  WARNING: Missing ipvgrbh file for 201907270800 cycle 20190727 (continuing with pgrbh only)
  WARNING: Missing ipvgrbh file for 201907270900 cycle 20190727 (continuing with pgrbh only)
  Step filtering not needed (single numeric stepRange=2)
  Step filtering not needed (single numeric stepRange=3)
  WARNING: Missing ipvgrbh file for 201907271000 cycle 20190727 (continuing with pgrbh only)
  Step filtering not needed (single numeric stepRange=4)
  Selected cycle: 20190727
Processing timestep: 201907271100
  Writing /home/lwestern/agage/meteorology/cfsv2/flexpart_inputs//GF19072711
  Trying cycle: 20190727
  WARNING: Missing ipvgrbh file for 201907271100 cycle 20190727 (continuing with pgrbh only)
  Step filtering not needed (single numeric stepRange=5)
  Selected cycle: 20190727
Processing timestep: 201907271200
  Writing /home/lwestern/agage/meteorology/cfsv2/flexpart_inputs//GF19072712
  Trying cycle: 20190727
  WARNING: Missing ipvgrbh file for 201907271200 cycle 20190727 (continuing with pgrbh only)
  Step filtering not needed (single numeric stepRange=6)
  Selected cycle: 20190727
Processing timestep: 201907271300
  Writing /home/lwestern/agage/meteorology/cfsv2/flexpart_inputs//GF19072713
  Trying cycle: 20190727
  WARNING: Missing ipvgrbh file for 201907271300 cycle 20190727 (continuing with pgrbh only)
  Step filtering not needed (single numeric stepRange=1)
  Selected cycle: 20190727
Processing timestep: 201907271400
  Writing /home/lwestern/agage/meteorology/cfsv2/flexpart_inputs//GF19072714
  Trying cycle: 20190727
  Selected cycle: 20190727
Processing timestep: 201907271500
  Writing /home/lwestern/agage/meteorology/cfsv2/flexpart_inputs//GF19072715
  Trying cycle: 20190727
  WARNING: Missing ipvgrbh file for 201907271400 cycle 20190727 (continuing with pgrbh only)
  Step filtering not needed (single numeric stepRange=2)
  Selected cycle: 20190727
Processing timestep: 201907271600
  Selected cycle: 20190727
  Writing /home/lwestern/agage/meteorology/cfsv2/flexpart_inputs//GF19072716
Processing timestep: 201907271700
  Trying cycle: 20190727
  Writing /home/lwestern/agage/meteorology/cfsv2/flexpart_inputs//GF19072717
  Trying cycle: 20190727
  Selected cycle: 20190727
Processing timestep: 201907271800
  Writing /home/lwestern/agage/meteorology/cfsv2/flexpart_inputs//GF19072718
  Trying cycle: 20190727
  WARNING: Missing ipvgrbh file for 201907271600 cycle 20190727 (continuing with pgrbh only)
  WARNING: Missing ipvgrbh file for 201907271500 cycle 20190727 (continuing with pgrbh only)
  Step filtering not needed (single numeric stepRange=3)
  WARNING: Missing ipvgrbh file for 201907271700 cycle 20190727 (continuing with pgrbh only)
  Step filtering not needed (single numeric stepRange=4)
  WARNING: Missing ipvgrbh file for 201907271800 cycle 20190727 (continuing with pgrbh only)
  Step filtering not needed (single numeric stepRange=5)
  Step filtering not needed (single numeric stepRange=6)
  Selected cycle: 20190727
Processing timestep: 201907271900
  Writing /home/lwestern/agage/meteorology/cfsv2/flexpart_inputs//GF19072719
  Trying cycle: 20190727
  WARNING: Missing ipvgrbh file for 201907271900 cycle 20190727 (continuing with pgrbh only)
  Step filtering not needed (single numeric stepRange=1)
  Selected cycle: 20190727
Processing timestep: 201907272000
  Writing /home/lwestern/agage/meteorology/cfsv2/flexpart_inputs//GF19072720
  Trying cycle: 20190727
  WARNING: Missing ipvgrbh file for 201907272000 cycle 20190727 (continuing with pgrbh only)
  Step filtering not needed (single numeric stepRange=2)
  Selected cycle: 20190727
Processing timestep: 201907272100
  Writing /home/lwestern/agage/meteorology/cfsv2/flexpart_inputs//GF19072721
  Trying cycle: 20190727
  WARNING: Missing ipvgrbh file for 201907272100 cycle 20190727 (continuing with pgrbh only)
  Step filtering not needed (single numeric stepRange=3)
  Selected cycle: 20190727
Processing timestep: 201907272200
  Writing /home/lwestern/agage/meteorology/cfsv2/flexpart_inputs//GF19072722
  Trying cycle: 20190727
  WARNING: Missing ipvgrbh file for 201907272200 cycle 20190727 (continuing with pgrbh only)
  Step filtering not needed (single numeric stepRange=4)
  Selected cycle: 20190727
Processing timestep: 201907272300
  Writing /home/lwestern/agage/meteorology/cfsv2/flexpart_inputs//GF19072723
  Trying cycle: 20190727
  Selected cycle: 20190727
Processing timestep: 201907280000
  Writing /home/lwestern/agage/meteorology/cfsv2/flexpart_inputs//GF19072800
  Trying cycle: 20190727
  Selected cycle: 20190727
Processing timestep: 201907310100
  Writing /home/lwestern/agage/meteorology/cfsv2/flexpart_inputs//GF19073101
  Trying cycle: 20190731
  WARNING: Missing ipvgrbh file for 201907272300 cycle 20190727 (continuing with pgrbh only)
  Step filtering not needed (single numeric stepRange=5)
  WARNING: Missing ipvgrbh file for 201907280000 cycle 20190727 (continuing with pgrbh only)
  Step filtering not needed (single numeric stepRange=6)
  Selected cycle: 20190727
Processing timestep: 201907310200
  Writing /home/lwestern/agage/meteorology/cfsv2/flexpart_inputs//GF19073102
  Trying cycle: 20190731
  WARNING: Missing ipvgrbh file for 201907310100 cycle 20190731 (continuing with pgrbh only)
  Step filtering not needed (single numeric stepRange=1)
  WARNING: Missing ipvgrbh file for 201907310200 cycle 20190731 (continuing with pgrbh only)
  Step filtering not needed (single numeric stepRange=2)
  Selected cycle: 20190727
Processing timestep: 201907310300
  Writing /home/lwestern/agage/meteorology/cfsv2/flexpart_inputs//GF19073103
  Trying cycle: 20190731
  WARNING: Missing ipvgrbh file for 201907310300 cycle 20190731 (continuing with pgrbh only)
  Step filtering not needed (single numeric stepRange=3)
  Selected cycle: 20190727
Processing timestep: 201907310400
  Writing /home/lwestern/agage/meteorology/cfsv2/flexpart_inputs//GF19073104
  Trying cycle: 20190731
  WARNING: Missing ipvgrbh file for 201907310400 cycle 20190731 (continuing with pgrbh only)
  Step filtering not needed (single numeric stepRange=4)
  Selected cycle: 20190727
Processing timestep: 201907310500
  Writing /home/lwestern/agage/meteorology/cfsv2/flexpart_inputs//GF19073105
  Trying cycle: 20190731
  Selected cycle: 20190727
Processing timestep: 201907310600
  Writing /home/lwestern/agage/meteorology/cfsv2/flexpart_inputs//GF19073106
  Trying cycle: 20190731
  WARNING: Missing ipvgrbh file for 201907310500 cycle 20190731 (continuing with pgrbh only)
  Step filtering not needed (single numeric stepRange=5)
  WARNING: Missing ipvgrbh file for 201907310600 cycle 20190731 (continuing with pgrbh only)
  Step filtering not needed (single numeric stepRange=6)
  Selected cycle: 20190727
Processing timestep: 201907310700
  Writing /home/lwestern/agage/meteorology/cfsv2/flexpart_inputs//GF19073107
  Trying cycle: 20190731
  Selected cycle: 20190727
Processing timestep: 201907310800
  Writing /home/lwestern/agage/meteorology/cfsv2/flexpart_inputs//GF19073108
  WARNING: Missing ipvgrbh file for 201907310700 cycle 20190731 (continuing with pgrbh only)
  Trying cycle: 20190731
  Step filtering not needed (single numeric stepRange=1)
  Selected cycle: 20190731
Processing timestep: 201907310900
  Writing /home/lwestern/agage/meteorology/cfsv2/flexpart_inputs//GF19073109
  Trying cycle: 20190731
  Selected cycle: 20190731
Processing timestep: 201907311000
  Writing /home/lwestern/agage/meteorology/cfsv2/flexpart_inputs//GF19073110
  WARNING: Missing ipvgrbh file for 201907310800 cycle 20190731 (continuing with pgrbh only)
  Trying cycle: 20190731
  Step filtering not needed (single numeric stepRange=2)
  WARNING: Missing ipvgrbh file for 201907310900 cycle 20190731 (continuing with pgrbh only)
  Step filtering not needed (single numeric stepRange=3)
  WARNING: Missing ipvgrbh file for 201907311000 cycle 20190731 (continuing with pgrbh only)
  Step filtering not needed (single numeric stepRange=4)
  Selected cycle: 20190731
Processing timestep: 201907311100
  Writing /home/lwestern/agage/meteorology/cfsv2/flexpart_inputs//GF19073111
  Trying cycle: 20190731
  WARNING: Missing ipvgrbh file for 201907311100 cycle 20190731 (continuing with pgrbh only)
  Step filtering not needed (single numeric stepRange=5)
  Selected cycle: 20190731
Processing timestep: 201907311200
  Writing /home/lwestern/agage/meteorology/cfsv2/flexpart_inputs//GF19073112
  Trying cycle: 20190731
  WARNING: Missing ipvgrbh file for 201907311200 cycle 20190731 (continuing with pgrbh only)
  Step filtering not needed (single numeric stepRange=6)
  Selected cycle: 20190731
Processing timestep: 201907311300
  Writing /home/lwestern/agage/meteorology/cfsv2/flexpart_inputs//GF19073113
  Trying cycle: 20190731
  WARNING: Missing ipvgrbh file for 201907311300 cycle 20190731 (continuing with pgrbh only)
  Step filtering not needed (single numeric stepRange=1)
  Selected cycle: 20190731
Processing timestep: 201907311400
  Writing /home/lwestern/agage/meteorology/cfsv2/flexpart_inputs//GF19073114
  Trying cycle: 20190731
  WARNING: Missing ipvgrbh file for 201907311400 cycle 20190731 (continuing with pgrbh only)
  Step filtering not needed (single numeric stepRange=2)
  Selected cycle: 20190731
Processing timestep: 201907311500
  Writing /home/lwestern/agage/meteorology/cfsv2/flexpart_inputs//GF19073115
  Trying cycle: 20190731
  WARNING: Missing ipvgrbh file for 201907311500 cycle 20190731 (continuing with pgrbh only)
  Step filtering not needed (single numeric stepRange=3)
  Selected cycle: 20190731
Processing timestep: 201907311600
  Selected cycle: 20190731
Processing timestep: 201907311700
  Writing /home/lwestern/agage/meteorology/cfsv2/flexpart_inputs//GF19073117
  Writing /home/lwestern/agage/meteorology/cfsv2/flexpart_inputs//GF19073116
  Trying cycle: 20190731
  Trying cycle: 20190731
  WARNING: Missing ipvgrbh file for 201907311600 cycle 20190731 (continuing with pgrbh only)
  WARNING: Missing ipvgrbh file for 201907311700 cycle 20190731 (continuing with pgrbh only)
  Step filtering not needed (single numeric stepRange=4)
  Step filtering not needed (single numeric stepRange=5)
  Selected cycle: 20190731
Processing timestep: 201907311800
  Writing /home/lwestern/agage/meteorology/cfsv2/flexpart_inputs//GF19073118
  Trying cycle: 20190731
  WARNING: Missing ipvgrbh file for 201907311800 cycle 20190731 (continuing with pgrbh only)
  Step filtering not needed (single numeric stepRange=6)
  Selected cycle: 20190731
Processing timestep: 201907311900
  Writing /home/lwestern/agage/meteorology/cfsv2/flexpart_inputs//GF19073119
  Trying cycle: 20190731
  Selected cycle: 20190731
Processing timestep: 201907312000
  Writing /home/lwestern/agage/meteorology/cfsv2/flexpart_inputs//GF19073120
  Trying cycle: 20190731
  WARNING: Missing ipvgrbh file for 201907311900 cycle 20190731 (continuing with pgrbh only)
  Step filtering not needed (single numeric stepRange=1)
  WARNING: Missing ipvgrbh file for 201907312000 cycle 20190731 (continuing with pgrbh only)
  Step filtering not needed (single numeric stepRange=2)
  Selected cycle: 20190731
Processing timestep: 201907312100
  Writing /home/lwestern/agage/meteorology/cfsv2/flexpart_inputs//GF19073121
  Trying cycle: 20190731
  WARNING: Missing ipvgrbh file for 201907312100 cycle 20190731 (continuing with pgrbh only)
  Step filtering not needed (single numeric stepRange=3)
  Selected cycle: 20190731
Processing timestep: 201907312200
  Writing /home/lwestern/agage/meteorology/cfsv2/flexpart_inputs//GF19073122
  Trying cycle: 20190731
  WARNING: Missing ipvgrbh file for 201907312200 cycle 20190731 (continuing with pgrbh only)
  Step filtering not needed (single numeric stepRange=4)
  Selected cycle: 20190731
Processing timestep: 201907312300
  Writing /home/lwestern/agage/meteorology/cfsv2/flexpart_inputs//GF19073123
  Trying cycle: 20190731
  Selected cycle: 20190731
Processing timestep: 201908010000
  Writing /home/lwestern/agage/meteorology/cfsv2/flexpart_inputs//GF19080100
  Trying cycle: 20190731
  WARNING: Missing ipvgrbh file for 201907312300 cycle 20190731 (continuing with pgrbh only)
  Step filtering not needed (single numeric stepRange=5)
  WARNING: Missing ipvgrbh file for 201908010000 cycle 20190731 (continuing with pgrbh only)
  Step filtering not needed (single numeric stepRange=6)
  Selected cycle: 20190731
Processing timestep: 201908050100
  Writing /home/lwestern/agage/meteorology/cfsv2/flexpart_inputs//GF19080501
  Trying cycle: 20190805
  Selected cycle: 20190731
Processing timestep: 201908050200
  Writing /home/lwestern/agage/meteorology/cfsv2/flexpart_inputs//GF19080502
  Trying cycle: 20190805
  WARNING: Missing ipvgrbh file for 201908050100 cycle 20190805 (continuing with pgrbh only)
  Step filtering not needed (single numeric stepRange=1)
  WARNING: Missing ipvgrbh file for 201908050200 cycle 20190805 (continuing with pgrbh only)
  Step filtering not needed (single numeric stepRange=2)
  Selected cycle: 20190731
Processing timestep: 201908050300
  Writing /home/lwestern/agage/meteorology/cfsv2/flexpart_inputs//GF19080503
  Trying cycle: 20190805
  WARNING: Missing ipvgrbh file for 201908050300 cycle 20190805 (continuing with pgrbh only)
  Step filtering not needed (single numeric stepRange=3)
  Selected cycle: 20190731
Processing timestep: 201908050400
  Writing /home/lwestern/agage/meteorology/cfsv2/flexpart_inputs//GF19080504
  Trying cycle: 20190805
  WARNING: Missing ipvgrbh file for 201908050400 cycle 20190805 (continuing with pgrbh only)
  Step filtering not needed (single numeric stepRange=4)
  Selected cycle: 20190731
Processing timestep: 201908050500
  Writing /home/lwestern/agage/meteorology/cfsv2/flexpart_inputs//GF19080505
  Trying cycle: 20190805
  WARNING: Missing ipvgrbh file for 201908050500 cycle 20190805 (continuing with pgrbh only)
  Step filtering not needed (single numeric stepRange=5)
  Selected cycle: 20190731
Processing timestep: 201908050600
  Writing /home/lwestern/agage/meteorology/cfsv2/flexpart_inputs//GF19080506
  Trying cycle: 20190805
  WARNING: Missing ipvgrbh file for 201908050600 cycle 20190805 (continuing with pgrbh only)
  Step filtering not needed (single numeric stepRange=6)
  Selected cycle: 20190731
Processing timestep: 201908050700
  Writing /home/lwestern/agage/meteorology/cfsv2/flexpart_inputs//GF19080507
  Trying cycle: 20190805
  Selected cycle: 20190731
Processing timestep: 201908050800
  Writing /home/lwestern/agage/meteorology/cfsv2/flexpart_inputs//GF19080508
  Trying cycle: 20190805
  WARNING: Missing ipvgrbh file for 201908050700 cycle 20190805 (continuing with pgrbh only)
  Step filtering not needed (single numeric stepRange=1)
  Selected cycle: 20190805
Processing timestep: 201908050900
  Writing /home/lwestern/agage/meteorology/cfsv2/flexpart_inputs//GF19080509
  Trying cycle: 20190805
  WARNING: Missing ipvgrbh file for 201908050800 cycle 20190805 (continuing with pgrbh only)
  Step filtering not needed (single numeric stepRange=2)
  Selected cycle: 20190805
Processing timestep: 201908051000
  Writing /home/lwestern/agage/meteorology/cfsv2/flexpart_inputs//GF19080510
  Trying cycle: 20190805
  WARNING: Missing ipvgrbh file for 201908050900 cycle 20190805 (continuing with pgrbh only)
  Step filtering not needed (single numeric stepRange=3)
  WARNING: Missing ipvgrbh file for 201908051000 cycle 20190805 (continuing with pgrbh only)
  Step filtering not needed (single numeric stepRange=4)
  Selected cycle: 20190805
Processing timestep: 201908051100
  Writing /home/lwestern/agage/meteorology/cfsv2/flexpart_inputs//GF19080511
  Trying cycle: 20190805
  WARNING: Missing ipvgrbh file for 201908051100 cycle 20190805 (continuing with pgrbh only)
  Step filtering not needed (single numeric stepRange=5)
  Selected cycle: 20190805
Processing timestep: 201908051200
  Writing /home/lwestern/agage/meteorology/cfsv2/flexpart_inputs//GF19080512
  Trying cycle: 20190805
  WARNING: Missing ipvgrbh file for 201908051200 cycle 20190805 (continuing with pgrbh only)
  Step filtering not needed (single numeric stepRange=6)
  Selected cycle: 20190805
Processing timestep: 201908051300
  Writing /home/lwestern/agage/meteorology/cfsv2/flexpart_inputs//GF19080513
  Trying cycle: 20190805
  WARNING: Missing ipvgrbh file for 201908051300 cycle 20190805 (continuing with pgrbh only)
  Step filtering not needed (single numeric stepRange=1)
  Selected cycle: 20190805
Processing timestep: 201908051400
  Writing /home/lwestern/agage/meteorology/cfsv2/flexpart_inputs//GF19080514
  Trying cycle: 20190805
  WARNING: Missing ipvgrbh file for 201908051400 cycle 20190805 (continuing with pgrbh only)
  Step filtering not needed (single numeric stepRange=2)
  Selected cycle: 20190805
Processing timestep: 201908051500
  Writing /home/lwestern/agage/meteorology/cfsv2/flexpart_inputs//GF19080515
  Trying cycle: 20190805
  WARNING: Missing ipvgrbh file for 201908051500 cycle 20190805 (continuing with pgrbh only)
  Step filtering not needed (single numeric stepRange=3)
  Selected cycle: 20190805
Processing timestep: 201908051600
  Writing /home/lwestern/agage/meteorology/cfsv2/flexpart_inputs//GF19080516
  Trying cycle: 20190805
  Selected cycle: 20190805
Processing timestep: 201908051700
  Writing /home/lwestern/agage/meteorology/cfsv2/flexpart_inputs//GF19080517
  Trying cycle: 20190805
  WARNING: Missing ipvgrbh file for 201908051600 cycle 20190805 (continuing with pgrbh only)
  Selected cycle: 20190805
Processing timestep: 201908051800
  Writing /home/lwestern/agage/meteorology/cfsv2/flexpart_inputs//GF19080518
  Trying cycle: 20190805
  Step filtering not needed (single numeric stepRange=4)
  WARNING: Missing ipvgrbh file for 201908051700 cycle 20190805 (continuing with pgrbh only)
  Step filtering not needed (single numeric stepRange=5)
  WARNING: Missing ipvgrbh file for 201908051800 cycle 20190805 (continuing with pgrbh only)
  Step filtering not needed (single numeric stepRange=6)
  Selected cycle: 20190805
Processing timestep: 201908051900
  Writing /home/lwestern/agage/meteorology/cfsv2/flexpart_inputs//GF19080519
  Trying cycle: 20190805
  WARNING: Missing ipvgrbh file for 201908051900 cycle 20190805 (continuing with pgrbh only)
  Step filtering not needed (single numeric stepRange=1)
  Selected cycle: 20190805
Processing timestep: 201908052000
  Writing /home/lwestern/agage/meteorology/cfsv2/flexpart_inputs//GF19080520
  Trying cycle: 20190805
  WARNING: Missing ipvgrbh file for 201908052000 cycle 20190805 (continuing with pgrbh only)
  Step filtering not needed (single numeric stepRange=2)
  Selected cycle: 20190805
Processing timestep: 201908052100
  Writing /home/lwestern/agage/meteorology/cfsv2/flexpart_inputs//GF19080521
  Trying cycle: 20190805
  WARNING: Missing ipvgrbh file for 201908052100 cycle 20190805 (continuing with pgrbh only)
  Step filtering not needed (single numeric stepRange=3)
  Selected cycle: 20190805
Processing timestep: 201908052200
  Writing /home/lwestern/agage/meteorology/cfsv2/flexpart_inputs//GF19080522
  Trying cycle: 20190805
  WARNING: Missing ipvgrbh file for 201908052200 cycle 20190805 (continuing with pgrbh only)
  Step filtering not needed (single numeric stepRange=4)
  Selected cycle: 20190805
Processing timestep: 201908052300
  Writing /home/lwestern/agage/meteorology/cfsv2/flexpart_inputs//GF19080523
  Trying cycle: 20190805
  WARNING: Missing ipvgrbh file for 201908052300 cycle 20190805 (continuing with pgrbh only)
  Step filtering not needed (single numeric stepRange=5)
  Selected cycle: 20190805
Processing timestep: 201908060000
  Writing /home/lwestern/agage/meteorology/cfsv2/flexpart_inputs//GF19080600
  Trying cycle: 20190805
  Selected cycle: 20190805
Processing timestep: 201908070100
  Writing /home/lwestern/agage/meteorology/cfsv2/flexpart_inputs//GF19080701
  Trying cycle: 20190807
  Selected cycle: 20190805
Processing timestep: 201908070200
  WARNING: Missing ipvgrbh file for 201908060000 cycle 20190805 (continuing with pgrbh only)
  Writing /home/lwestern/agage/meteorology/cfsv2/flexpart_inputs//GF19080702
  Trying cycle: 20190807
  WARNING: Missing ipvgrbh file for 201908070100 cycle 20190807 (continuing with pgrbh only)
  Step filtering not needed (single numeric stepRange=6)
  Step filtering not needed (single numeric stepRange=1)
  WARNING: Missing ipvgrbh file for 201908070200 cycle 20190807 (continuing with pgrbh only)
  Step filtering not needed (single numeric stepRange=2)
  Selected cycle: 20190805
Processing timestep: 201908070300
  Writing /home/lwestern/agage/meteorology/cfsv2/flexpart_inputs//GF19080703
  Trying cycle: 20190807
  WARNING: Missing ipvgrbh file for 201908070300 cycle 20190807 (continuing with pgrbh only)
  Step filtering not needed (single numeric stepRange=3)
  Selected cycle: 20190805
Processing timestep: 201908070400
  Writing /home/lwestern/agage/meteorology/cfsv2/flexpart_inputs//GF19080704
  Trying cycle: 20190807
  WARNING: Missing ipvgrbh file for 201908070400 cycle 20190807 (continuing with pgrbh only)
  Step filtering not needed (single numeric stepRange=4)
  Selected cycle: 20190805
Processing timestep: 201908070500
  Writing /home/lwestern/agage/meteorology/cfsv2/flexpart_inputs//GF19080705
  Trying cycle: 20190807
  WARNING: Missing ipvgrbh file for 201908070500 cycle 20190807 (continuing with pgrbh only)
  Step filtering not needed (single numeric stepRange=5)
  Selected cycle: 20190805
Processing timestep: 201908070600
  Writing /home/lwestern/agage/meteorology/cfsv2/flexpart_inputs//GF19080706
  Trying cycle: 20190807
  WARNING: Missing ipvgrbh file for 201908070600 cycle 20190807 (continuing with pgrbh only)
  Step filtering not needed (single numeric stepRange=6)
  Selected cycle: 20190805
Processing timestep: 201908070700
  Writing /home/lwestern/agage/meteorology/cfsv2/flexpart_inputs//GF19080707
  Trying cycle: 20190807
  WARNING: Missing ipvgrbh file for 201908070700 cycle 20190807 (continuing with pgrbh only)
  Step filtering not needed (single numeric stepRange=1)
  Selected cycle: 20190807
Processing timestep: 201908070800
  Writing /home/lwestern/agage/meteorology/cfsv2/flexpart_inputs//GF19080708
  Trying cycle: 20190807
  Selected cycle: 20190807
Processing timestep: 201908070900
  Writing /home/lwestern/agage/meteorology/cfsv2/flexpart_inputs//GF19080709
  Trying cycle: 20190807
  WARNING: Missing ipvgrbh file for 201908070800 cycle 20190807 (continuing with pgrbh only)
  Step filtering not needed (single numeric stepRange=2)
  WARNING: Missing ipvgrbh file for 201908070900 cycle 20190807 (continuing with pgrbh only)
  Step filtering not needed (single numeric stepRange=3)
  Selected cycle: 20190805
Processing timestep: 201908071000
  Writing /home/lwestern/agage/meteorology/cfsv2/flexpart_inputs//GF19080710
  Trying cycle: 20190807
  WARNING: Missing ipvgrbh file for 201908071000 cycle 20190807 (continuing with pgrbh only)
  Step filtering not needed (single numeric stepRange=4)
  Selected cycle: 20190807
Processing timestep: 201908071100
  Writing /home/lwestern/agage/meteorology/cfsv2/flexpart_inputs//GF19080711
  Trying cycle: 20190807
  WARNING: Missing ipvgrbh file for 201908071100 cycle 20190807 (continuing with pgrbh only)
  Step filtering not needed (single numeric stepRange=5)
  Selected cycle: 20190807
Processing timestep: 201908071200
  Writing /home/lwestern/agage/meteorology/cfsv2/flexpart_inputs//GF19080712
  Trying cycle: 20190807
  WARNING: Missing ipvgrbh file for 201908071200 cycle 20190807 (continuing with pgrbh only)
  Step filtering not needed (single numeric stepRange=6)
  Selected cycle: 20190807
Processing timestep: 201908071300
  Writing /home/lwestern/agage/meteorology/cfsv2/flexpart_inputs//GF19080713
  Trying cycle: 20190807
  WARNING: Missing ipvgrbh file for 201908071300 cycle 20190807 (continuing with pgrbh only)
  Step filtering not needed (single numeric stepRange=1)
  Selected cycle: 20190807
Processing timestep: 201908071400
  Writing /home/lwestern/agage/meteorology/cfsv2/flexpart_inputs//GF19080714
  Trying cycle: 20190807
  WARNING: Missing ipvgrbh file for 201908071400 cycle 20190807 (continuing with pgrbh only)
  Step filtering not needed (single numeric stepRange=2)
  Selected cycle: 20190807
Processing timestep: 201908071500
  Writing /home/lwestern/agage/meteorology/cfsv2/flexpart_inputs//GF19080715
  Trying cycle: 20190807
  WARNING: Missing ipvgrbh file for 201908071500 cycle 20190807 (continuing with pgrbh only)
  Step filtering not needed (single numeric stepRange=3)
  Selected cycle: 20190807
Processing timestep: 201908071600
  Writing /home/lwestern/agage/meteorology/cfsv2/flexpart_inputs//GF19080716
  Trying cycle: 20190807
  WARNING: Missing ipvgrbh file for 201908071600 cycle 20190807 (continuing with pgrbh only)
  Step filtering not needed (single numeric stepRange=4)
  Selected cycle: 20190807
Processing timestep: 201908071700
  Writing /home/lwestern/agage/meteorology/cfsv2/flexpart_inputs//GF19080717
  Trying cycle: 20190807
  Selected cycle: 20190807
Processing timestep: 201908071800
  Writing /home/lwestern/agage/meteorology/cfsv2/flexpart_inputs//GF19080718
  Trying cycle: 20190807
  WARNING: Missing ipvgrbh file for 201908071700 cycle 20190807 (continuing with pgrbh only)
  Step filtering not needed (single numeric stepRange=5)
  WARNING: Missing ipvgrbh file for 201908071800 cycle 20190807 (continuing with pgrbh only)
  Step filtering not needed (single numeric stepRange=6)
  Selected cycle: 20190807
Processing timestep: 201908071900
  Writing /home/lwestern/agage/meteorology/cfsv2/flexpart_inputs//GF19080719
  Trying cycle: 20190807
  WARNING: Missing ipvgrbh file for 201908071900 cycle 20190807 (continuing with pgrbh only)
  Step filtering not needed (single numeric stepRange=1)
  Selected cycle: 20190807
Processing timestep: 201908072000
  Writing /home/lwestern/agage/meteorology/cfsv2/flexpart_inputs//GF19080720
  Trying cycle: 20190807
  WARNING: Missing ipvgrbh file for 201908072000 cycle 20190807 (continuing with pgrbh only)
  Step filtering not needed (single numeric stepRange=2)
  Selected cycle: 20190807
Processing timestep: 201908072100
  Writing /home/lwestern/agage/meteorology/cfsv2/flexpart_inputs//GF19080721
  Trying cycle: 20190807
  WARNING: Missing ipvgrbh file for 201908072100 cycle 20190807 (continuing with pgrbh only)
  Step filtering not needed (single numeric stepRange=3)
  Selected cycle: 20190807
Processing timestep: 201908072200
  Writing /home/lwestern/agage/meteorology/cfsv2/flexpart_inputs//GF19080722
  Trying cycle: 20190807
  WARNING: Missing ipvgrbh file for 201908072200 cycle 20190807 (continuing with pgrbh only)
  Step filtering not needed (single numeric stepRange=4)
  Selected cycle: 20190807
Processing timestep: 201908072300
  Writing /home/lwestern/agage/meteorology/cfsv2/flexpart_inputs//GF19080723
  Trying cycle: 20190807
  WARNING: Missing ipvgrbh file for 201908072300 cycle 20190807 (continuing with pgrbh only)
  Step filtering not needed (single numeric stepRange=5)
  Selected cycle: 20190807
Processing timestep: 201908080000
  Writing /home/lwestern/agage/meteorology/cfsv2/flexpart_inputs//GF19080800
  Trying cycle: 20190807
  WARNING: Missing ipvgrbh file for 201908080000 cycle 20190807 (continuing with pgrbh only)
  Step filtering not needed (single numeric stepRange=6)
  Selected cycle: 20190807
Processing timestep: 201908090100
  Writing /home/lwestern/agage/meteorology/cfsv2/flexpart_inputs//GF19080901
  Trying cycle: 20190809
  Selected cycle: 20190807
Processing timestep: 201908090200
  Writing /home/lwestern/agage/meteorology/cfsv2/flexpart_inputs//GF19080902
  Trying cycle: 20190809
  WARNING: Missing ipvgrbh file for 201908090100 cycle 20190809 (continuing with pgrbh only)
  WARNING: Missing ipvgrbh file for 201908090200 cycle 20190809 (continuing with pgrbh only)
  Step filtering not needed (single numeric stepRange=1)
  Step filtering not needed (single numeric stepRange=2)
  Selected cycle: 20190807
Processing timestep: 201908090300
  Writing /home/lwestern/agage/meteorology/cfsv2/flexpart_inputs//GF19080903
  Trying cycle: 20190809
  WARNING: Missing ipvgrbh file for 201908090300 cycle 20190809 (continuing with pgrbh only)
  Step filtering not needed (single numeric stepRange=3)
  Selected cycle: 20190807
Processing timestep: 201908090400
  Writing /home/lwestern/agage/meteorology/cfsv2/flexpart_inputs//GF19080904
  Trying cycle: 20190809
  WARNING: Missing ipvgrbh file for 201908090400 cycle 20190809 (continuing with pgrbh only)
  Step filtering not needed (single numeric stepRange=4)
  Selected cycle: 20190807
Processing timestep: 201908090500
  Writing /home/lwestern/agage/meteorology/cfsv2/flexpart_inputs//GF19080905
  Trying cycle: 20190809
  WARNING: Missing ipvgrbh file for 201908090500 cycle 20190809 (continuing with pgrbh only)
  Step filtering not needed (single numeric stepRange=5)
  Selected cycle: 20190807
Processing timestep: 201908090600
  Writing /home/lwestern/agage/meteorology/cfsv2/flexpart_inputs//GF19080906
  Trying cycle: 20190809
  WARNING: Missing ipvgrbh file for 201908090600 cycle 20190809 (continuing with pgrbh only)
  Step filtering not needed (single numeric stepRange=6)
  Selected cycle: 20190807
Processing timestep: 201908090700
  Writing /home/lwestern/agage/meteorology/cfsv2/flexpart_inputs//GF19080907
  Trying cycle: 20190809
  WARNING: Missing ipvgrbh file for 201908090700 cycle 20190809 (continuing with pgrbh only)
  Step filtering not needed (single numeric stepRange=1)
  Selected cycle: 20190807
Processing timestep: 201908090800
  Writing /home/lwestern/agage/meteorology/cfsv2/flexpart_inputs//GF19080908
  Trying cycle: 20190809
  WARNING: Missing ipvgrbh file for 201908090800 cycle 20190809 (continuing with pgrbh only)
  Step filtering not needed (single numeric stepRange=2)
  Selected cycle: 20190809
Processing timestep: 201908090900
  Writing /home/lwestern/agage/meteorology/cfsv2/flexpart_inputs//GF19080909
  Trying cycle: 20190809
  WARNING: Missing ipvgrbh file for 201908090900 cycle 20190809 (continuing with pgrbh only)
  Step filtering not needed (single numeric stepRange=3)
  Selected cycle: 20190809
Processing timestep: 201908091000
  Writing /home/lwestern/agage/meteorology/cfsv2/flexpart_inputs//GF19080910
  Trying cycle: 20190809
  WARNING: Missing ipvgrbh file for 201908091000 cycle 20190809 (continuing with pgrbh only)
  Step filtering not needed (single numeric stepRange=4)
  Selected cycle: 20190809
Processing timestep: 201908091100
  Writing /home/lwestern/agage/meteorology/cfsv2/flexpart_inputs//GF19080911
  Trying cycle: 20190809
  WARNING: Missing ipvgrbh file for 201908091100 cycle 20190809 (continuing with pgrbh only)
  Step filtering not needed (single numeric stepRange=5)
  Selected cycle: 20190809
Processing timestep: 201908091200
  Writing /home/lwestern/agage/meteorology/cfsv2/flexpart_inputs//GF19080912
  Trying cycle: 20190809
  WARNING: Missing ipvgrbh file for 201908091200 cycle 20190809 (continuing with pgrbh only)
  Step filtering not needed (single numeric stepRange=6)
  Selected cycle: 20190809
Processing timestep: 201908091300
  Writing /home/lwestern/agage/meteorology/cfsv2/flexpart_inputs//GF19080913
  Trying cycle: 20190809
  WARNING: Missing ipvgrbh file for 201908091300 cycle 20190809 (continuing with pgrbh only)
  Step filtering not needed (single numeric stepRange=1)
  Selected cycle: 20190809
Processing timestep: 201908091400
  Writing /home/lwestern/agage/meteorology/cfsv2/flexpart_inputs//GF19080914
  Trying cycle: 20190809
  WARNING: Missing ipvgrbh file for 201908091400 cycle 20190809 (continuing with pgrbh only)
  Step filtering not needed (single numeric stepRange=2)
  Selected cycle: 20190809
Processing timestep: 201908091500
  Writing /home/lwestern/agage/meteorology/cfsv2/flexpart_inputs//GF19080915
  Trying cycle: 20190809
  WARNING: Missing ipvgrbh file for 201908091500 cycle 20190809 (continuing with pgrbh only)
  Step filtering not needed (single numeric stepRange=3)
  Selected cycle: 20190809
Processing timestep: 201908091600
  Writing /home/lwestern/agage/meteorology/cfsv2/flexpart_inputs//GF19080916
  Trying cycle: 20190809
  Selected cycle: 20190809
Processing timestep: 201908091700
  Writing /home/lwestern/agage/meteorology/cfsv2/flexpart_inputs//GF19080917
  Trying cycle: 20190809
  WARNING: Missing ipvgrbh file for 201908091600 cycle 20190809 (continuing with pgrbh only)
  Step filtering not needed (single numeric stepRange=4)
  Selected cycle: 20190809
Processing timestep: 201908091800
  Writing /home/lwestern/agage/meteorology/cfsv2/flexpart_inputs//GF19080918
  Trying cycle: 20190809
  WARNING: Missing ipvgrbh file for 201908091700 cycle 20190809 (continuing with pgrbh only)
  Step filtering not needed (single numeric stepRange=5)
  WARNING: Missing ipvgrbh file for 201908091800 cycle 20190809 (continuing with pgrbh only)
  Step filtering not needed (single numeric stepRange=6)
  Selected cycle: 20190809
Processing timestep: 201908091900
  Writing /home/lwestern/agage/meteorology/cfsv2/flexpart_inputs//GF19080919
  Trying cycle: 20190809
  WARNING: Missing ipvgrbh file for 201908091900 cycle 20190809 (continuing with pgrbh only)
  Step filtering not needed (single numeric stepRange=1)
  Selected cycle: 20190809
Processing timestep: 201908092000
  Writing /home/lwestern/agage/meteorology/cfsv2/flexpart_inputs//GF19080920
  Trying cycle: 20190809
  WARNING: Missing ipvgrbh file for 201908092000 cycle 20190809 (continuing with pgrbh only)
  Step filtering not needed (single numeric stepRange=2)
  Selected cycle: 20190809
Processing timestep: 201908092100
  Writing /home/lwestern/agage/meteorology/cfsv2/flexpart_inputs//GF19080921
  Trying cycle: 20190809
  WARNING: Missing ipvgrbh file for 201908092100 cycle 20190809 (continuing with pgrbh only)
  Step filtering not needed (single numeric stepRange=3)
  Selected cycle: 20190809
Processing timestep: 201908092200
  Writing /home/lwestern/agage/meteorology/cfsv2/flexpart_inputs//GF19080922
  Trying cycle: 20190809
  WARNING: Missing ipvgrbh file for 201908092200 cycle 20190809 (continuing with pgrbh only)
  Step filtering not needed (single numeric stepRange=4)
  Selected cycle: 20190809
Processing timestep: 201908092300
  Writing /home/lwestern/agage/meteorology/cfsv2/flexpart_inputs//GF19080923
  Trying cycle: 20190809
  WARNING: Missing ipvgrbh file for 201908092300 cycle 20190809 (continuing with pgrbh only)
  Step filtering not needed (single numeric stepRange=5)
  Selected cycle: 20190809
Processing timestep: 201908100000
  Writing /home/lwestern/agage/meteorology/cfsv2/flexpart_inputs//GF19081000
  Trying cycle: 20190809
  WARNING: Missing ipvgrbh file for 201908100000 cycle 20190809 (continuing with pgrbh only)
  Step filtering not needed (single numeric stepRange=6)
  Selected cycle: 20190809
Processing timestep: 201908100100
  Writing /home/lwestern/agage/meteorology/cfsv2/flexpart_inputs//GF19081001
  Trying cycle: 20190810
  Selected cycle: 20190809
Processing timestep: 201908100200
  Writing /home/lwestern/agage/meteorology/cfsv2/flexpart_inputs//GF19081002
  Trying cycle: 20190810
  Step filtering not needed (single numeric stepRange=1)
  Step filtering not needed (single numeric stepRange=2)
  Selected cycle: 20190809
Processing timestep: 201908100300
  Writing /home/lwestern/agage/meteorology/cfsv2/flexpart_inputs//GF19081003
  Trying cycle: 20190810
  Step filtering not needed (single numeric stepRange=3)
  Selected cycle: 20190809
Processing timestep: 201908100400
  Writing /home/lwestern/agage/meteorology/cfsv2/flexpart_inputs//GF19081004
  Trying cycle: 20190810
  Step filtering not needed (single numeric stepRange=4)
  Selected cycle: 20190809
Processing timestep: 201908100500
  Writing /home/lwestern/agage/meteorology/cfsv2/flexpart_inputs//GF19081005
  Trying cycle: 20190810
  Step filtering not needed (single numeric stepRange=5)
  Selected cycle: 20190809
Processing timestep: 201908100600
  Writing /home/lwestern/agage/meteorology/cfsv2/flexpart_inputs//GF19081006
  Trying cycle: 20190810
  Step filtering not needed (single numeric stepRange=6)
  Selected cycle: 20190809
Processing timestep: 201908100700
  Writing /home/lwestern/agage/meteorology/cfsv2/flexpart_inputs//GF19081007
  Trying cycle: 20190810
  Step filtering not needed (single numeric stepRange=1)
  Selected cycle: 20190809
Processing timestep: 201908100800
  Writing /home/lwestern/agage/meteorology/cfsv2/flexpart_inputs//GF19081008
  Trying cycle: 20190810
  Step filtering not needed (single numeric stepRange=2)
  Selected cycle: 20190810
Processing timestep: 201908100900
  Writing /home/lwestern/agage/meteorology/cfsv2/flexpart_inputs//GF19081009
  Trying cycle: 20190810
  Selected cycle: 20190810
Processing timestep: 201908101000
  Writing /home/lwestern/agage/meteorology/cfsv2/flexpart_inputs//GF19081010
  Trying cycle: 20190810
  Step filtering not needed (single numeric stepRange=3)
  Step filtering not needed (single numeric stepRange=4)
  Selected cycle: 20190810
Processing timestep: 201908101100
  Writing /home/lwestern/agage/meteorology/cfsv2/flexpart_inputs//GF19081011
  Trying cycle: 20190810
  Step filtering not needed (single numeric stepRange=5)
  Selected cycle: 20190810
Processing timestep: 201908101200
  Writing /home/lwestern/agage/meteorology/cfsv2/flexpart_inputs//GF19081012
  Trying cycle: 20190810
  Step filtering not needed (single numeric stepRange=6)
  Selected cycle: 20190810
Processing timestep: 201908101300
  Writing /home/lwestern/agage/meteorology/cfsv2/flexpart_inputs//GF19081013
  Trying cycle: 20190810
  Step filtering not needed (single numeric stepRange=1)
  Selected cycle: 20190810
Processing timestep: 201908101400
  Writing /home/lwestern/agage/meteorology/cfsv2/flexpart_inputs//GF19081014
  Trying cycle: 20190810
  Step filtering not needed (single numeric stepRange=2)
  Selected cycle: 20190810
Processing timestep: 201908101500
  Writing /home/lwestern/agage/meteorology/cfsv2/flexpart_inputs//GF19081015
  Trying cycle: 20190810
  Step filtering not needed (single numeric stepRange=3)
  Selected cycle: 20190810
Processing timestep: 201908101600
  Writing /home/lwestern/agage/meteorology/cfsv2/flexpart_inputs//GF19081016
  Trying cycle: 20190810
  Step filtering not needed (single numeric stepRange=4)
  Selected cycle: 20190810
Processing timestep: 201908101700
  Writing /home/lwestern/agage/meteorology/cfsv2/flexpart_inputs//GF19081017
  Trying cycle: 20190810
  Selected cycle: 20190810
Processing timestep: 201908101800
  Writing /home/lwestern/agage/meteorology/cfsv2/flexpart_inputs//GF19081018
  Trying cycle: 20190810
  Selected cycle: 20190810
Processing timestep: 201908101900
  Writing /home/lwestern/agage/meteorology/cfsv2/flexpart_inputs//GF19081019
  Trying cycle: 20190810
  Selected cycle: 20190810
Processing timestep: 201908102000
  Writing /home/lwestern/agage/meteorology/cfsv2/flexpart_inputs//GF19081020
  Step filtering not needed (single numeric stepRange=5)
  Trying cycle: 20190810
  Step filtering not needed (single numeric stepRange=6)
  Step filtering not needed (single numeric stepRange=1)
  Step filtering not needed (single numeric stepRange=2)
  Selected cycle: 20190810
Processing timestep: 201908102100
  Writing /home/lwestern/agage/meteorology/cfsv2/flexpart_inputs//GF19081021
  Trying cycle: 20190810
  Step filtering not needed (single numeric stepRange=3)
  Selected cycle: 20190810
Processing timestep: 201908102200
  Writing /home/lwestern/agage/meteorology/cfsv2/flexpart_inputs//GF19081022
  Trying cycle: 20190810
  Step filtering not needed (single numeric stepRange=4)
  Selected cycle: 20190810
Processing timestep: 201908102300
  Writing /home/lwestern/agage/meteorology/cfsv2/flexpart_inputs//GF19081023
  Trying cycle: 20190810
  Step filtering not needed (single numeric stepRange=5)
  Selected cycle: 20190810
Processing timestep: 201908110000
  Writing /home/lwestern/agage/meteorology/cfsv2/flexpart_inputs//GF19081100
  Trying cycle: 20190810
  Step filtering not needed (single numeric stepRange=6)
  Selected cycle: 20190810
Processing timestep: 201908110100
  Writing /home/lwestern/agage/meteorology/cfsv2/flexpart_inputs//GF19081101
  Trying cycle: 20190811
  Selected cycle: 20190810
Processing timestep: 201908110200
  Writing /home/lwestern/agage/meteorology/cfsv2/flexpart_inputs//GF19081102
  Trying cycle: 20190811
  Step filtering not needed (single numeric stepRange=1)
  Selected cycle: 20190810
Processing timestep: 201908110300
  Writing /home/lwestern/agage/meteorology/cfsv2/flexpart_inputs//GF19081103
  Trying cycle: 20190811
  Selected cycle: 20190810
Processing timestep: 201908110400
  Writing /home/lwestern/agage/meteorology/cfsv2/flexpart_inputs//GF19081104
  Trying cycle: 20190811
  Step filtering not needed (single numeric stepRange=2)
  Step filtering not needed (single numeric stepRange=3)
  Step filtering not needed (single numeric stepRange=4)
  Selected cycle: 20190810
Processing timestep: 201908110500
  Writing /home/lwestern/agage/meteorology/cfsv2/flexpart_inputs//GF19081105
  Trying cycle: 20190811
  Step filtering not needed (single numeric stepRange=5)
  Selected cycle: 20190810
Processing timestep: 201908110600
  Writing /home/lwestern/agage/meteorology/cfsv2/flexpart_inputs//GF19081106
  Trying cycle: 20190811
  Step filtering not needed (single numeric stepRange=6)
  Selected cycle: 20190810
Processing timestep: 201908110700
  Writing /home/lwestern/agage/meteorology/cfsv2/flexpart_inputs//GF19081107
  Trying cycle: 20190811
  Selected cycle: 20190810
Processing timestep: 201908110800
  Writing /home/lwestern/agage/meteorology/cfsv2/flexpart_inputs//GF19081108
  Trying cycle: 20190811
  Step filtering not needed (single numeric stepRange=1)
  Step filtering not needed (single numeric stepRange=2)
  Selected cycle: 20190811
Processing timestep: 201908110900
  Writing /home/lwestern/agage/meteorology/cfsv2/flexpart_inputs//GF19081109
  Trying cycle: 20190811
  Selected cycle: 20190811
Processing timestep: 201908111000
  Writing /home/lwestern/agage/meteorology/cfsv2/flexpart_inputs//GF19081110
  Selected cycle: 20190811
Processing timestep: 201908111100
  Trying cycle: 20190811
  Writing /home/lwestern/agage/meteorology/cfsv2/flexpart_inputs//GF19081111
  Trying cycle: 20190811
  Selected cycle: 20190811
Processing timestep: 201908111200
  Writing /home/lwestern/agage/meteorology/cfsv2/flexpart_inputs//GF19081112
  Trying cycle: 20190811
  Step filtering not needed (single numeric stepRange=3)
  Step filtering not needed (single numeric stepRange=4)
  Step filtering not needed (single numeric stepRange=5)
  Step filtering not needed (single numeric stepRange=6)
  Selected cycle: 20190811
Processing timestep: 201908111300
  Writing /home/lwestern/agage/meteorology/cfsv2/flexpart_inputs//GF19081113
  Trying cycle: 20190811
  Step filtering not needed (single numeric stepRange=1)
  Selected cycle: 20190811
Processing timestep: 201908111400
  Writing /home/lwestern/agage/meteorology/cfsv2/flexpart_inputs//GF19081114
  Trying cycle: 20190811
  Step filtering not needed (single numeric stepRange=2)
  Selected cycle: 20190811
Processing timestep: 201908111500
  Writing /home/lwestern/agage/meteorology/cfsv2/flexpart_inputs//GF19081115
  Trying cycle: 20190811
  Selected cycle: 20190811
Processing timestep: 201908111600
  Writing /home/lwestern/agage/meteorology/cfsv2/flexpart_inputs//GF19081116
  Trying cycle: 20190811
  Step filtering not needed (single numeric stepRange=3)
  Step filtering not needed (single numeric stepRange=4)
  Selected cycle: 20190811
Processing timestep: 201908111700
  Writing /home/lwestern/agage/meteorology/cfsv2/flexpart_inputs//GF19081117
  Trying cycle: 20190811
  Selected cycle: 20190811
Processing timestep: 201908111800
  Writing /home/lwestern/agage/meteorology/cfsv2/flexpart_inputs//GF19081118
  Trying cycle: 20190811
  Selected cycle: 20190811
Processing timestep: 201908111900
  Writing /home/lwestern/agage/meteorology/cfsv2/flexpart_inputs//GF19081119
  Trying cycle: 20190811
  Selected cycle: 20190811
Processing timestep: 201908112000
  Writing /home/lwestern/agage/meteorology/cfsv2/flexpart_inputs//GF19081120
  Trying cycle: 20190811
  Step filtering not needed (single numeric stepRange=5)
  Step filtering not needed (single numeric stepRange=6)
  Step filtering not needed (single numeric stepRange=1)
  Step filtering not needed (single numeric stepRange=2)
  Selected cycle: 20190811
Processing timestep: 201908112100
  Writing /home/lwestern/agage/meteorology/cfsv2/flexpart_inputs//GF19081121
  Trying cycle: 20190811
  Step filtering not needed (single numeric stepRange=3)
  Selected cycle: 20190811
Processing timestep: 201908112200
  Writing /home/lwestern/agage/meteorology/cfsv2/flexpart_inputs//GF19081122
  Trying cycle: 20190811
  Step filtering not needed (single numeric stepRange=4)
  Selected cycle: 20190811
Processing timestep: 201908112300
  Writing /home/lwestern/agage/meteorology/cfsv2/flexpart_inputs//GF19081123
  Trying cycle: 20190811
  Selected cycle: 20190811
Processing timestep: 201908120000
  Writing /home/lwestern/agage/meteorology/cfsv2/flexpart_inputs//GF19081200
  Trying cycle: 20190811
  Step filtering not needed (single numeric stepRange=5)
  Step filtering not needed (single numeric stepRange=6)
  Selected cycle: 20190811
Processing timestep: 201908120100
  Writing /home/lwestern/agage/meteorology/cfsv2/flexpart_inputs//GF19081201
  Trying cycle: 20190812
  Selected cycle: 20190811
Processing timestep: 201908120200
  Writing /home/lwestern/agage/meteorology/cfsv2/flexpart_inputs//GF19081202
  Trying cycle: 20190812
  WARNING: Missing ipvgrbh file for 201908120100 cycle 20190812 (continuing with pgrbh only)
  Step filtering not needed (single numeric stepRange=1)
  Selected cycle: 20190811
Processing timestep: 201908120300
  Writing /home/lwestern/agage/meteorology/cfsv2/flexpart_inputs//GF19081203
  Selected cycle: 20190811
Processing timestep: 201908120400
  Trying cycle: 20190812
  Writing /home/lwestern/agage/meteorology/cfsv2/flexpart_inputs//GF19081204
  Trying cycle: 20190812
  WARNING: Missing ipvgrbh file for 201908120200 cycle 20190812 (continuing with pgrbh only)
  Step filtering not needed (single numeric stepRange=2)
  WARNING: Missing ipvgrbh file for 201908120300 cycle 20190812 (continuing with pgrbh only)
  WARNING: Missing ipvgrbh file for 201908120400 cycle 20190812 (continuing with pgrbh only)
  Step filtering not needed (single numeric stepRange=3)
  Step filtering not needed (single numeric stepRange=4)
  Selected cycle: 20190811
Processing timestep: 201908120500
  Writing /home/lwestern/agage/meteorology/cfsv2/flexpart_inputs//GF19081205
  Trying cycle: 20190812
  WARNING: Missing ipvgrbh file for 201908120500 cycle 20190812 (continuing with pgrbh only)
  Step filtering not needed (single numeric stepRange=5)
  Selected cycle: 20190811
Processing timestep: 201908120600
  Writing /home/lwestern/agage/meteorology/cfsv2/flexpart_inputs//GF19081206
  Trying cycle: 20190812
  WARNING: Missing ipvgrbh file for 201908120600 cycle 20190812 (continuing with pgrbh only)
  Step filtering not needed (single numeric stepRange=6)
  Selected cycle: 20190811
Processing timestep: 201908120700
  Writing /home/lwestern/agage/meteorology/cfsv2/flexpart_inputs//GF19081207
  Trying cycle: 20190812
  Selected cycle: 20190811
Processing timestep: 201908120800
  Writing /home/lwestern/agage/meteorology/cfsv2/flexpart_inputs//GF19081208
  Trying cycle: 20190812
  WARNING: Missing ipvgrbh file for 201908120700 cycle 20190812 (continuing with pgrbh only)
  Step filtering not needed (single numeric stepRange=1)
  WARNING: Missing ipvgrbh file for 201908120800 cycle 20190812 (continuing with pgrbh only)
  Step filtering not needed (single numeric stepRange=2)
  Selected cycle: 20190812
Processing timestep: 201908120900
  Writing /home/lwestern/agage/meteorology/cfsv2/flexpart_inputs//GF19081209
  Trying cycle: 20190812
  Selected cycle: 20190812
Processing timestep: 201908121000
  Selected cycle: 20190812
Processing timestep: 201908121100
  Writing /home/lwestern/agage/meteorology/cfsv2/flexpart_inputs//GF19081210
  Trying cycle: 20190812
  Writing /home/lwestern/agage/meteorology/cfsv2/flexpart_inputs//GF19081211
  Trying cycle: 20190812
  Selected cycle: 20190812
Processing timestep: 201908121200
  WARNING: Missing ipvgrbh file for 201908120900 cycle 20190812 (continuing with pgrbh only)
  Writing /home/lwestern/agage/meteorology/cfsv2/flexpart_inputs//GF19081212
  Step filtering not needed (single numeric stepRange=3)
  Trying cycle: 20190812
  Selected cycle: 20190812
Processing timestep: 201908121300
  Writing /home/lwestern/agage/meteorology/cfsv2/flexpart_inputs//GF19081213
  Trying cycle: 20190812
  WARNING: Missing ipvgrbh file for 201908121000 cycle 20190812 (continuing with pgrbh only)
  WARNING: Missing ipvgrbh file for 201908121100 cycle 20190812 (continuing with pgrbh only)
  Step filtering not needed (single numeric stepRange=4)
  Step filtering not needed (single numeric stepRange=5)
  Selected cycle: 20190812
Processing timestep: 201908121400
  Writing /home/lwestern/agage/meteorology/cfsv2/flexpart_inputs//GF19081214
  Trying cycle: 20190812
  WARNING: Missing ipvgrbh file for 201908121200 cycle 20190812 (continuing with pgrbh only)
  Step filtering not needed (single numeric stepRange=6)
  WARNING: Missing ipvgrbh file for 201908121300 cycle 20190812 (continuing with pgrbh only)
  Step filtering not needed (single numeric stepRange=1)
  WARNING: Missing ipvgrbh file for 201908121400 cycle 20190812 (continuing with pgrbh only)
  Step filtering not needed (single numeric stepRange=2)
  Selected cycle: 20190812
Processing timestep: 201908121500
  Writing /home/lwestern/agage/meteorology/cfsv2/flexpart_inputs//GF19081215
  Trying cycle: 20190812
  Selected cycle: 20190812
Processing timestep: 201908121600
  Writing /home/lwestern/agage/meteorology/cfsv2/flexpart_inputs//GF19081216
  Trying cycle: 20190812
  WARNING: Missing ipvgrbh file for 201908121500 cycle 20190812 (continuing with pgrbh only)
  WARNING: Missing ipvgrbh file for 201908121600 cycle 20190812 (continuing with pgrbh only)
  Step filtering not needed (single numeric stepRange=3)
  Step filtering not needed (single numeric stepRange=4)
  Selected cycle: 20190812
Processing timestep: 201908121700
  Writing /home/lwestern/agage/meteorology/cfsv2/flexpart_inputs//GF19081217
  Trying cycle: 20190812
  Selected cycle: 20190812
Processing timestep: 201908121800
  Writing /home/lwestern/agage/meteorology/cfsv2/flexpart_inputs//GF19081218
  Trying cycle: 20190812
  WARNING: Missing ipvgrbh file for 201908121700 cycle 20190812 (continuing with pgrbh only)
  Step filtering not needed (single numeric stepRange=5)
  Selected cycle: 20190812
Processing timestep: 201908121900
  Writing /home/lwestern/agage/meteorology/cfsv2/flexpart_inputs//GF19081219
  Trying cycle: 20190812
  WARNING: Missing ipvgrbh file for 201908121800 cycle 20190812 (continuing with pgrbh only)
  Selected cycle: 20190812
Processing timestep: 201908122000
  Step filtering not needed (single numeric stepRange=6)
  Writing /home/lwestern/agage/meteorology/cfsv2/flexpart_inputs//GF19081220
  Trying cycle: 20190812
  Selected cycle: 20190812
Processing timestep: 201908122100
  Writing /home/lwestern/agage/meteorology/cfsv2/flexpart_inputs//GF19081221
  Trying cycle: 20190812
  Selected cycle: 20190812
Processing timestep: 201908122200
  Writing /home/lwestern/agage/meteorology/cfsv2/flexpart_inputs//GF19081222
  Trying cycle: 20190812
  WARNING: Missing ipvgrbh file for 201908121900 cycle 20190812 (continuing with pgrbh only)
  Step filtering not needed (single numeric stepRange=1)
  WARNING: Missing ipvgrbh file for 201908122000 cycle 20190812 (continuing with pgrbh only)
  Step filtering not needed (single numeric stepRange=2)
  WARNING: Missing ipvgrbh file for 201908122100 cycle 20190812 (continuing with pgrbh only)
  WARNING: Missing ipvgrbh file for 201908122200 cycle 20190812 (continuing with pgrbh only)
  Step filtering not needed (single numeric stepRange=3)
  Step filtering not needed (single numeric stepRange=4)
  Selected cycle: 20190812
Processing timestep: 201908122300
  Writing /home/lwestern/agage/meteorology/cfsv2/flexpart_inputs//GF19081223
  Trying cycle: 20190812
  WARNING: Missing ipvgrbh file for 201908122300 cycle 20190812 (continuing with pgrbh only)
  Step filtering not needed (single numeric stepRange=5)
  Selected cycle: 20190812
Processing timestep: 201908130000
  Writing /home/lwestern/agage/meteorology/cfsv2/flexpart_inputs//GF19081300
  Trying cycle: 20190812
  WARNING: Missing ipvgrbh file for 201908130000 cycle 20190812 (continuing with pgrbh only)
  Step filtering not needed (single numeric stepRange=6)
  Selected cycle: 20190812
Processing timestep: 201908130100
  Writing /home/lwestern/agage/meteorology/cfsv2/flexpart_inputs//GF19081301
  Trying cycle: 20190813
  WARNING: Missing ipvgrbh file for 201908130100 cycle 20190813 (continuing with pgrbh only)
  Step filtering not needed (single numeric stepRange=1)
  Selected cycle: 20190812
Processing timestep: 201908130200
  Writing /home/lwestern/agage/meteorology/cfsv2/flexpart_inputs//GF19081302
  Trying cycle: 20190813
  WARNING: Missing ipvgrbh file for 201908130200 cycle 20190813 (continuing with pgrbh only)
  Step filtering not needed (single numeric stepRange=2)
  Selected cycle: 20190812
Processing timestep: 201908130300
  Writing /home/lwestern/agage/meteorology/cfsv2/flexpart_inputs//GF19081303
  Trying cycle: 20190813
  Selected cycle: 20190812
Processing timestep: 201908130400
  Writing /home/lwestern/agage/meteorology/cfsv2/flexpart_inputs//GF19081304
  Trying cycle: 20190813
  WARNING: Missing ipvgrbh file for 201908130400 cycle 20190813 (continuing with pgrbh only)
  WARNING: Missing ipvgrbh file for 201908130300 cycle 20190813 (continuing with pgrbh only)
  Step filtering not needed (single numeric stepRange=4)
  Step filtering not needed (single numeric stepRange=3)
  Selected cycle: 20190812
Processing timestep: 201908130500
  Writing /home/lwestern/agage/meteorology/cfsv2/flexpart_inputs//GF19081305
  Trying cycle: 20190813
  WARNING: Missing ipvgrbh file for 201908130500 cycle 20190813 (continuing with pgrbh only)
  Step filtering not needed (single numeric stepRange=5)
  Selected cycle: 20190812
Processing timestep: 201908130600
  Writing /home/lwestern/agage/meteorology/cfsv2/flexpart_inputs//GF19081306
  Trying cycle: 20190813
  WARNING: Missing ipvgrbh file for 201908130600 cycle 20190813 (continuing with pgrbh only)
  Step filtering not needed (single numeric stepRange=6)
  Selected cycle: 20190812
Processing timestep: 201908130700
  Writing /home/lwestern/agage/meteorology/cfsv2/flexpart_inputs//GF19081307
  Trying cycle: 20190813
  WARNING: Missing ipvgrbh file for 201908130700 cycle 20190813 (continuing with pgrbh only)
  Step filtering not needed (single numeric stepRange=1)
  Selected cycle: 20190812
Processing timestep: 201908130800
  Writing /home/lwestern/agage/meteorology/cfsv2/flexpart_inputs//GF19081308
  Trying cycle: 20190813
  WARNING: Missing ipvgrbh file for 201908130800 cycle 20190813 (continuing with pgrbh only)
  Step filtering not needed (single numeric stepRange=2)
  Selected cycle: 20190813
Processing timestep: 201908130900
  Writing /home/lwestern/agage/meteorology/cfsv2/flexpart_inputs//GF19081309
  Trying cycle: 20190813
  WARNING: Missing ipvgrbh file for 201908130900 cycle 20190813 (continuing with pgrbh only)
  Step filtering not needed (single numeric stepRange=3)
  Selected cycle: 20190813
Processing timestep: 201908131000
  Writing /home/lwestern/agage/meteorology/cfsv2/flexpart_inputs//GF19081310
  Trying cycle: 20190813
  WARNING: Missing ipvgrbh file for 201908131000 cycle 20190813 (continuing with pgrbh only)
  Step filtering not needed (single numeric stepRange=4)
  Selected cycle: 20190813
Processing timestep: 201908131100
  Writing /home/lwestern/agage/meteorology/cfsv2/flexpart_inputs//GF19081311
  Trying cycle: 20190813
  WARNING: Missing ipvgrbh file for 201908131100 cycle 20190813 (continuing with pgrbh only)
  Step filtering not needed (single numeric stepRange=5)
  Selected cycle: 20190813
Processing timestep: 201908131200
  Writing /home/lwestern/agage/meteorology/cfsv2/flexpart_inputs//GF19081312
  Trying cycle: 20190813
  Selected cycle: 20190813
Processing timestep: 201908131300
  Writing /home/lwestern/agage/meteorology/cfsv2/flexpart_inputs//GF19081313
  Selected cycle: 20190813
  Trying cycle: 20190813
Processing timestep: 201908131400
  Writing /home/lwestern/agage/meteorology/cfsv2/flexpart_inputs//GF19081314
  Trying cycle: 20190813
  WARNING: Missing ipvgrbh file for 201908131200 cycle 20190813 (continuing with pgrbh only)
  WARNING: Missing ipvgrbh file for 201908131300 cycle 20190813 (continuing with pgrbh only)
  WARNING: Missing ipvgrbh file for 201908131400 cycle 20190813 (continuing with pgrbh only)
  Step filtering not needed (single numeric stepRange=6)
  Step filtering not needed (single numeric stepRange=1)
  Step filtering not needed (single numeric stepRange=2)
  Selected cycle: 20190813
Processing timestep: 201908131500
  Writing /home/lwestern/agage/meteorology/cfsv2/flexpart_inputs//GF19081315
  Trying cycle: 20190813
  WARNING: Missing ipvgrbh file for 201908131500 cycle 20190813 (continuing with pgrbh only)
  Step filtering not needed (single numeric stepRange=3)
  Selected cycle: 20190813
Processing timestep: 201908131600
  Writing /home/lwestern/agage/meteorology/cfsv2/flexpart_inputs//GF19081316
  Trying cycle: 20190813
  WARNING: Missing ipvgrbh file for 201908131600 cycle 20190813 (continuing with pgrbh only)
  Step filtering not needed (single numeric stepRange=4)
  Selected cycle: 20190813
Processing timestep: 201908131700
  Writing /home/lwestern/agage/meteorology/cfsv2/flexpart_inputs//GF19081317
  Trying cycle: 20190813
  WARNING: Missing ipvgrbh file for 201908131700 cycle 20190813 (continuing with pgrbh only)
  Step filtering not needed (single numeric stepRange=5)
  Selected cycle: 20190813
Processing timestep: 201908131800
  Writing /home/lwestern/agage/meteorology/cfsv2/flexpart_inputs//GF19081318
  Trying cycle: 20190813
  WARNING: Missing ipvgrbh file for 201908131800 cycle 20190813 (continuing with pgrbh only)
  Step filtering not needed (single numeric stepRange=6)
  Selected cycle: 20190813
Processing timestep: 201908131900
  Writing /home/lwestern/agage/meteorology/cfsv2/flexpart_inputs//GF19081319
  Trying cycle: 20190813
  WARNING: Missing ipvgrbh file for 201908131900 cycle 20190813 (continuing with pgrbh only)
  Step filtering not needed (single numeric stepRange=1)
  Selected cycle: 20190813
Processing timestep: 201908132000
  Writing /home/lwestern/agage/meteorology/cfsv2/flexpart_inputs//GF19081320
  Trying cycle: 20190813
  Selected cycle: 20190813
Processing timestep: 201908132100
  Writing /home/lwestern/agage/meteorology/cfsv2/flexpart_inputs//GF19081321
  Trying cycle: 20190813
  Selected cycle: 20190813
Processing timestep: 201908132200
  Writing /home/lwestern/agage/meteorology/cfsv2/flexpart_inputs//GF19081322
  Trying cycle: 20190813
  WARNING: Missing ipvgrbh file for 201908132000 cycle 20190813 (continuing with pgrbh only)
  Step filtering not needed (single numeric stepRange=2)
  WARNING: Missing ipvgrbh file for 201908132100 cycle 20190813 (continuing with pgrbh only)
  WARNING: Missing ipvgrbh file for 201908132200 cycle 20190813 (continuing with pgrbh only)
  Step filtering not needed (single numeric stepRange=3)
  Step filtering not needed (single numeric stepRange=4)
  Selected cycle: 20190813
Processing timestep: 201908132300
  Writing /home/lwestern/agage/meteorology/cfsv2/flexpart_inputs//GF19081323
  Trying cycle: 20190813
  WARNING: Missing ipvgrbh file for 201908132300 cycle 20190813 (continuing with pgrbh only)
  Step filtering not needed (single numeric stepRange=5)
  Selected cycle: 20190813
Processing timestep: 201908140000
  Writing /home/lwestern/agage/meteorology/cfsv2/flexpart_inputs//GF19081400
  Trying cycle: 20190813
  WARNING: Missing ipvgrbh file for 201908140000 cycle 20190813 (continuing with pgrbh only)
  Step filtering not needed (single numeric stepRange=6)
  Selected cycle: 20190813
Processing timestep: 201908170100
  Writing /home/lwestern/agage/meteorology/cfsv2/flexpart_inputs//GF19081701
  Trying cycle: 20190817
  Selected cycle: 20190813
Processing timestep: 201908170200
  Writing /home/lwestern/agage/meteorology/cfsv2/flexpart_inputs//GF19081702
  Trying cycle: 20190817
  WARNING: Missing ipvgrbh file for 201908170100 cycle 20190817 (continuing with pgrbh only)
  Step filtering not needed (single numeric stepRange=1)
  WARNING: Missing ipvgrbh file for 201908170200 cycle 20190817 (continuing with pgrbh only)
  Step filtering not needed (single numeric stepRange=2)
  Selected cycle: 20190813
Processing timestep: 201908170300
  Writing /home/lwestern/agage/meteorology/cfsv2/flexpart_inputs//GF19081703
  Trying cycle: 20190817
  WARNING: Missing ipvgrbh file for 201908170300 cycle 20190817 (continuing with pgrbh only)
  Step filtering not needed (single numeric stepRange=3)
  Selected cycle: 20190813
Processing timestep: 201908170400
  Writing /home/lwestern/agage/meteorology/cfsv2/flexpart_inputs//GF19081704
  Trying cycle: 20190817
  WARNING: Missing ipvgrbh file for 201908170400 cycle 20190817 (continuing with pgrbh only)
  Step filtering not needed (single numeric stepRange=4)
  Selected cycle: 20190813
Processing timestep: 201908170500
  Writing /home/lwestern/agage/meteorology/cfsv2/flexpart_inputs//GF19081705
  Trying cycle: 20190817
  WARNING: Missing ipvgrbh file for 201908170500 cycle 20190817 (continuing with pgrbh only)
  Step filtering not needed (single numeric stepRange=5)
  Selected cycle: 20190813
Processing timestep: 201908170600
  Writing /home/lwestern/agage/meteorology/cfsv2/flexpart_inputs//GF19081706
  Trying cycle: 20190817
  WARNING: Missing ipvgrbh file for 201908170600 cycle 20190817 (continuing with pgrbh only)
  Step filtering not needed (single numeric stepRange=6)
  Selected cycle: 20190813
Processing timestep: 201908170700
  Writing /home/lwestern/agage/meteorology/cfsv2/flexpart_inputs//GF19081707
  Trying cycle: 20190817
  WARNING: Missing ipvgrbh file for 201908170700 cycle 20190817 (continuing with pgrbh only)
  Step filtering not needed (single numeric stepRange=1)
  Selected cycle: 20190813
Processing timestep: 201908170800
  Writing /home/lwestern/agage/meteorology/cfsv2/flexpart_inputs//GF19081708
  Trying cycle: 20190817
  WARNING: Missing ipvgrbh file for 201908170800 cycle 20190817 (continuing with pgrbh only)
  Step filtering not needed (single numeric stepRange=2)
  Selected cycle: 20190817
Processing timestep: 201908170900
  Writing /home/lwestern/agage/meteorology/cfsv2/flexpart_inputs//GF19081709
  Trying cycle: 20190817
  Selected cycle: 20190817
Processing timestep: 201908171000
  Writing /home/lwestern/agage/meteorology/cfsv2/flexpart_inputs//GF19081710
  Trying cycle: 20190817
  WARNING: Missing ipvgrbh file for 201908170900 cycle 20190817 (continuing with pgrbh only)
  WARNING: Missing ipvgrbh file for 201908171000 cycle 20190817 (continuing with pgrbh only)
  Step filtering not needed (single numeric stepRange=3)
  Step filtering not needed (single numeric stepRange=4)
  Selected cycle: 20190817
Processing timestep: 201908171100
  Writing /home/lwestern/agage/meteorology/cfsv2/flexpart_inputs//GF19081711
  Trying cycle: 20190817
  WARNING: Missing ipvgrbh file for 201908171100 cycle 20190817 (continuing with pgrbh only)
  Step filtering not needed (single numeric stepRange=5)
  Selected cycle: 20190817
Processing timestep: 201908171200
  Writing /home/lwestern/agage/meteorology/cfsv2/flexpart_inputs//GF19081712
  Trying cycle: 20190817
  WARNING: Missing ipvgrbh file for 201908171200 cycle 20190817 (continuing with pgrbh only)
  Step filtering not needed (single numeric stepRange=6)
  Selected cycle: 20190817
Processing timestep: 201908171300
  Writing /home/lwestern/agage/meteorology/cfsv2/flexpart_inputs//GF19081713
  Trying cycle: 20190817
  WARNING: Missing ipvgrbh file for 201908171300 cycle 20190817 (continuing with pgrbh only)
  Step filtering not needed (single numeric stepRange=1)
  Selected cycle: 20190817
  Selected cycle: 20190817
Processing timestep: 201908171400
Processing timestep: 201908171500
  Writing /home/lwestern/agage/meteorology/cfsv2/flexpart_inputs//GF19081714
  Trying cycle: 20190817
  WARNING: Missing ipvgrbh file for 201908171400 cycle 20190817 (continuing with pgrbh only)
  Selected cycle: 20190817
Processing timestep: 201908171600
  Writing /home/lwestern/agage/meteorology/cfsv2/flexpart_inputs//GF19081716
  Trying cycle: 20190817
  Writing /home/lwestern/agage/meteorology/cfsv2/flexpart_inputs//GF19081715
  Trying cycle: 20190817
  Step filtering not needed (single numeric stepRange=2)
  WARNING: Missing ipvgrbh file for 201908171600 cycle 20190817 (continuing with pgrbh only)
  WARNING: Missing ipvgrbh file for 201908171500 cycle 20190817 (continuing with pgrbh only)
  Step filtering not needed (single numeric stepRange=4)
  Step filtering not needed (single numeric stepRange=3)
  Selected cycle: 20190817
Processing timestep: 201908171700
  Writing /home/lwestern/agage/meteorology/cfsv2/flexpart_inputs//GF19081717
  Trying cycle: 20190817
  Selected cycle: 20190817
Processing timestep: 201908171800
  WARNING: Missing ipvgrbh file for 201908171700 cycle 20190817 (continuing with pgrbh only)
  Writing /home/lwestern/agage/meteorology/cfsv2/flexpart_inputs//GF19081718
  Trying cycle: 20190817
  Selected cycle: 20190817
Processing timestep: 201908171900
  Writing /home/lwestern/agage/meteorology/cfsv2/flexpart_inputs//GF19081719
  Step filtering not needed (single numeric stepRange=5)
  Trying cycle: 20190817
  WARNING: Missing ipvgrbh file for 201908171800 cycle 20190817 (continuing with pgrbh only)
  WARNING: Missing ipvgrbh file for 201908171900 cycle 20190817 (continuing with pgrbh only)
  Step filtering not needed (single numeric stepRange=6)
  Step filtering not needed (single numeric stepRange=1)
  Selected cycle: 20190817
Processing timestep: 201908172000
  Writing /home/lwestern/agage/meteorology/cfsv2/flexpart_inputs//GF19081720
  Trying cycle: 20190817
  WARNING: Missing ipvgrbh file for 201908172000 cycle 20190817 (continuing with pgrbh only)
  Step filtering not needed (single numeric stepRange=2)
  Selected cycle: 20190817
Processing timestep: 201908172100
  Writing /home/lwestern/agage/meteorology/cfsv2/flexpart_inputs//GF19081721
  Trying cycle: 20190817
  WARNING: Missing ipvgrbh file for 201908172100 cycle 20190817 (continuing with pgrbh only)
  Step filtering not needed (single numeric stepRange=3)
  Selected cycle: 20190817
Processing timestep: 201908172200
  Writing /home/lwestern/agage/meteorology/cfsv2/flexpart_inputs//GF19081722
  Trying cycle: 20190817
  Selected cycle: 20190817
Processing timestep: 201908172300
  Writing /home/lwestern/agage/meteorology/cfsv2/flexpart_inputs//GF19081723
  WARNING: Missing ipvgrbh file for 201908172200 cycle 20190817 (continuing with pgrbh only)
  Trying cycle: 20190817
  Step filtering not needed (single numeric stepRange=4)
  Selected cycle: 20190817
Processing timestep: 201908180000
  Writing /home/lwestern/agage/meteorology/cfsv2/flexpart_inputs//GF19081800
  Trying cycle: 20190817
  WARNING: Missing ipvgrbh file for 201908172300 cycle 20190817 (continuing with pgrbh only)
  Step filtering not needed (single numeric stepRange=5)
  WARNING: Missing ipvgrbh file for 201908180000 cycle 20190817 (continuing with pgrbh only)
  Step filtering not needed (single numeric stepRange=6)
  Selected cycle: 20190817
Processing timestep: 201908210100
  Writing /home/lwestern/agage/meteorology/cfsv2/flexpart_inputs//GF19082101
  Trying cycle: 20190821
  Selected cycle: 20190817
Processing timestep: 201908210200
  Writing /home/lwestern/agage/meteorology/cfsv2/flexpart_inputs//GF19082102
  Trying cycle: 20190821
  WARNING: Missing ipvgrbh file for 201908210100 cycle 20190821 (continuing with pgrbh only)
  Step filtering not needed (single numeric stepRange=1)
  WARNING: Missing ipvgrbh file for 201908210200 cycle 20190821 (continuing with pgrbh only)
  Step filtering not needed (single numeric stepRange=2)
  Selected cycle: 20190817
Processing timestep: 201908210300
  Writing /home/lwestern/agage/meteorology/cfsv2/flexpart_inputs//GF19082103
  Trying cycle: 20190821
  WARNING: Missing ipvgrbh file for 201908210300 cycle 20190821 (continuing with pgrbh only)
  Step filtering not needed (single numeric stepRange=3)
  Selected cycle: 20190817
Processing timestep: 201908210400
  Writing /home/lwestern/agage/meteorology/cfsv2/flexpart_inputs//GF19082104
  Trying cycle: 20190821
  WARNING: Missing ipvgrbh file for 201908210400 cycle 20190821 (continuing with pgrbh only)
  Step filtering not needed (single numeric stepRange=4)
  Selected cycle: 20190817
Processing timestep: 201908210500
  Writing /home/lwestern/agage/meteorology/cfsv2/flexpart_inputs//GF19082105
  Trying cycle: 20190821
  WARNING: Missing ipvgrbh file for 201908210500 cycle 20190821 (continuing with pgrbh only)
  Step filtering not needed (single numeric stepRange=5)
  Selected cycle: 20190817
Processing timestep: 201908210600
  Writing /home/lwestern/agage/meteorology/cfsv2/flexpart_inputs//GF19082106
  Trying cycle: 20190821
  Selected cycle: 20190817
Processing timestep: 201908210700
  Writing /home/lwestern/agage/meteorology/cfsv2/flexpart_inputs//GF19082107
  Trying cycle: 20190821
  WARNING: Missing ipvgrbh file for 201908210600 cycle 20190821 (continuing with pgrbh only)
  Step filtering not needed (single numeric stepRange=6)
  WARNING: Missing ipvgrbh file for 201908210700 cycle 20190821 (continuing with pgrbh only)
  Selected cycle: 20190817
Processing timestep: 201908210800
  Writing /home/lwestern/agage/meteorology/cfsv2/flexpart_inputs//GF19082108
  Trying cycle: 20190821
  Step filtering not needed (single numeric stepRange=1)
  WARNING: Missing ipvgrbh file for 201908210800 cycle 20190821 (continuing with pgrbh only)
  Step filtering not needed (single numeric stepRange=2)
  Selected cycle: 20190821
Processing timestep: 201908210900
  Writing /home/lwestern/agage/meteorology/cfsv2/flexpart_inputs//GF19082109
  Trying cycle: 20190821
  WARNING: Missing ipvgrbh file for 201908210900 cycle 20190821 (continuing with pgrbh only)
  Step filtering not needed (single numeric stepRange=3)
  Selected cycle: 20190821
Processing timestep: 201908211000
  Writing /home/lwestern/agage/meteorology/cfsv2/flexpart_inputs//GF19082110
  Trying cycle: 20190821
  WARNING: Missing ipvgrbh file for 201908211000 cycle 20190821 (continuing with pgrbh only)
  Step filtering not needed (single numeric stepRange=4)
  Selected cycle: 20190821
Processing timestep: 201908211100
  Writing /home/lwestern/agage/meteorology/cfsv2/flexpart_inputs//GF19082111
  Trying cycle: 20190821
  WARNING: Missing ipvgrbh file for 201908211100 cycle 20190821 (continuing with pgrbh only)
  Step filtering not needed (single numeric stepRange=5)
  Selected cycle: 20190821
Processing timestep: 201908211200
  Writing /home/lwestern/agage/meteorology/cfsv2/flexpart_inputs//GF19082112
  Trying cycle: 20190821
  WARNING: Missing ipvgrbh file for 201908211200 cycle 20190821 (continuing with pgrbh only)
  Step filtering not needed (single numeric stepRange=6)
  Selected cycle: 20190821
Processing timestep: 201908211300
  Writing /home/lwestern/agage/meteorology/cfsv2/flexpart_inputs//GF19082113
  Trying cycle: 20190821
  WARNING: Missing ipvgrbh file for 201908211300 cycle 20190821 (continuing with pgrbh only)
  Step filtering not needed (single numeric stepRange=1)
  Selected cycle: 20190821
Processing timestep: 201908211400
  Writing /home/lwestern/agage/meteorology/cfsv2/flexpart_inputs//GF19082114
  Trying cycle: 20190821
  WARNING: Missing ipvgrbh file for 201908211400 cycle 20190821 (continuing with pgrbh only)
  Step filtering not needed (single numeric stepRange=2)
  Selected cycle: 20190821
Processing timestep: 201908211500
  Writing /home/lwestern/agage/meteorology/cfsv2/flexpart_inputs//GF19082115
  Trying cycle: 20190821
  Selected cycle: 20190821
Processing timestep: 201908211600
  Writing /home/lwestern/agage/meteorology/cfsv2/flexpart_inputs//GF19082116
  Trying cycle: 20190821
  WARNING: Missing ipvgrbh file for 201908211500 cycle 20190821 (continuing with pgrbh only)
  Step filtering not needed (single numeric stepRange=3)
  WARNING: Missing ipvgrbh file for 201908211600 cycle 20190821 (continuing with pgrbh only)
  Step filtering not needed (single numeric stepRange=4)
  Selected cycle: 20190821
Processing timestep: 201908211700
  Writing /home/lwestern/agage/meteorology/cfsv2/flexpart_inputs//GF19082117
  Trying cycle: 20190821
  WARNING: Missing ipvgrbh file for 201908211700 cycle 20190821 (continuing with pgrbh only)
  Step filtering not needed (single numeric stepRange=5)
  Selected cycle: 20190821
Processing timestep: 201908211800
  Writing /home/lwestern/agage/meteorology/cfsv2/flexpart_inputs//GF19082118
  Trying cycle: 20190821
  WARNING: Missing ipvgrbh file for 201908211800 cycle 20190821 (continuing with pgrbh only)
  Step filtering not needed (single numeric stepRange=6)
  Selected cycle: 20190821
Processing timestep: 201908211900
  Writing /home/lwestern/agage/meteorology/cfsv2/flexpart_inputs//GF19082119
  Trying cycle: 20190821
  Selected cycle: 20190821
Processing timestep: 201908212000
  Writing /home/lwestern/agage/meteorology/cfsv2/flexpart_inputs//GF19082120
  Trying cycle: 20190821
  WARNING: Missing ipvgrbh file for 201908211900 cycle 20190821 (continuing with pgrbh only)
  Step filtering not needed (single numeric stepRange=1)
  WARNING: Missing ipvgrbh file for 201908212000 cycle 20190821 (continuing with pgrbh only)
  Step filtering not needed (single numeric stepRange=2)
  Selected cycle: 20190821
Processing timestep: 201908212100
  Writing /home/lwestern/agage/meteorology/cfsv2/flexpart_inputs//GF19082121
  Trying cycle: 20190821
  WARNING: Missing ipvgrbh file for 201908212100 cycle 20190821 (continuing with pgrbh only)
  Step filtering not needed (single numeric stepRange=3)
  Selected cycle: 20190821
Processing timestep: 201908212200
  Writing /home/lwestern/agage/meteorology/cfsv2/flexpart_inputs//GF19082122
  Trying cycle: 20190821
  WARNING: Missing ipvgrbh file for 201908212200 cycle 20190821 (continuing with pgrbh only)
  Step filtering not needed (single numeric stepRange=4)
  Selected cycle: 20190821
Processing timestep: 201908212300
  Writing /home/lwestern/agage/meteorology/cfsv2/flexpart_inputs//GF19082123
  Trying cycle: 20190821
  WARNING: Missing ipvgrbh file for 201908212300 cycle 20190821 (continuing with pgrbh only)
  Selected cycle: 20190821
Processing timestep: 201908220000
  Writing /home/lwestern/agage/meteorology/cfsv2/flexpart_inputs//GF19082200
  Trying cycle: 20190821
  Step filtering not needed (single numeric stepRange=5)
  WARNING: Missing ipvgrbh file for 201908220000 cycle 20190821 (continuing with pgrbh only)
  Step filtering not needed (single numeric stepRange=6)
  Selected cycle: 20190821
Processing timestep: 201908220100
  Writing /home/lwestern/agage/meteorology/cfsv2/flexpart_inputs//GF19082201
  Trying cycle: 20190822
  WARNING: Missing ipvgrbh file for 201908220100 cycle 20190822 (continuing with pgrbh only)
  Step filtering not needed (single numeric stepRange=1)
  Selected cycle: 20190821
Processing timestep: 201908220200
  Writing /home/lwestern/agage/meteorology/cfsv2/flexpart_inputs//GF19082202
  Trying cycle: 20190822
  WARNING: Missing ipvgrbh file for 201908220200 cycle 20190822 (continuing with pgrbh only)
  Step filtering not needed (single numeric stepRange=2)
  Selected cycle: 20190821
Processing timestep: 201908220300
  Writing /home/lwestern/agage/meteorology/cfsv2/flexpart_inputs//GF19082203
  Trying cycle: 20190822
  Selected cycle: 20190821
Processing timestep: 201908220400
  Writing /home/lwestern/agage/meteorology/cfsv2/flexpart_inputs//GF19082204
  Trying cycle: 20190822
  WARNING: Missing ipvgrbh file for 201908220300 cycle 20190822 (continuing with pgrbh only)
  Step filtering not needed (single numeric stepRange=3)
  WARNING: Missing ipvgrbh file for 201908220400 cycle 20190822 (continuing with pgrbh only)
  Step filtering not needed (single numeric stepRange=4)
  Selected cycle: 20190821
Processing timestep: 201908220500
  Writing /home/lwestern/agage/meteorology/cfsv2/flexpart_inputs//GF19082205
  Trying cycle: 20190822
  Selected cycle: 20190821
Processing timestep: 201908220600
  Writing /home/lwestern/agage/meteorology/cfsv2/flexpart_inputs//GF19082206
  Trying cycle: 20190822
  WARNING: Missing ipvgrbh file for 201908220500 cycle 20190822 (continuing with pgrbh only)
  Selected cycle: 20190821
Processing timestep: 201908220700
  Writing /home/lwestern/agage/meteorology/cfsv2/flexpart_inputs//GF19082207
  Trying cycle: 20190822
  WARNING: Missing ipvgrbh file for 201908220600 cycle 20190822 (continuing with pgrbh only)
  Step filtering not needed (single numeric stepRange=5)
  Step filtering not needed (single numeric stepRange=6)
  WARNING: Missing ipvgrbh file for 201908220700 cycle 20190822 (continuing with pgrbh only)
  Step filtering not needed (single numeric stepRange=1)
  Selected cycle: 20190821
Processing timestep: 201908220800
  Writing /home/lwestern/agage/meteorology/cfsv2/flexpart_inputs//GF19082208
  Trying cycle: 20190822
  WARNING: Missing ipvgrbh file for 201908220800 cycle 20190822 (continuing with pgrbh only)
  Step filtering not needed (single numeric stepRange=2)
  Selected cycle: 20190822
Processing timestep: 201908220900
  Writing /home/lwestern/agage/meteorology/cfsv2/flexpart_inputs//GF19082209
  Trying cycle: 20190822
  Selected cycle: 20190822
Processing timestep: 201908221000
  Writing /home/lwestern/agage/meteorology/cfsv2/flexpart_inputs//GF19082210
  Trying cycle: 20190822
  WARNING: Missing ipvgrbh file for 201908220900 cycle 20190822 (continuing with pgrbh only)
  Step filtering not needed (single numeric stepRange=3)
  WARNING: Missing ipvgrbh file for 201908221000 cycle 20190822 (continuing with pgrbh only)
  Step filtering not needed (single numeric stepRange=4)
  Selected cycle: 20190822
Processing timestep: 201908221100
  Writing /home/lwestern/agage/meteorology/cfsv2/flexpart_inputs//GF19082211
  Trying cycle: 20190822
  WARNING: Missing ipvgrbh file for 201908221100 cycle 20190822 (continuing with pgrbh only)
  Step filtering not needed (single numeric stepRange=5)
  Selected cycle: 20190822
Processing timestep: 201908221200
  Writing /home/lwestern/agage/meteorology/cfsv2/flexpart_inputs//GF19082212
  Trying cycle: 20190822
  WARNING: Missing ipvgrbh file for 201908221200 cycle 20190822 (continuing with pgrbh only)
  Step filtering not needed (single numeric stepRange=6)
  Selected cycle: 20190822
Processing timestep: 201908221300
  Writing /home/lwestern/agage/meteorology/cfsv2/flexpart_inputs//GF19082213
  Trying cycle: 20190822
  Selected cycle: 20190822
Processing timestep: 201908221400
  Writing /home/lwestern/agage/meteorology/cfsv2/flexpart_inputs//GF19082214
  Trying cycle: 20190822
  WARNING: Missing ipvgrbh file for 201908221300 cycle 20190822 (continuing with pgrbh only)
  Step filtering not needed (single numeric stepRange=1)
  Selected cycle: 20190822
Processing timestep: 201908221500
  Writing /home/lwestern/agage/meteorology/cfsv2/flexpart_inputs//GF19082215
  Trying cycle: 20190822
  WARNING: Missing ipvgrbh file for 201908221400 cycle 20190822 (continuing with pgrbh only)
  WARNING: Missing ipvgrbh file for 201908221500 cycle 20190822 (continuing with pgrbh only)
  Step filtering not needed (single numeric stepRange=2)
  Step filtering not needed (single numeric stepRange=3)
  Selected cycle: 20190822
Processing timestep: 201908221600
  Writing /home/lwestern/agage/meteorology/cfsv2/flexpart_inputs//GF19082216
  Trying cycle: 20190822
  WARNING: Missing ipvgrbh file for 201908221600 cycle 20190822 (continuing with pgrbh only)
  Step filtering not needed (single numeric stepRange=4)
  Selected cycle: 20190822
Processing timestep: 201908221700
  Writing /home/lwestern/agage/meteorology/cfsv2/flexpart_inputs//GF19082217
  Trying cycle: 20190822
  Selected cycle: 20190822
Processing timestep: 201908221800
  Writing /home/lwestern/agage/meteorology/cfsv2/flexpart_inputs//GF19082218
  Trying cycle: 20190822
  WARNING: Missing ipvgrbh file for 201908221700 cycle 20190822 (continuing with pgrbh only)
  WARNING: Missing ipvgrbh file for 201908221800 cycle 20190822 (continuing with pgrbh only)
  Step filtering not needed (single numeric stepRange=5)
  Step filtering not needed (single numeric stepRange=6)
  Selected cycle: 20190822
Processing timestep: 201908221900
  Writing /home/lwestern/agage/meteorology/cfsv2/flexpart_inputs//GF19082219
  Trying cycle: 20190822
  WARNING: Missing ipvgrbh file for 201908221900 cycle 20190822 (continuing with pgrbh only)
  Step filtering not needed (single numeric stepRange=1)
  Selected cycle: 20190822
Processing timestep: 201908222000
  Writing /home/lwestern/agage/meteorology/cfsv2/flexpart_inputs//GF19082220
  Trying cycle: 20190822
  WARNING: Missing ipvgrbh file for 201908222000 cycle 20190822 (continuing with pgrbh only)
  Step filtering not needed (single numeric stepRange=2)
  Selected cycle: 20190822
Processing timestep: 201908222100
  Writing /home/lwestern/agage/meteorology/cfsv2/flexpart_inputs//GF19082221
  Trying cycle: 20190822
  WARNING: Missing ipvgrbh file for 201908222100 cycle 20190822 (continuing with pgrbh only)
  Step filtering not needed (single numeric stepRange=3)
  Selected cycle: 20190822
Processing timestep: 201908222200
  Writing /home/lwestern/agage/meteorology/cfsv2/flexpart_inputs//GF19082222
  Trying cycle: 20190822
  Selected cycle: 20190822
Processing timestep: 201908222300
  Writing /home/lwestern/agage/meteorology/cfsv2/flexpart_inputs//GF19082223
  Selected cycle: 20190822
Processing timestep: 201908230000
  Trying cycle: 20190822
  Writing /home/lwestern/agage/meteorology/cfsv2/flexpart_inputs//GF19082300
  Trying cycle: 20190822
  WARNING: Missing ipvgrbh file for 201908222200 cycle 20190822 (continuing with pgrbh only)
  Step filtering not needed (single numeric stepRange=4)
  WARNING: Missing ipvgrbh file for 201908222300 cycle 20190822 (continuing with pgrbh only)
  WARNING: Missing ipvgrbh file for 201908230000 cycle 20190822 (continuing with pgrbh only)
  Step filtering not needed (single numeric stepRange=5)
  Step filtering not needed (single numeric stepRange=6)
  Selected cycle: 20190822
Processing timestep: 201908230100
  Writing /home/lwestern/agage/meteorology/cfsv2/flexpart_inputs//GF19082301
  Trying cycle: 20190823
  Selected cycle: 20190822
Processing timestep: 201908230200
  Writing /home/lwestern/agage/meteorology/cfsv2/flexpart_inputs//GF19082302
  Trying cycle: 20190823
  Selected cycle: 20190822
Processing timestep: 201908230300
  Writing /home/lwestern/agage/meteorology/cfsv2/flexpart_inputs//GF19082303
  Trying cycle: 20190823
  WARNING: Missing ipvgrbh file for 201908230100 cycle 20190823 (continuing with pgrbh only)
  Step filtering not needed (single numeric stepRange=1)
  WARNING: Missing ipvgrbh file for 201908230200 cycle 20190823 (continuing with pgrbh only)
  Step filtering not needed (single numeric stepRange=2)
  WARNING: Missing ipvgrbh file for 201908230300 cycle 20190823 (continuing with pgrbh only)
  Step filtering not needed (single numeric stepRange=3)
  Selected cycle: 20190822
Processing timestep: 201908230400
  Writing /home/lwestern/agage/meteorology/cfsv2/flexpart_inputs//GF19082304
  Trying cycle: 20190823
  WARNING: Missing ipvgrbh file for 201908230400 cycle 20190823 (continuing with pgrbh only)
  Step filtering not needed (single numeric stepRange=4)
  Selected cycle: 20190822
Processing timestep: 201908230500
  Writing /home/lwestern/agage/meteorology/cfsv2/flexpart_inputs//GF19082305
  Trying cycle: 20190823
  Selected cycle: 20190822
Processing timestep: 201908230600
  Writing /home/lwestern/agage/meteorology/cfsv2/flexpart_inputs//GF19082306
  Trying cycle: 20190823
  WARNING: Missing ipvgrbh file for 201908230500 cycle 20190823 (continuing with pgrbh only)
  Selected cycle: 20190822
  Step filtering not needed (single numeric stepRange=5)
Processing timestep: 201908230700
  WARNING: Missing ipvgrbh file for 201908230600 cycle 20190823 (continuing with pgrbh only)
  Writing /home/lwestern/agage/meteorology/cfsv2/flexpart_inputs//GF19082307
  Trying cycle: 20190823
  Selected cycle: 20190822
Processing timestep: 201908230800
  Writing /home/lwestern/agage/meteorology/cfsv2/flexpart_inputs//GF19082308
  Trying cycle: 20190823
  Step filtering not needed (single numeric stepRange=6)
  WARNING: Missing ipvgrbh file for 201908230700 cycle 20190823 (continuing with pgrbh only)
  WARNING: Missing ipvgrbh file for 201908230800 cycle 20190823 (continuing with pgrbh only)
  Step filtering not needed (single numeric stepRange=2)
  Step filtering not needed (single numeric stepRange=1)
  Selected cycle: 20190823
Processing timestep: 201908230900
  Writing /home/lwestern/agage/meteorology/cfsv2/flexpart_inputs//GF19082309
  Trying cycle: 20190823
  Selected cycle: 20190823
Processing timestep: 201908231000
  Writing /home/lwestern/agage/meteorology/cfsv2/flexpart_inputs//GF19082310
  Trying cycle: 20190823
  WARNING: Missing ipvgrbh file for 201908230900 cycle 20190823 (continuing with pgrbh only)
  Step filtering not needed (single numeric stepRange=3)
  WARNING: Missing ipvgrbh file for 201908231000 cycle 20190823 (continuing with pgrbh only)
  Step filtering not needed (single numeric stepRange=4)
  Selected cycle: 20190823
Processing timestep: 201908231100
  Writing /home/lwestern/agage/meteorology/cfsv2/flexpart_inputs//GF19082311
  Trying cycle: 20190823
  Selected cycle: 20190823
Processing timestep: 201908231200
  Writing /home/lwestern/agage/meteorology/cfsv2/flexpart_inputs//GF19082312
  Trying cycle: 20190823
  WARNING: Missing ipvgrbh file for 201908231100 cycle 20190823 (continuing with pgrbh only)
  Step filtering not needed (single numeric stepRange=5)
  WARNING: Missing ipvgrbh file for 201908231200 cycle 20190823 (continuing with pgrbh only)
  Step filtering not needed (single numeric stepRange=6)
  Selected cycle: 20190823
Processing timestep: 201908231300
  Writing /home/lwestern/agage/meteorology/cfsv2/flexpart_inputs//GF19082313
  Trying cycle: 20190823
  WARNING: Missing ipvgrbh file for 201908231300 cycle 20190823 (continuing with pgrbh only)
  Step filtering not needed (single numeric stepRange=1)
  Selected cycle: 20190823
Processing timestep: 201908231400
  Writing /home/lwestern/agage/meteorology/cfsv2/flexpart_inputs//GF19082314
  Trying cycle: 20190823
  WARNING: Missing ipvgrbh file for 201908231400 cycle 20190823 (continuing with pgrbh only)
  Step filtering not needed (single numeric stepRange=2)
  Selected cycle: 20190823
Processing timestep: 201908231500
  Writing /home/lwestern/agage/meteorology/cfsv2/flexpart_inputs//GF19082315
  Trying cycle: 20190823
  Selected cycle: 20190823
Processing timestep: 201908231600
  Writing /home/lwestern/agage/meteorology/cfsv2/flexpart_inputs//GF19082316
  Trying cycle: 20190823
  WARNING: Missing ipvgrbh file for 201908231500 cycle 20190823 (continuing with pgrbh only)
  Step filtering not needed (single numeric stepRange=3)
  WARNING: Missing ipvgrbh file for 201908231600 cycle 20190823 (continuing with pgrbh only)
  Step filtering not needed (single numeric stepRange=4)
  Selected cycle: 20190823
Processing timestep: 201908231700
  Writing /home/lwestern/agage/meteorology/cfsv2/flexpart_inputs//GF19082317
  Trying cycle: 20190823
  WARNING: Missing ipvgrbh file for 201908231700 cycle 20190823 (continuing with pgrbh only)
  Step filtering not needed (single numeric stepRange=5)
  Selected cycle: 20190823
Processing timestep: 201908231800
  Writing /home/lwestern/agage/meteorology/cfsv2/flexpart_inputs//GF19082318
  Trying cycle: 20190823
  Selected cycle: 20190823
Processing timestep: 201908231900
  Writing /home/lwestern/agage/meteorology/cfsv2/flexpart_inputs//GF19082319
  Trying cycle: 20190823
  WARNING: Missing ipvgrbh file for 201908231800 cycle 20190823 (continuing with pgrbh only)
  Step filtering not needed (single numeric stepRange=6)
  WARNING: Missing ipvgrbh file for 201908231900 cycle 20190823 (continuing with pgrbh only)
  Step filtering not needed (single numeric stepRange=1)
  Selected cycle: 20190823
Processing timestep: 201908232000
  Writing /home/lwestern/agage/meteorology/cfsv2/flexpart_inputs//GF19082320
  Trying cycle: 20190823
  WARNING: Missing ipvgrbh file for 201908232000 cycle 20190823 (continuing with pgrbh only)
  Step filtering not needed (single numeric stepRange=2)
  Selected cycle: 20190823
Processing timestep: 201908232100
  Writing /home/lwestern/agage/meteorology/cfsv2/flexpart_inputs//GF19082321
  Trying cycle: 20190823
  WARNING: Missing ipvgrbh file for 201908232100 cycle 20190823 (continuing with pgrbh only)
  Step filtering not needed (single numeric stepRange=3)
  Selected cycle: 20190823
Processing timestep: 201908232200
  Writing /home/lwestern/agage/meteorology/cfsv2/flexpart_inputs//GF19082322
  Trying cycle: 20190823
  WARNING: Missing ipvgrbh file for 201908232200 cycle 20190823 (continuing with pgrbh only)
  Step filtering not needed (single numeric stepRange=4)
  Selected cycle: 20190823
Processing timestep: 201908232300
  Writing /home/lwestern/agage/meteorology/cfsv2/flexpart_inputs//GF19082323
  Trying cycle: 20190823
  Selected cycle: 20190823
Processing timestep: 201908240000
  Writing /home/lwestern/agage/meteorology/cfsv2/flexpart_inputs//GF19082400
  Trying cycle: 20190823
  WARNING: Missing ipvgrbh file for 201908232300 cycle 20190823 (continuing with pgrbh only)
  Step filtering not needed (single numeric stepRange=5)
  WARNING: Missing ipvgrbh file for 201908240000 cycle 20190823 (continuing with pgrbh only)
  Step filtering not needed (single numeric stepRange=6)
  Selected cycle: 20190823
Processing timestep: 201908260100
  Writing /home/lwestern/agage/meteorology/cfsv2/flexpart_inputs//GF19082601
  Trying cycle: 20190826
  WARNING: Missing ipvgrbh file for 201908260100 cycle 20190826 (continuing with pgrbh only)
  Step filtering not needed (single numeric stepRange=1)
  Selected cycle: 20190823
Processing timestep: 201908260200
  Writing /home/lwestern/agage/meteorology/cfsv2/flexpart_inputs//GF19082602
  Trying cycle: 20190826
  Selected cycle: 20190823
Processing timestep: 201908260300
  Writing /home/lwestern/agage/meteorology/cfsv2/flexpart_inputs//GF19082603
  Trying cycle: 20190826
  WARNING: Missing ipvgrbh file for 201908260200 cycle 20190826 (continuing with pgrbh only)
  Step filtering not needed (single numeric stepRange=2)
  WARNING: Missing ipvgrbh file for 201908260300 cycle 20190826 (continuing with pgrbh only)
  Step filtering not needed (single numeric stepRange=3)
  Selected cycle: 20190823
Processing timestep: 201908260400
  Writing /home/lwestern/agage/meteorology/cfsv2/flexpart_inputs//GF19082604
  Trying cycle: 20190826
  WARNING: Missing ipvgrbh file for 201908260400 cycle 20190826 (continuing with pgrbh only)
  Step filtering not needed (single numeric stepRange=4)
  Selected cycle: 20190823
Processing timestep: 201908260500
  Writing /home/lwestern/agage/meteorology/cfsv2/flexpart_inputs//GF19082605
  Trying cycle: 20190826
  WARNING: Missing ipvgrbh file for 201908260500 cycle 20190826 (continuing with pgrbh only)
  Step filtering not needed (single numeric stepRange=5)
  Selected cycle: 20190823
Processing timestep: 201908260600
  Writing /home/lwestern/agage/meteorology/cfsv2/flexpart_inputs//GF19082606
  Trying cycle: 20190826
  WARNING: Missing ipvgrbh file for 201908260600 cycle 20190826 (continuing with pgrbh only)
  Step filtering not needed (single numeric stepRange=6)
  Selected cycle: 20190823
Processing timestep: 201908260700
  Writing /home/lwestern/agage/meteorology/cfsv2/flexpart_inputs//GF19082607
  Trying cycle: 20190826
  WARNING: Missing ipvgrbh file for 201908260700 cycle 20190826 (continuing with pgrbh only)
  Step filtering not needed (single numeric stepRange=1)
  Selected cycle: 20190823
Processing timestep: 201908260800
  Writing /home/lwestern/agage/meteorology/cfsv2/flexpart_inputs//GF19082608
  Trying cycle: 20190826
  WARNING: Missing ipvgrbh file for 201908260800 cycle 20190826 (continuing with pgrbh only)
  Step filtering not needed (single numeric stepRange=2)
  Selected cycle: 20190826
Processing timestep: 201908260900
  Writing /home/lwestern/agage/meteorology/cfsv2/flexpart_inputs//GF19082609
  Trying cycle: 20190826
  Selected cycle: 20190826
Processing timestep: 201908261000
  Writing /home/lwestern/agage/meteorology/cfsv2/flexpart_inputs//GF19082610
  Trying cycle: 20190826
  WARNING: Missing ipvgrbh file for 201908260900 cycle 20190826 (continuing with pgrbh only)
  Step filtering not needed (single numeric stepRange=3)
  Selected cycle: 20190826
Processing timestep: 201908261100
  Writing /home/lwestern/agage/meteorology/cfsv2/flexpart_inputs//GF19082611
  Trying cycle: 20190826
  WARNING: Missing ipvgrbh file for 201908261000 cycle 20190826 (continuing with pgrbh only)
  Step filtering not needed (single numeric stepRange=4)
  WARNING: Missing ipvgrbh file for 201908261100 cycle 20190826 (continuing with pgrbh only)
  Step filtering not needed (single numeric stepRange=5)
  Selected cycle: 20190826
Processing timestep: 201908261200
  Writing /home/lwestern/agage/meteorology/cfsv2/flexpart_inputs//GF19082612
  Trying cycle: 20190826
  WARNING: Missing ipvgrbh file for 201908261200 cycle 20190826 (continuing with pgrbh only)
  Step filtering not needed (single numeric stepRange=6)
  Selected cycle: 20190826
Processing timestep: 201908261300
  Writing /home/lwestern/agage/meteorology/cfsv2/flexpart_inputs//GF19082613
  Trying cycle: 20190826
  WARNING: Missing ipvgrbh file for 201908261300 cycle 20190826 (continuing with pgrbh only)
  Step filtering not needed (single numeric stepRange=1)
  Selected cycle: 20190826
Processing timestep: 201908261400
  Writing /home/lwestern/agage/meteorology/cfsv2/flexpart_inputs//GF19082614
  Trying cycle: 20190826
  WARNING: Missing ipvgrbh file for 201908261400 cycle 20190826 (continuing with pgrbh only)
  Step filtering not needed (single numeric stepRange=2)
  Selected cycle: 20190826
Processing timestep: 201908261500
  Writing /home/lwestern/agage/meteorology/cfsv2/flexpart_inputs//GF19082615
  Trying cycle: 20190826
  WARNING: Missing ipvgrbh file for 201908261500 cycle 20190826 (continuing with pgrbh only)
  Step filtering not needed (single numeric stepRange=3)
  Selected cycle: 20190826
Processing timestep: 201908261600
  Writing /home/lwestern/agage/meteorology/cfsv2/flexpart_inputs//GF19082616
  Trying cycle: 20190826
  WARNING: Missing ipvgrbh file for 201908261600 cycle 20190826 (continuing with pgrbh only)
  Step filtering not needed (single numeric stepRange=4)
  Selected cycle: 20190826
Processing timestep: 201908261700
  Writing /home/lwestern/agage/meteorology/cfsv2/flexpart_inputs//GF19082617
  Trying cycle: 20190826
  Selected cycle: 20190826
Processing timestep: 201908261800
  Writing /home/lwestern/agage/meteorology/cfsv2/flexpart_inputs//GF19082618
  Trying cycle: 20190826
  WARNING: Missing ipvgrbh file for 201908261700 cycle 20190826 (continuing with pgrbh only)
  Selected cycle: 20190826
Processing timestep: 201908261900
  Writing /home/lwestern/agage/meteorology/cfsv2/flexpart_inputs//GF19082619
  Step filtering not needed (single numeric stepRange=5)
  Trying cycle: 20190826
  WARNING: Missing ipvgrbh file for 201908261800 cycle 20190826 (continuing with pgrbh only)
  Step filtering not needed (single numeric stepRange=6)
  WARNING: Missing ipvgrbh file for 201908261900 cycle 20190826 (continuing with pgrbh only)
  Step filtering not needed (single numeric stepRange=1)
  Selected cycle: 20190826
Processing timestep: 201908262000
  Writing /home/lwestern/agage/meteorology/cfsv2/flexpart_inputs//GF19082620
  Trying cycle: 20190826
  WARNING: Missing ipvgrbh file for 201908262000 cycle 20190826 (continuing with pgrbh only)
  Step filtering not needed (single numeric stepRange=2)
  Selected cycle: 20190826
Processing timestep: 201908262100
  Writing /home/lwestern/agage/meteorology/cfsv2/flexpart_inputs//GF19082621
  Trying cycle: 20190826
  WARNING: Missing ipvgrbh file for 201908262100 cycle 20190826 (continuing with pgrbh only)
  Step filtering not needed (single numeric stepRange=3)
  Selected cycle: 20190826
Processing timestep: 201908262200
  Writing /home/lwestern/agage/meteorology/cfsv2/flexpart_inputs//GF19082622
  Trying cycle: 20190826
  WARNING: Missing ipvgrbh file for 201908262200 cycle 20190826 (continuing with pgrbh only)
  Step filtering not needed (single numeric stepRange=4)
  Selected cycle: 20190826
Processing timestep: 201908262300
  Writing /home/lwestern/agage/meteorology/cfsv2/flexpart_inputs//GF19082623
  Trying cycle: 20190826
  WARNING: Missing ipvgrbh file for 201908262300 cycle 20190826 (continuing with pgrbh only)
  Step filtering not needed (single numeric stepRange=5)
  Selected cycle: 20190826
Processing timestep: 201908270000
  Writing /home/lwestern/agage/meteorology/cfsv2/flexpart_inputs//GF19082700
  Trying cycle: 20190826
  WARNING: Missing ipvgrbh file for 201908270000 cycle 20190826 (continuing with pgrbh only)
  Step filtering not needed (single numeric stepRange=6)
  Selected cycle: 20190826
Processing timestep: 201909010100
  Writing /home/lwestern/agage/meteorology/cfsv2/flexpart_inputs//GF19090101
  Trying cycle: 20190901
  Selected cycle: 20190826
Processing timestep: 201909010200
  Writing /home/lwestern/agage/meteorology/cfsv2/flexpart_inputs//GF19090102
  Trying cycle: 20190901
  WARNING: Missing ipvgrbh file for 201909010100 cycle 20190901 (continuing with pgrbh only)
  Step filtering not needed (single numeric stepRange=1)
  WARNING: Missing ipvgrbh file for 201909010200 cycle 20190901 (continuing with pgrbh only)
  Step filtering not needed (single numeric stepRange=2)
  Selected cycle: 20190826
Processing timestep: 201909010300
  Writing /home/lwestern/agage/meteorology/cfsv2/flexpart_inputs//GF19090103
  Trying cycle: 20190901
  Selected cycle: 20190826
Processing timestep: 201909010400
  Writing /home/lwestern/agage/meteorology/cfsv2/flexpart_inputs//GF19090104
  Trying cycle: 20190901
  WARNING: Missing ipvgrbh file for 201909010300 cycle 20190901 (continuing with pgrbh only)
  WARNING: Missing ipvgrbh file for 201909010400 cycle 20190901 (continuing with pgrbh only)
  Step filtering not needed (single numeric stepRange=3)
  Step filtering not needed (single numeric stepRange=4)
  Selected cycle: 20190826
Processing timestep: 201909010500
  Writing /home/lwestern/agage/meteorology/cfsv2/flexpart_inputs//GF19090105
  Trying cycle: 20190901
  WARNING: Missing ipvgrbh file for 201909010500 cycle 20190901 (continuing with pgrbh only)
  Step filtering not needed (single numeric stepRange=5)
  Selected cycle: 20190826
Processing timestep: 201909010600
  Writing /home/lwestern/agage/meteorology/cfsv2/flexpart_inputs//GF19090106
  Trying cycle: 20190901
  WARNING: Missing ipvgrbh file for 201909010600 cycle 20190901 (continuing with pgrbh only)
  Step filtering not needed (single numeric stepRange=6)
  Selected cycle: 20190826
Processing timestep: 201909010700
  Writing /home/lwestern/agage/meteorology/cfsv2/flexpart_inputs//GF19090107
  Trying cycle: 20190901
  WARNING: Missing ipvgrbh file for 201909010700 cycle 20190901 (continuing with pgrbh only)
  Step filtering not needed (single numeric stepRange=1)
  Selected cycle: 20190826
Processing timestep: 201909010800
  Writing /home/lwestern/agage/meteorology/cfsv2/flexpart_inputs//GF19090108
  Trying cycle: 20190901
  WARNING: Missing ipvgrbh file for 201909010800 cycle 20190901 (continuing with pgrbh only)
  Step filtering not needed (single numeric stepRange=2)
  Selected cycle: 20190901
Processing timestep: 201909010900
  Writing /home/lwestern/agage/meteorology/cfsv2/flexpart_inputs//GF19090109
  Trying cycle: 20190901
  Selected cycle: 20190901
Processing timestep: 201909011000
  Writing /home/lwestern/agage/meteorology/cfsv2/flexpart_inputs//GF19090110
  Trying cycle: 20190901
  Selected cycle: 20190901
Processing timestep: 201909011100
  Writing /home/lwestern/agage/meteorology/cfsv2/flexpart_inputs//GF19090111
  Trying cycle: 20190901
  WARNING: Missing ipvgrbh file for 201909010900 cycle 20190901 (continuing with pgrbh only)
  Step filtering not needed (single numeric stepRange=3)
  Selected cycle: 20190901
Processing timestep: 201909011200
  Writing /home/lwestern/agage/meteorology/cfsv2/flexpart_inputs//GF19090112
  Trying cycle: 20190901
  WARNING: Missing ipvgrbh file for 201909011000 cycle 20190901 (continuing with pgrbh only)
  Selected cycle: 20190901
Processing timestep: 201909011300
  Writing /home/lwestern/agage/meteorology/cfsv2/flexpart_inputs//GF19090113
  Step filtering not needed (single numeric stepRange=4)
  Trying cycle: 20190901
  WARNING: Missing ipvgrbh file for 201909011100 cycle 20190901 (continuing with pgrbh only)
  Step filtering not needed (single numeric stepRange=5)
  WARNING: Missing ipvgrbh file for 201909011200 cycle 20190901 (continuing with pgrbh only)
  Step filtering not needed (single numeric stepRange=6)
  WARNING: Missing ipvgrbh file for 201909011300 cycle 20190901 (continuing with pgrbh only)
  Step filtering not needed (single numeric stepRange=1)
  Selected cycle: 20190901
Processing timestep: 201909011400
  Writing /home/lwestern/agage/meteorology/cfsv2/flexpart_inputs//GF19090114
  Trying cycle: 20190901
  Selected cycle: 20190901
Processing timestep: 201909011500
  Writing /home/lwestern/agage/meteorology/cfsv2/flexpart_inputs//GF19090115
  Trying cycle: 20190901
  WARNING: Missing ipvgrbh file for 201909011400 cycle 20190901 (continuing with pgrbh only)
  Step filtering not needed (single numeric stepRange=2)
  WARNING: Missing ipvgrbh file for 201909011500 cycle 20190901 (continuing with pgrbh only)
  Step filtering not needed (single numeric stepRange=3)
  Selected cycle: 20190901
Processing timestep: 201909011600
  Writing /home/lwestern/agage/meteorology/cfsv2/flexpart_inputs//GF19090116
  Trying cycle: 20190901
  WARNING: Missing ipvgrbh file for 201909011600 cycle 20190901 (continuing with pgrbh only)
  Step filtering not needed (single numeric stepRange=4)
  Selected cycle: 20190901
Processing timestep: 201909011700
  Writing /home/lwestern/agage/meteorology/cfsv2/flexpart_inputs//GF19090117
  Trying cycle: 20190901
  Selected cycle: 20190901
Processing timestep: 201909011800
  Writing /home/lwestern/agage/meteorology/cfsv2/flexpart_inputs//GF19090118
  Trying cycle: 20190901
  Selected cycle: 20190901
Processing timestep: 201909011900
  Writing /home/lwestern/agage/meteorology/cfsv2/flexpart_inputs//GF19090119
  Trying cycle: 20190901
  WARNING: Missing ipvgrbh file for 201909011700 cycle 20190901 (continuing with pgrbh only)
  Selected cycle: 20190901
Processing timestep: 201909012000
  Step filtering not needed (single numeric stepRange=5)
  Writing /home/lwestern/agage/meteorology/cfsv2/flexpart_inputs//GF19090120
  Trying cycle: 20190901
  WARNING: Missing ipvgrbh file for 201909011800 cycle 20190901 (continuing with pgrbh only)
  Selected cycle: 20190901
Processing timestep: 201909012100
  Step filtering not needed (single numeric stepRange=6)
  Writing /home/lwestern/agage/meteorology/cfsv2/flexpart_inputs//GF19090121
  Trying cycle: 20190901
  WARNING: Missing ipvgrbh file for 201909011900 cycle 20190901 (continuing with pgrbh only)
  Step filtering not needed (single numeric stepRange=1)
  WARNING: Missing ipvgrbh file for 201909012000 cycle 20190901 (continuing with pgrbh only)
  Step filtering not needed (single numeric stepRange=2)
  WARNING: Missing ipvgrbh file for 201909012100 cycle 20190901 (continuing with pgrbh only)
  Step filtering not needed (single numeric stepRange=3)
  Selected cycle: 20190901
Processing timestep: 201909012200
  Writing /home/lwestern/agage/meteorology/cfsv2/flexpart_inputs//GF19090122
  Trying cycle: 20190901
  WARNING: Missing ipvgrbh file for 201909012200 cycle 20190901 (continuing with pgrbh only)
  Step filtering not needed (single numeric stepRange=4)
  Selected cycle: 20190901
Processing timestep: 201909012300
  Writing /home/lwestern/agage/meteorology/cfsv2/flexpart_inputs//GF19090123
  Trying cycle: 20190901
  WARNING: Missing ipvgrbh file for 201909012300 cycle 20190901 (continuing with pgrbh only)
  Step filtering not needed (single numeric stepRange=5)
  Selected cycle: 20190901
Processing timestep: 201909020000
  Writing /home/lwestern/agage/meteorology/cfsv2/flexpart_inputs//GF19090200
  Trying cycle: 20190901
  WARNING: Missing ipvgrbh file for 201909020000 cycle 20190901 (continuing with pgrbh only)
  Step filtering not needed (single numeric stepRange=6)
  Selected cycle: 20190901
Processing timestep: 201909050100
  Writing /home/lwestern/agage/meteorology/cfsv2/flexpart_inputs//GF19090501
  Trying cycle: 20190905
  Selected cycle: 20190901
Processing timestep: 201909050200
  Writing /home/lwestern/agage/meteorology/cfsv2/flexpart_inputs//GF19090502
  Trying cycle: 20190905
  Selected cycle: 20190901
Processing timestep: 201909050300
  Writing /home/lwestern/agage/meteorology/cfsv2/flexpart_inputs//GF19090503
  Trying cycle: 20190905
  Step filtering not needed (single numeric stepRange=1)
  Step filtering not needed (single numeric stepRange=2)
  Selected cycle: 20190901
Processing timestep: 201909050400
  Writing /home/lwestern/agage/meteorology/cfsv2/flexpart_inputs//GF19090504
  Trying cycle: 20190905
  Step filtering not needed (single numeric stepRange=3)
  Selected cycle: 20190901
Processing timestep: 201909050500
  Selected cycle: 20190901
Processing timestep: 201909050600
  Writing /home/lwestern/agage/meteorology/cfsv2/flexpart_inputs//GF19090505
  Trying cycle: 20190905
  Writing /home/lwestern/agage/meteorology/cfsv2/flexpart_inputs//GF19090506
  Trying cycle: 20190905
  Selected cycle: 20190901
Processing timestep: 201909050700
  Writing /home/lwestern/agage/meteorology/cfsv2/flexpart_inputs//GF19090507
  Trying cycle: 20190905
  Step filtering not needed (single numeric stepRange=4)
  Step filtering not needed (single numeric stepRange=5)
  Step filtering not needed (single numeric stepRange=6)
  Step filtering not needed (single numeric stepRange=1)
  Selected cycle: 20190901
Processing timestep: 201909050800
  Writing /home/lwestern/agage/meteorology/cfsv2/flexpart_inputs//GF19090508
  Trying cycle: 20190905
  Step filtering not needed (single numeric stepRange=2)
  Selected cycle: 20190905
Processing timestep: 201909050900
  Writing /home/lwestern/agage/meteorology/cfsv2/flexpart_inputs//GF19090509
  Trying cycle: 20190905
  Selected cycle: 20190905
Processing timestep: 201909051000
  Writing /home/lwestern/agage/meteorology/cfsv2/flexpart_inputs//GF19090510
  Trying cycle: 20190905
  Step filtering not needed (single numeric stepRange=3)
  Selected cycle: 20190905
Processing timestep: 201909051100
  Writing /home/lwestern/agage/meteorology/cfsv2/flexpart_inputs//GF19090511
  Trying cycle: 20190905
  Step filtering not needed (single numeric stepRange=4)
  Selected cycle: 20190905
Processing timestep: 201909051200
  Selected cycle: 20190905
Processing timestep: 201909051300
  Writing /home/lwestern/agage/meteorology/cfsv2/flexpart_inputs//GF19090512
  Trying cycle: 20190905
  Writing /home/lwestern/agage/meteorology/cfsv2/flexpart_inputs//GF19090513
  Trying cycle: 20190905
  Step filtering not needed (single numeric stepRange=5)
  Step filtering not needed (single numeric stepRange=6)
  Step filtering not needed (single numeric stepRange=1)
  Selected cycle: 20190905
Processing timestep: 201909051400
  Writing /home/lwestern/agage/meteorology/cfsv2/flexpart_inputs//GF19090514
  Selected cycle: 20190905
Processing timestep: 201909051500
  Selected cycle: 20190905
  Writing /home/lwestern/agage/meteorology/cfsv2/flexpart_inputs//GF19090515
Processing timestep: 201909051600
  Trying cycle: 20190905
  Writing /home/lwestern/agage/meteorology/cfsv2/flexpart_inputs//GF19090516
  Trying cycle: 20190905
  Trying cycle: 20190905
  Step filtering not needed (single numeric stepRange=2)
  Step filtering not needed (single numeric stepRange=4)
  Step filtering not needed (single numeric stepRange=3)
  Selected cycle: 20190905
Processing timestep: 201909051700
  Writing /home/lwestern/agage/meteorology/cfsv2/flexpart_inputs//GF19090517
  Trying cycle: 20190905
  Selected cycle: 20190905
Processing timestep: 201909051800
  Writing /home/lwestern/agage/meteorology/cfsv2/flexpart_inputs//GF19090518
  Selected cycle: 20190905
Processing timestep: 201909051900
  Trying cycle: 20190905
  Step filtering not needed (single numeric stepRange=5)
  Step filtering not needed (single numeric stepRange=6)
  Selected cycle: 20190905
Processing timestep: 201909052000
  Selected cycle: 20190905
Processing timestep: 201909052100
  Selected cycle: 20190905
Processing timestep: 201909052200
  Selected cycle: 20190905
  Writing /home/lwestern/agage/meteorology/cfsv2/flexpart_inputs//GF19090521
  Writing /home/lwestern/agage/meteorology/cfsv2/flexpart_inputs//GF19090519
  Writing /home/lwestern/agage/meteorology/cfsv2/flexpart_inputs//GF19090522
  Writing /home/lwestern/agage/meteorology/cfsv2/flexpart_inputs//GF19090520
  Trying cycle: 20190905
Processing timestep: 201909052300
  Selected cycle: 20190905
  Writing /home/lwestern/agage/meteorology/cfsv2/flexpart_inputs//GF19090523
Processing timestep: 201909060000
  Writing /home/lwestern/agage/meteorology/cfsv2/flexpart_inputs//GF19090600
  Trying cycle: 20190905
  Trying cycle: 20190905
  Trying cycle: 20190905
  Trying cycle: 20190905
  Trying cycle: 20190905
  Step filtering not needed (single numeric stepRange=4)
  Step filtering not needed (single numeric stepRange=3)
  Step filtering not needed (single numeric stepRange=5)
  Step filtering not needed (single numeric stepRange=6)
  Step filtering not needed (single numeric stepRange=2)
  Step filtering not needed (single numeric stepRange=1)
  Selected cycle: 20190905
Processing timestep: 201909060100
  Writing /home/lwestern/agage/meteorology/cfsv2/flexpart_inputs//GF19090601
  Trying cycle: 20190906
  WARNING: Missing ipvgrbh file for 201909060100 cycle 20190906 (continuing with pgrbh only)
  Step filtering not needed (single numeric stepRange=1)
  Selected cycle: 20190905
Processing timestep: 201909060200
  Writing /home/lwestern/agage/meteorology/cfsv2/flexpart_inputs//GF19090602
  Trying cycle: 20190906
  WARNING: Missing ipvgrbh file for 201909060200 cycle 20190906 (continuing with pgrbh only)
  Step filtering not needed (single numeric stepRange=2)
  Selected cycle: 20190905
Processing timestep: 201909060300
  Writing /home/lwestern/agage/meteorology/cfsv2/flexpart_inputs//GF19090603
  Trying cycle: 20190906
  Selected cycle: 20190905
Processing timestep: 201909060400
  Writing /home/lwestern/agage/meteorology/cfsv2/flexpart_inputs//GF19090604
  Trying cycle: 20190906
  Selected cycle: 20190905
Processing timestep: 201909060500
  Writing /home/lwestern/agage/meteorology/cfsv2/flexpart_inputs//GF19090605
  Trying cycle: 20190906
  Selected cycle: 20190905
Processing timestep: 201909060600
  Writing /home/lwestern/agage/meteorology/cfsv2/flexpart_inputs//GF19090606
  Trying cycle: 20190906
  Selected cycle: 20190905
Processing timestep: 201909060700
  Writing /home/lwestern/agage/meteorology/cfsv2/flexpart_inputs//GF19090607
  Trying cycle: 20190906
  Selected cycle: 20190905
Processing timestep: 201909060800
  Writing /home/lwestern/agage/meteorology/cfsv2/flexpart_inputs//GF19090608
  Trying cycle: 20190906
  WARNING: Missing ipvgrbh file for 201909060500 cycle 20190906 (continuing with pgrbh only)
  Step filtering not needed (single numeric stepRange=5)
  WARNING: Missing ipvgrbh file for 201909060300 cycle 20190906 (continuing with pgrbh only)
  Step filtering not needed (single numeric stepRange=3)
  WARNING: Missing ipvgrbh file for 201909060600 cycle 20190906 (continuing with pgrbh only)
  Step filtering not needed (single numeric stepRange=6)
  WARNING: Missing ipvgrbh file for 201909060400 cycle 20190906 (continuing with pgrbh only)
  Step filtering not needed (single numeric stepRange=4)
  WARNING: Missing ipvgrbh file for 201909060700 cycle 20190906 (continuing with pgrbh only)
  WARNING: Missing ipvgrbh file for 201909060800 cycle 20190906 (continuing with pgrbh only)
  Step filtering not needed (single numeric stepRange=1)
  Step filtering not needed (single numeric stepRange=2)
  Selected cycle: 20190906
Processing timestep: 201909060900
  Writing /home/lwestern/agage/meteorology/cfsv2/flexpart_inputs//GF19090609
  Trying cycle: 20190906
  WARNING: Missing ipvgrbh file for 201909060900 cycle 20190906 (continuing with pgrbh only)
  Step filtering not needed (single numeric stepRange=3)
  Selected cycle: 20190906
Processing timestep: 201909061000
  Writing /home/lwestern/agage/meteorology/cfsv2/flexpart_inputs//GF19090610
  Trying cycle: 20190906
  WARNING: Missing ipvgrbh file for 201909061000 cycle 20190906 (continuing with pgrbh only)
  Step filtering not needed (single numeric stepRange=4)
  Selected cycle: 20190906
Processing timestep: 201909061100
  Selected cycle: 20190906
Processing timestep: 201909061200
  Writing /home/lwestern/agage/meteorology/cfsv2/flexpart_inputs//GF19090611
  Writing /home/lwestern/agage/meteorology/cfsv2/flexpart_inputs//GF19090612
  Trying cycle: 20190906
  Trying cycle: 20190906
  Selected cycle: 20190906
Processing timestep: 201909061300
  Writing /home/lwestern/agage/meteorology/cfsv2/flexpart_inputs//GF19090613
  Trying cycle: 20190906
  WARNING: Missing ipvgrbh file for 201909061100 cycle 20190906 (continuing with pgrbh only)
  Step filtering not needed (single numeric stepRange=5)
  WARNING: Missing ipvgrbh file for 201909061200 cycle 20190906 (continuing with pgrbh only)
  Step filtering not needed (single numeric stepRange=6)
  Selected cycle: 20190906
Processing timestep: 201909061400
  WARNING: Missing ipvgrbh file for 201909061300 cycle 20190906 (continuing with pgrbh only)
  Writing /home/lwestern/agage/meteorology/cfsv2/flexpart_inputs//GF19090614
  Trying cycle: 20190906
  Step filtering not needed (single numeric stepRange=1)
  Selected cycle: 20190906
Processing timestep: 201909061500
  Selected cycle: 20190906
Processing timestep: 201909061600
  Writing /home/lwestern/agage/meteorology/cfsv2/flexpart_inputs//GF19090615
  Writing /home/lwestern/agage/meteorology/cfsv2/flexpart_inputs//GF19090616
  Trying cycle: 20190906
  Trying cycle: 20190906
  WARNING: Missing ipvgrbh file for 201909061400 cycle 20190906 (continuing with pgrbh only)
  Step filtering not needed (single numeric stepRange=2)
  WARNING: Missing ipvgrbh file for 201909061500 cycle 20190906 (continuing with pgrbh only)
  WARNING: Missing ipvgrbh file for 201909061600 cycle 20190906 (continuing with pgrbh only)
  Step filtering not needed (single numeric stepRange=3)
  Step filtering not needed (single numeric stepRange=4)
  Selected cycle: 20190906
Processing timestep: 201909061700
  Writing /home/lwestern/agage/meteorology/cfsv2/flexpart_inputs//GF19090617
  Trying cycle: 20190906
  WARNING: Missing ipvgrbh file for 201909061700 cycle 20190906 (continuing with pgrbh only)
  Step filtering not needed (single numeric stepRange=5)
  Selected cycle: 20190906
Processing timestep: 201909061800
  Writing /home/lwestern/agage/meteorology/cfsv2/flexpart_inputs//GF19090618
  Trying cycle: 20190906
  WARNING: Missing ipvgrbh file for 201909061800 cycle 20190906 (continuing with pgrbh only)
  Step filtering not needed (single numeric stepRange=6)
  Selected cycle: 20190906
Processing timestep: 201909061900
  Writing /home/lwestern/agage/meteorology/cfsv2/flexpart_inputs//GF19090619
  Trying cycle: 20190906
  Selected cycle: 20190906
Processing timestep: 201909062000
  Writing /home/lwestern/agage/meteorology/cfsv2/flexpart_inputs//GF19090620
  Trying cycle: 20190906
  WARNING: Missing ipvgrbh file for 201909061900 cycle 20190906 (continuing with pgrbh only)
  Step filtering not needed (single numeric stepRange=1)
  WARNING: Missing ipvgrbh file for 201909062000 cycle 20190906 (continuing with pgrbh only)
  Step filtering not needed (single numeric stepRange=2)
  Selected cycle: 20190906
Processing timestep: 201909062100
  Writing /home/lwestern/agage/meteorology/cfsv2/flexpart_inputs//GF19090621
  Trying cycle: 20190906
  Selected cycle: 20190906
Processing timestep: 201909062200
  Writing /home/lwestern/agage/meteorology/cfsv2/flexpart_inputs//GF19090622
  Trying cycle: 20190906
  Selected cycle: 20190906
Processing timestep: 201909062300
  Writing /home/lwestern/agage/meteorology/cfsv2/flexpart_inputs//GF19090623
  Trying cycle: 20190906
  Selected cycle: 20190906
Processing timestep: 201909070000
  Writing /home/lwestern/agage/meteorology/cfsv2/flexpart_inputs//GF19090700
  Trying cycle: 20190906
  WARNING: Missing ipvgrbh file for 201909062200 cycle 20190906 (continuing with pgrbh only)
  WARNING: Missing ipvgrbh file for 201909062100 cycle 20190906 (continuing with pgrbh only)
  Step filtering not needed (single numeric stepRange=4)
  Step filtering not needed (single numeric stepRange=3)
  WARNING: Missing ipvgrbh file for 201909070000 cycle 20190906 (continuing with pgrbh only)
  Step filtering not needed (single numeric stepRange=6)
  Selected cycle: 20190906
Processing timestep: 201909070100
  Writing /home/lwestern/agage/meteorology/cfsv2/flexpart_inputs//GF19090701
  Trying cycle: 20190907
  Step filtering not needed (single numeric stepRange=1)
  WARNING: Missing ipvgrbh file for 201909062300 cycle 20190906 (continuing with pgrbh only)
  Step filtering not needed (single numeric stepRange=5)
  Selected cycle: 20190906
Processing timestep: 201909070200
  Writing /home/lwestern/agage/meteorology/cfsv2/flexpart_inputs//GF19090702
  Trying cycle: 20190907
  Step filtering not needed (single numeric stepRange=2)
  Selected cycle: 20190906
Processing timestep: 201909070300
  Writing /home/lwestern/agage/meteorology/cfsv2/flexpart_inputs//GF19090703
  Trying cycle: 20190907
  Selected cycle: 20190906
Processing timestep: 201909070400
  Writing /home/lwestern/agage/meteorology/cfsv2/flexpart_inputs//GF19090704
  Trying cycle: 20190907
  Step filtering not needed (single numeric stepRange=3)
  Step filtering not needed (single numeric stepRange=4)
  Selected cycle: 20190906
Processing timestep: 201909070500
  Writing /home/lwestern/agage/meteorology/cfsv2/flexpart_inputs//GF19090705
  Trying cycle: 20190907
  Selected cycle: 20190906
Processing timestep: 201909070600
  Writing /home/lwestern/agage/meteorology/cfsv2/flexpart_inputs//GF19090706
  Trying cycle: 20190907
  Selected cycle: 20190906
Processing timestep: 201909070700
  Writing /home/lwestern/agage/meteorology/cfsv2/flexpart_inputs//GF19090707
  Trying cycle: 20190907
  Step filtering not needed (single numeric stepRange=5)
  Step filtering not needed (single numeric stepRange=6)
  Step filtering not needed (single numeric stepRange=1)
  Selected cycle: 20190906
Processing timestep: 201909070800
  Writing /home/lwestern/agage/meteorology/cfsv2/flexpart_inputs//GF19090708
  Trying cycle: 20190907
  Selected cycle: 20190907
Processing timestep: 201909070900
  Writing /home/lwestern/agage/meteorology/cfsv2/flexpart_inputs//GF19090709
  Trying cycle: 20190907
  Step filtering not needed (single numeric stepRange=2)
  Step filtering not needed (single numeric stepRange=3)
  Selected cycle: 20190907
Processing timestep: 201909071000
  Writing /home/lwestern/agage/meteorology/cfsv2/flexpart_inputs//GF19090710
  Trying cycle: 20190907
  Step filtering not needed (single numeric stepRange=4)
  Selected cycle: 20190907
Processing timestep: 201909071100
  Writing /home/lwestern/agage/meteorology/cfsv2/flexpart_inputs//GF19090711
  Trying cycle: 20190907
  Selected cycle: 20190907
Processing timestep: 201909071200
  Writing /home/lwestern/agage/meteorology/cfsv2/flexpart_inputs//GF19090712
  Trying cycle: 20190907
  Step filtering not needed (single numeric stepRange=5)
  Step filtering not needed (single numeric stepRange=6)
  Selected cycle: 20190907
Processing timestep: 201909071300
  Writing /home/lwestern/agage/meteorology/cfsv2/flexpart_inputs//GF19090713
  Trying cycle: 20190907
  Step filtering not needed (single numeric stepRange=1)
  Selected cycle: 20190907
Processing timestep: 201909071400
  Writing /home/lwestern/agage/meteorology/cfsv2/flexpart_inputs//GF19090714
  Trying cycle: 20190907
  Selected cycle: 20190907
Processing timestep: 201909071500
  Writing /home/lwestern/agage/meteorology/cfsv2/flexpart_inputs//GF19090715
  Trying cycle: 20190907
  Step filtering not needed (single numeric stepRange=2)
  Step filtering not needed (single numeric stepRange=3)
  Selected cycle: 20190907
Processing timestep: 201909071600
  Writing /home/lwestern/agage/meteorology/cfsv2/flexpart_inputs//GF19090716
  Trying cycle: 20190907
  Step filtering not needed (single numeric stepRange=4)
  Selected cycle: 20190907
Processing timestep: 201909071700
  Writing /home/lwestern/agage/meteorology/cfsv2/flexpart_inputs//GF19090717
  Trying cycle: 20190907
  Step filtering not needed (single numeric stepRange=5)
  Selected cycle: 20190907
Processing timestep: 201909071800
  Writing /home/lwestern/agage/meteorology/cfsv2/flexpart_inputs//GF19090718
  Trying cycle: 20190907
  Step filtering not needed (single numeric stepRange=6)
  Selected cycle: 20190907
Processing timestep: 201909071900
  Writing /home/lwestern/agage/meteorology/cfsv2/flexpart_inputs//GF19090719
  Trying cycle: 20190907
  Step filtering not needed (single numeric stepRange=1)
  Selected cycle: 20190907
Processing timestep: 201909072000
  Writing /home/lwestern/agage/meteorology/cfsv2/flexpart_inputs//GF19090720
  Trying cycle: 20190907
  Selected cycle: 20190907
Processing timestep: 201909072100
  Writing /home/lwestern/agage/meteorology/cfsv2/flexpart_inputs//GF19090721
  Trying cycle: 20190907
  Step filtering not needed (single numeric stepRange=2)
  Step filtering not needed (single numeric stepRange=3)
  Selected cycle: 20190907
Processing timestep: 201909072200
  Writing /home/lwestern/agage/meteorology/cfsv2/flexpart_inputs//GF19090722
  Trying cycle: 20190907
  Step filtering not needed (single numeric stepRange=4)
  Selected cycle: 20190907
Processing timestep: 201909072300
  Writing /home/lwestern/agage/meteorology/cfsv2/flexpart_inputs//GF19090723
  Trying cycle: 20190907
  Selected cycle: 20190907
Processing timestep: 201909080000
  Writing /home/lwestern/agage/meteorology/cfsv2/flexpart_inputs//GF19090800
  Trying cycle: 20190907
  Step filtering not needed (single numeric stepRange=5)
  Step filtering not needed (single numeric stepRange=6)
  Selected cycle: 20190907
Processing timestep: 201909140100
  Writing /home/lwestern/agage/meteorology/cfsv2/flexpart_inputs//GF19091401
  Trying cycle: 20190914
  Selected cycle: 20190907
Processing timestep: 201909140200
  Writing /home/lwestern/agage/meteorology/cfsv2/flexpart_inputs//GF19091402
  Trying cycle: 20190914
  Step filtering not needed (single numeric stepRange=1)
  Step filtering not needed (single numeric stepRange=2)
  Selected cycle: 20190907
Processing timestep: 201909140300
  Writing /home/lwestern/agage/meteorology/cfsv2/flexpart_inputs//GF19091403
  Trying cycle: 20190914
  Step filtering not needed (single numeric stepRange=3)
  Selected cycle: 20190907
Processing timestep: 201909140400
  Writing /home/lwestern/agage/meteorology/cfsv2/flexpart_inputs//GF19091404
  Trying cycle: 20190914
  Selected cycle: 20190907
Processing timestep: 201909140500
  Writing /home/lwestern/agage/meteorology/cfsv2/flexpart_inputs//GF19091405
  Trying cycle: 20190914
  Step filtering not needed (single numeric stepRange=4)
  Step filtering not needed (single numeric stepRange=5)
  Selected cycle: 20190907
Processing timestep: 201909140600
  Writing /home/lwestern/agage/meteorology/cfsv2/flexpart_inputs//GF19091406
  Trying cycle: 20190914
  Step filtering not needed (single numeric stepRange=6)
  Selected cycle: 20190907
Processing timestep: 201909140700
  Writing /home/lwestern/agage/meteorology/cfsv2/flexpart_inputs//GF19091407
  Trying cycle: 20190914
  Step filtering not needed (single numeric stepRange=1)
  Selected cycle: 20190907
Processing timestep: 201909140800
  Writing /home/lwestern/agage/meteorology/cfsv2/flexpart_inputs//GF19091408
  Trying cycle: 20190914
  Step filtering not needed (single numeric stepRange=2)
  Selected cycle: 20190914
Processing timestep: 201909140900
  Writing /home/lwestern/agage/meteorology/cfsv2/flexpart_inputs//GF19091409
  Trying cycle: 20190914
  Step filtering not needed (single numeric stepRange=3)
  Selected cycle: 20190914
Processing timestep: 201909141000
  Writing /home/lwestern/agage/meteorology/cfsv2/flexpart_inputs//GF19091410
  Trying cycle: 20190914
  Step filtering not needed (single numeric stepRange=4)
  Selected cycle: 20190914
Processing timestep: 201909141100
  Writing /home/lwestern/agage/meteorology/cfsv2/flexpart_inputs//GF19091411
  Trying cycle: 20190914
  Step filtering not needed (single numeric stepRange=5)
  Selected cycle: 20190914
Processing timestep: 201909141200
  Writing /home/lwestern/agage/meteorology/cfsv2/flexpart_inputs//GF19091412
  Trying cycle: 20190914
  Step filtering not needed (single numeric stepRange=6)
  Selected cycle: 20190914
Processing timestep: 201909141300
  Writing /home/lwestern/agage/meteorology/cfsv2/flexpart_inputs//GF19091413
  Trying cycle: 20190914
  Selected cycle: 20190914
Processing timestep: 201909141400
  Writing /home/lwestern/agage/meteorology/cfsv2/flexpart_inputs//GF19091414
  Trying cycle: 20190914
  Step filtering not needed (single numeric stepRange=1)
  Step filtering not needed (single numeric stepRange=2)
  Selected cycle: 20190914
Processing timestep: 201909141500
  Writing /home/lwestern/agage/meteorology/cfsv2/flexpart_inputs//GF19091415
  Trying cycle: 20190914
  Selected cycle: 20190914
Processing timestep: 201909141600
  Writing /home/lwestern/agage/meteorology/cfsv2/flexpart_inputs//GF19091416
  Trying cycle: 20190914
  Step filtering not needed (single numeric stepRange=3)
  Step filtering not needed (single numeric stepRange=4)
  Selected cycle: 20190914
Processing timestep: 201909141700
  Writing /home/lwestern/agage/meteorology/cfsv2/flexpart_inputs//GF19091417
  Trying cycle: 20190914
  Selected cycle: 20190914
Processing timestep: 201909141800
  Writing /home/lwestern/agage/meteorology/cfsv2/flexpart_inputs//GF19091418
  Trying cycle: 20190914
  Step filtering not needed (single numeric stepRange=5)
  Step filtering not needed (single numeric stepRange=6)
  Selected cycle: 20190914
Processing timestep: 201909141900
  Writing /home/lwestern/agage/meteorology/cfsv2/flexpart_inputs//GF19091419
  Trying cycle: 20190914
  Step filtering not needed (single numeric stepRange=1)
  Selected cycle: 20190914
Processing timestep: 201909142000
  Writing /home/lwestern/agage/meteorology/cfsv2/flexpart_inputs//GF19091420
  Trying cycle: 20190914
  Step filtering not needed (single numeric stepRange=2)
  Selected cycle: 20190914
Processing timestep: 201909142100
  Selected cycle: 20190914
Processing timestep: 201909142200
  Writing /home/lwestern/agage/meteorology/cfsv2/flexpart_inputs//GF19091421
  Trying cycle: 20190914
  Writing /home/lwestern/agage/meteorology/cfsv2/flexpart_inputs//GF19091422
  Trying cycle: 20190914
  Step filtering not needed (single numeric stepRange=3)
  Step filtering not needed (single numeric stepRange=4)
  Selected cycle: 20190914
Processing timestep: 201909142300
  Writing /home/lwestern/agage/meteorology/cfsv2/flexpart_inputs//GF19091423
  Trying cycle: 20190914
  Step filtering not needed (single numeric stepRange=5)
  Selected cycle: 20190914
Processing timestep: 201909150000
  Writing /home/lwestern/agage/meteorology/cfsv2/flexpart_inputs//GF19091500
  Trying cycle: 20190914
  Step filtering not needed (single numeric stepRange=6)
  Selected cycle: 20190914
Processing timestep: 201909150100
  Writing /home/lwestern/agage/meteorology/cfsv2/flexpart_inputs//GF19091501
  Trying cycle: 20190915
  WARNING: Missing ipvgrbh file for 201909150100 cycle 20190915 (continuing with pgrbh only)
  Step filtering not needed (single numeric stepRange=1)
  Selected cycle: 20190914
Processing timestep: 201909150200
  Writing /home/lwestern/agage/meteorology/cfsv2/flexpart_inputs//GF19091502
  Trying cycle: 20190915
  WARNING: Missing ipvgrbh file for 201909150200 cycle 20190915 (continuing with pgrbh only)
  Step filtering not needed (single numeric stepRange=2)
  Selected cycle: 20190914
Processing timestep: 201909150300
  Writing /home/lwestern/agage/meteorology/cfsv2/flexpart_inputs//GF19091503
  Trying cycle: 20190915
  WARNING: Missing ipvgrbh file for 201909150300 cycle 20190915 (continuing with pgrbh only)
  Step filtering not needed (single numeric stepRange=3)
  Selected cycle: 20190914
Processing timestep: 201909150400
  Writing /home/lwestern/agage/meteorology/cfsv2/flexpart_inputs//GF19091504
  Trying cycle: 20190915
  Selected cycle: 20190914
Processing timestep: 201909150500
  Writing /home/lwestern/agage/meteorology/cfsv2/flexpart_inputs//GF19091505
  WARNING: Missing ipvgrbh file for 201909150400 cycle 20190915 (continuing with pgrbh only)
  Trying cycle: 20190915
  Selected cycle: 20190914
Processing timestep: 201909150600
  Writing /home/lwestern/agage/meteorology/cfsv2/flexpart_inputs//GF19091506
  Trying cycle: 20190915
  Step filtering not needed (single numeric stepRange=4)
  WARNING: Missing ipvgrbh file for 201909150500 cycle 20190915 (continuing with pgrbh only)
  Step filtering not needed (single numeric stepRange=5)
  WARNING: Missing ipvgrbh file for 201909150600 cycle 20190915 (continuing with pgrbh only)
  Step filtering not needed (single numeric stepRange=6)
  Selected cycle: 20190914
Processing timestep: 201909150700
  Writing /home/lwestern/agage/meteorology/cfsv2/flexpart_inputs//GF19091507
  Trying cycle: 20190915
  WARNING: Missing ipvgrbh file for 201909150700 cycle 20190915 (continuing with pgrbh only)
  Selected cycle: 20190914
Processing timestep: 201909150800
  Writing /home/lwestern/agage/meteorology/cfsv2/flexpart_inputs//GF19091508
  Trying cycle: 20190915
  Step filtering not needed (single numeric stepRange=1)
  WARNING: Missing ipvgrbh file for 201909150800 cycle 20190915 (continuing with pgrbh only)
  Step filtering not needed (single numeric stepRange=2)
  Selected cycle: 20190915
Processing timestep: 201909150900
  Writing /home/lwestern/agage/meteorology/cfsv2/flexpart_inputs//GF19091509
  Trying cycle: 20190915
  WARNING: Missing ipvgrbh file for 201909150900 cycle 20190915 (continuing with pgrbh only)
  Step filtering not needed (single numeric stepRange=3)
  Selected cycle: 20190915
Processing timestep: 201909151000
  Writing /home/lwestern/agage/meteorology/cfsv2/flexpart_inputs//GF19091510
  Trying cycle: 20190915
  WARNING: Missing ipvgrbh file for 201909151000 cycle 20190915 (continuing with pgrbh only)
  Step filtering not needed (single numeric stepRange=4)
  Selected cycle: 20190915
Processing timestep: 201909151100
  Writing /home/lwestern/agage/meteorology/cfsv2/flexpart_inputs//GF19091511
  Trying cycle: 20190915
  WARNING: Missing ipvgrbh file for 201909151100 cycle 20190915 (continuing with pgrbh only)
  Step filtering not needed (single numeric stepRange=5)
  Selected cycle: 20190915
Processing timestep: 201909151200
  Writing /home/lwestern/agage/meteorology/cfsv2/flexpart_inputs//GF19091512
  Trying cycle: 20190915
  Selected cycle: 20190915
Processing timestep: 201909151300
  Writing /home/lwestern/agage/meteorology/cfsv2/flexpart_inputs//GF19091513
  Selected cycle: 20190915
  Trying cycle: 20190915
Processing timestep: 201909151400
  Writing /home/lwestern/agage/meteorology/cfsv2/flexpart_inputs//GF19091514
  Trying cycle: 20190915
  WARNING: Missing ipvgrbh file for 201909151200 cycle 20190915 (continuing with pgrbh only)
  Step filtering not needed (single numeric stepRange=6)
  WARNING: Missing ipvgrbh file for 201909151300 cycle 20190915 (continuing with pgrbh only)
  WARNING: Missing ipvgrbh file for 201909151400 cycle 20190915 (continuing with pgrbh only)
  Step filtering not needed (single numeric stepRange=1)
  Step filtering not needed (single numeric stepRange=2)
  Selected cycle: 20190915
Processing timestep: 201909151500
  Writing /home/lwestern/agage/meteorology/cfsv2/flexpart_inputs//GF19091515
  Trying cycle: 20190915
  Selected cycle: 20190915
Processing timestep: 201909151600
  Writing /home/lwestern/agage/meteorology/cfsv2/flexpart_inputs//GF19091516
  Trying cycle: 20190915
  WARNING: Missing ipvgrbh file for 201909151500 cycle 20190915 (continuing with pgrbh only)
  Step filtering not needed (single numeric stepRange=3)
  WARNING: Missing ipvgrbh file for 201909151600 cycle 20190915 (continuing with pgrbh only)
  Step filtering not needed (single numeric stepRange=4)
  Selected cycle: 20190915
Processing timestep: 201909151700
  Writing /home/lwestern/agage/meteorology/cfsv2/flexpart_inputs//GF19091517
  Trying cycle: 20190915
  Selected cycle: 20190915
Processing timestep: 201909151800
  Writing /home/lwestern/agage/meteorology/cfsv2/flexpart_inputs//GF19091518
  Trying cycle: 20190915
  WARNING: Missing ipvgrbh file for 201909151700 cycle 20190915 (continuing with pgrbh only)
  Step filtering not needed (single numeric stepRange=5)
  WARNING: Missing ipvgrbh file for 201909151800 cycle 20190915 (continuing with pgrbh only)
  Step filtering not needed (single numeric stepRange=6)
  Selected cycle: 20190915
Processing timestep: 201909151900
  Writing /home/lwestern/agage/meteorology/cfsv2/flexpart_inputs//GF19091519
  Trying cycle: 20190915
  WARNING: Missing ipvgrbh file for 201909151900 cycle 20190915 (continuing with pgrbh only)
  Step filtering not needed (single numeric stepRange=1)
  Selected cycle: 20190915
Processing timestep: 201909152000
  Writing /home/lwestern/agage/meteorology/cfsv2/flexpart_inputs//GF19091520
  Trying cycle: 20190915
  Selected cycle: 20190915
Processing timestep: 201909152100
  Writing /home/lwestern/agage/meteorology/cfsv2/flexpart_inputs//GF19091521
  Trying cycle: 20190915
  WARNING: Missing ipvgrbh file for 201909152000 cycle 20190915 (continuing with pgrbh only)
  Step filtering not needed (single numeric stepRange=2)
  Selected cycle: 20190915
Processing timestep: 201909152200
  Writing /home/lwestern/agage/meteorology/cfsv2/flexpart_inputs//GF19091522
  Trying cycle: 20190915
  WARNING: Missing ipvgrbh file for 201909152100 cycle 20190915 (continuing with pgrbh only)
  Step filtering not needed (single numeric stepRange=3)
  WARNING: Missing ipvgrbh file for 201909152200 cycle 20190915 (continuing with pgrbh only)
  Step filtering not needed (single numeric stepRange=4)
  Selected cycle: 20190915
Processing timestep: 201909152300
  Writing /home/lwestern/agage/meteorology/cfsv2/flexpart_inputs//GF19091523
  Trying cycle: 20190915
  Selected cycle: 20190915
Processing timestep: 201909160000
  WARNING: Missing ipvgrbh file for 201909152300 cycle 20190915 (continuing with pgrbh only)
  Writing /home/lwestern/agage/meteorology/cfsv2/flexpart_inputs//GF19091600
  Step filtering not needed (single numeric stepRange=5)
  Trying cycle: 20190915
  WARNING: Missing ipvgrbh file for 201909160000 cycle 20190915 (continuing with pgrbh only)
  Step filtering not needed (single numeric stepRange=6)
  Selected cycle: 20190915
Processing timestep: 201909190100
  Writing /home/lwestern/agage/meteorology/cfsv2/flexpart_inputs//GF19091901
  Trying cycle: 20190919
  Selected cycle: 20190915
Processing timestep: 201909190200
  Writing /home/lwestern/agage/meteorology/cfsv2/flexpart_inputs//GF19091902
  Trying cycle: 20190919
  Step filtering not needed (single numeric stepRange=1)
  Step filtering not needed (single numeric stepRange=2)
  Selected cycle: 20190915
Processing timestep: 201909190300
  Writing /home/lwestern/agage/meteorology/cfsv2/flexpart_inputs//GF19091903
  Trying cycle: 20190919
  Step filtering not needed (single numeric stepRange=3)
  Selected cycle: 20190915
Processing timestep: 201909190400
  Writing /home/lwestern/agage/meteorology/cfsv2/flexpart_inputs//GF19091904
  Trying cycle: 20190919
  Step filtering not needed (single numeric stepRange=4)
  Selected cycle: 20190915
Processing timestep: 201909190500
  Writing /home/lwestern/agage/meteorology/cfsv2/flexpart_inputs//GF19091905
  Trying cycle: 20190919
  Selected cycle: 20190915
Processing timestep: 201909190600
  Writing /home/lwestern/agage/meteorology/cfsv2/flexpart_inputs//GF19091906
  Trying cycle: 20190919
  Step filtering not needed (single numeric stepRange=5)
  Selected cycle: 20190915
Processing timestep: 201909190700
  Writing /home/lwestern/agage/meteorology/cfsv2/flexpart_inputs//GF19091907
  Trying cycle: 20190919
  Step filtering not needed (single numeric stepRange=6)
  Step filtering not needed (single numeric stepRange=1)
  Selected cycle: 20190915
Processing timestep: 201909190800
  Writing /home/lwestern/agage/meteorology/cfsv2/flexpart_inputs//GF19091908
  Trying cycle: 20190919
  Step filtering not needed (single numeric stepRange=2)
  Selected cycle: 20190919
Processing timestep: 201909190900
  Writing /home/lwestern/agage/meteorology/cfsv2/flexpart_inputs//GF19091909
  Trying cycle: 20190919
  Selected cycle: 20190919
Processing timestep: 201909191000
  Writing /home/lwestern/agage/meteorology/cfsv2/flexpart_inputs//GF19091910
  Trying cycle: 20190919
  Step filtering not needed (single numeric stepRange=3)
  Step filtering not needed (single numeric stepRange=4)
  Selected cycle: 20190919
Processing timestep: 201909191100
  Writing /home/lwestern/agage/meteorology/cfsv2/flexpart_inputs//GF19091911
  Trying cycle: 20190919
  Step filtering not needed (single numeric stepRange=5)
  Selected cycle: 20190919
Processing timestep: 201909191200
  Writing /home/lwestern/agage/meteorology/cfsv2/flexpart_inputs//GF19091912
  Trying cycle: 20190919
  Step filtering not needed (single numeric stepRange=6)
  Selected cycle: 20190919
Processing timestep: 201909191300
  Writing /home/lwestern/agage/meteorology/cfsv2/flexpart_inputs//GF19091913
  Trying cycle: 20190919
  Step filtering not needed (single numeric stepRange=1)
  Selected cycle: 20190919
Processing timestep: 201909191400
  Writing /home/lwestern/agage/meteorology/cfsv2/flexpart_inputs//GF19091914
  Trying cycle: 20190919
  Step filtering not needed (single numeric stepRange=2)
  Selected cycle: 20190919
Processing timestep: 201909191500
  Writing /home/lwestern/agage/meteorology/cfsv2/flexpart_inputs//GF19091915
  Trying cycle: 20190919
  Selected cycle: 20190919
Processing timestep: 201909191600
  Writing /home/lwestern/agage/meteorology/cfsv2/flexpart_inputs//GF19091916
  Trying cycle: 20190919
  Step filtering not needed (single numeric stepRange=3)
  Step filtering not needed (single numeric stepRange=4)
  Selected cycle: 20190919
Processing timestep: 201909191700
  Writing /home/lwestern/agage/meteorology/cfsv2/flexpart_inputs//GF19091917
  Trying cycle: 20190919
  Step filtering not needed (single numeric stepRange=5)
  Selected cycle: 20190919
Processing timestep: 201909191800
  Writing /home/lwestern/agage/meteorology/cfsv2/flexpart_inputs//GF19091918
  Trying cycle: 20190919
  Step filtering not needed (single numeric stepRange=6)
  Selected cycle: 20190919
Processing timestep: 201909191900
  Writing /home/lwestern/agage/meteorology/cfsv2/flexpart_inputs//GF19091919
  Trying cycle: 20190919
  Step filtering not needed (single numeric stepRange=1)
  Selected cycle: 20190919
Processing timestep: 201909192000
  Writing /home/lwestern/agage/meteorology/cfsv2/flexpart_inputs//GF19091920
  Trying cycle: 20190919
  Selected cycle: 20190919
Processing timestep: 201909192100
  Writing /home/lwestern/agage/meteorology/cfsv2/flexpart_inputs//GF19091921
  Trying cycle: 20190919
  Step filtering not needed (single numeric stepRange=2)
  Step filtering not needed (single numeric stepRange=3)
  Selected cycle: 20190919
Processing timestep: 201909192200
  Writing /home/lwestern/agage/meteorology/cfsv2/flexpart_inputs//GF19091922
  Trying cycle: 20190919
  Step filtering not needed (single numeric stepRange=4)
  Selected cycle: 20190919
Processing timestep: 201909192300
  Writing /home/lwestern/agage/meteorology/cfsv2/flexpart_inputs//GF19091923
  Trying cycle: 20190919
  Selected cycle: 20190919
Processing timestep: 201909200000
  Writing /home/lwestern/agage/meteorology/cfsv2/flexpart_inputs//GF19092000
  Trying cycle: 20190919
  Step filtering not needed (single numeric stepRange=5)
  Selected cycle: 20190919
Processing timestep: 201909230100
  Writing /home/lwestern/agage/meteorology/cfsv2/flexpart_inputs//GF19092301
  Selected cycle: 20190919
Processing timestep: 201909230200
  Trying cycle: 20190923
  Writing /home/lwestern/agage/meteorology/cfsv2/flexpart_inputs//GF19092302
  Trying cycle: 20190923
  Step filtering not needed (single numeric stepRange=6)
  WARNING: Missing ipvgrbh file for 201909230200 cycle 20190923 (continuing with pgrbh only)
  WARNING: Missing ipvgrbh file for 201909230100 cycle 20190923 (continuing with pgrbh only)
  Step filtering not needed (single numeric stepRange=2)
  Step filtering not needed (single numeric stepRange=1)
  Selected cycle: 20190919
Processing timestep: 201909230300
  Writing /home/lwestern/agage/meteorology/cfsv2/flexpart_inputs//GF19092303
  Trying cycle: 20190923
  WARNING: Missing ipvgrbh file for 201909230300 cycle 20190923 (continuing with pgrbh only)
  Step filtering not needed (single numeric stepRange=3)
  Selected cycle: 20190919
Processing timestep: 201909230400
  Writing /home/lwestern/agage/meteorology/cfsv2/flexpart_inputs//GF19092304
  Trying cycle: 20190923
  Selected cycle: 20190919
Processing timestep: 201909230500
  Writing /home/lwestern/agage/meteorology/cfsv2/flexpart_inputs//GF19092305
  Trying cycle: 20190923
  WARNING: Missing ipvgrbh file for 201909230400 cycle 20190923 (continuing with pgrbh only)
  Step filtering not needed (single numeric stepRange=4)
  WARNING: Missing ipvgrbh file for 201909230500 cycle 20190923 (continuing with pgrbh only)
  Step filtering not needed (single numeric stepRange=5)
  Selected cycle: 20190919
Processing timestep: 201909230600
  Writing /home/lwestern/agage/meteorology/cfsv2/flexpart_inputs//GF19092306
  Trying cycle: 20190923
  WARNING: Missing ipvgrbh file for 201909230600 cycle 20190923 (continuing with pgrbh only)
  Step filtering not needed (single numeric stepRange=6)
  Selected cycle: 20190919
Processing timestep: 201909230700
  Writing /home/lwestern/agage/meteorology/cfsv2/flexpart_inputs//GF19092307
  Trying cycle: 20190923
  Selected cycle: 20190919
Processing timestep: 201909230800
  Writing /home/lwestern/agage/meteorology/cfsv2/flexpart_inputs//GF19092308
  Trying cycle: 20190923
  WARNING: Missing ipvgrbh file for 201909230700 cycle 20190923 (continuing with pgrbh only)
  Step filtering not needed (single numeric stepRange=1)
  WARNING: Missing ipvgrbh file for 201909230800 cycle 20190923 (continuing with pgrbh only)
  Step filtering not needed (single numeric stepRange=2)
  Selected cycle: 20190923
Processing timestep: 201909230900
  Writing /home/lwestern/agage/meteorology/cfsv2/flexpart_inputs//GF19092309
  Trying cycle: 20190923
  Selected cycle: 20190923
Processing timestep: 201909231000
  Writing /home/lwestern/agage/meteorology/cfsv2/flexpart_inputs//GF19092310
  Trying cycle: 20190923
  WARNING: Missing ipvgrbh file for 201909230900 cycle 20190923 (continuing with pgrbh only)
  Step filtering not needed (single numeric stepRange=3)
  WARNING: Missing ipvgrbh file for 201909231000 cycle 20190923 (continuing with pgrbh only)
  Step filtering not needed (single numeric stepRange=4)
  Selected cycle: 20190923
Processing timestep: 201909231100
  Writing /home/lwestern/agage/meteorology/cfsv2/flexpart_inputs//GF19092311
  Trying cycle: 20190923
  WARNING: Missing ipvgrbh file for 201909231100 cycle 20190923 (continuing with pgrbh only)
  Step filtering not needed (single numeric stepRange=5)
  Selected cycle: 20190923
Processing timestep: 201909231200
  Selected cycle: 20190923
Processing timestep: 201909231300
  Writing /home/lwestern/agage/meteorology/cfsv2/flexpart_inputs//GF19092313
  Writing /home/lwestern/agage/meteorology/cfsv2/flexpart_inputs//GF19092312
  Trying cycle: 20190923
  Trying cycle: 20190923
  WARNING: Missing ipvgrbh file for 201909231300 cycle 20190923 (continuing with pgrbh only)
  WARNING: Missing ipvgrbh file for 201909231200 cycle 20190923 (continuing with pgrbh only)
  Step filtering not needed (single numeric stepRange=1)
  Step filtering not needed (single numeric stepRange=6)
  Selected cycle: 20190923
Processing timestep: 201909231400
  Writing /home/lwestern/agage/meteorology/cfsv2/flexpart_inputs//GF19092314
  Trying cycle: 20190923
  WARNING: Missing ipvgrbh file for 201909231400 cycle 20190923 (continuing with pgrbh only)
  Step filtering not needed (single numeric stepRange=2)
  Selected cycle: 20190923
Processing timestep: 201909231500
  Writing /home/lwestern/agage/meteorology/cfsv2/flexpart_inputs//GF19092315
  Trying cycle: 20190923
  WARNING: Missing ipvgrbh file for 201909231500 cycle 20190923 (continuing with pgrbh only)
  Step filtering not needed (single numeric stepRange=3)
  Selected cycle: 20190923
Processing timestep: 201909231600
  Writing /home/lwestern/agage/meteorology/cfsv2/flexpart_inputs//GF19092316
  Trying cycle: 20190923
  WARNING: Missing ipvgrbh file for 201909231600 cycle 20190923 (continuing with pgrbh only)
  Step filtering not needed (single numeric stepRange=4)
  Selected cycle: 20190923
Processing timestep: 201909231700
  Writing /home/lwestern/agage/meteorology/cfsv2/flexpart_inputs//GF19092317
  Trying cycle: 20190923
  WARNING: Missing ipvgrbh file for 201909231700 cycle 20190923 (continuing with pgrbh only)
  Step filtering not needed (single numeric stepRange=5)
  Selected cycle: 20190923
Processing timestep: 201909231800
  Writing /home/lwestern/agage/meteorology/cfsv2/flexpart_inputs//GF19092318
  Trying cycle: 20190923
  WARNING: Missing ipvgrbh file for 201909231800 cycle 20190923 (continuing with pgrbh only)
  Step filtering not needed (single numeric stepRange=6)
  Selected cycle: 20190923
Processing timestep: 201909231900
  Writing /home/lwestern/agage/meteorology/cfsv2/flexpart_inputs//GF19092319
  Trying cycle: 20190923
  WARNING: Missing ipvgrbh file for 201909231900 cycle 20190923 (continuing with pgrbh only)
  Step filtering not needed (single numeric stepRange=1)
  Selected cycle: 20190923
Processing timestep: 201909232000
  Selected cycle: 20190923
Processing timestep: 201909232100
  Writing /home/lwestern/agage/meteorology/cfsv2/flexpart_inputs//GF19092321
  Writing /home/lwestern/agage/meteorology/cfsv2/flexpart_inputs//GF19092320
  Trying cycle: 20190923
  Trying cycle: 20190923
  WARNING: Missing ipvgrbh file for 201909232100 cycle 20190923 (continuing with pgrbh only)
  WARNING: Missing ipvgrbh file for 201909232000 cycle 20190923 (continuing with pgrbh only)
  Step filtering not needed (single numeric stepRange=3)
  Step filtering not needed (single numeric stepRange=2)
  Selected cycle: 20190923
Processing timestep: 201909232200
  Writing /home/lwestern/agage/meteorology/cfsv2/flexpart_inputs//GF19092322
  Trying cycle: 20190923
  WARNING: Missing ipvgrbh file for 201909232200 cycle 20190923 (continuing with pgrbh only)
  Step filtering not needed (single numeric stepRange=4)
  Selected cycle: 20190923
Processing timestep: 201909232300
  Selected cycle: 20190923
Processing timestep: 201909240000
  Writing /home/lwestern/agage/meteorology/cfsv2/flexpart_inputs//GF19092323
  Writing /home/lwestern/agage/meteorology/cfsv2/flexpart_inputs//GF19092400
  Trying cycle: 20190923
  Trying cycle: 20190923
  WARNING: Missing ipvgrbh file for 201909232300 cycle 20190923 (continuing with pgrbh only)
  WARNING: Missing ipvgrbh file for 201909240000 cycle 20190923 (continuing with pgrbh only)
  Step filtering not needed (single numeric stepRange=5)
  Step filtering not needed (single numeric stepRange=6)
  Selected cycle: 20190923
  Selected cycle: 20190923
Processing timestep: 201909240100
Processing timestep: 201909240200
  Writing /home/lwestern/agage/meteorology/cfsv2/flexpart_inputs//GF19092402
  Writing /home/lwestern/agage/meteorology/cfsv2/flexpart_inputs//GF19092401
  Trying cycle: 20190924
  Trying cycle: 20190924
  Step filtering not needed (single numeric stepRange=1)
  Step filtering not needed (single numeric stepRange=2)
  Selected cycle: 20190923
Processing timestep: 201909240300
  Writing /home/lwestern/agage/meteorology/cfsv2/flexpart_inputs//GF19092403
  Trying cycle: 20190924
  Step filtering not needed (single numeric stepRange=3)
  Selected cycle: 20190923
Processing timestep: 201909240400
  Selected cycle: 20190923
Processing timestep: 201909240500
  Selected cycle: 20190923
Processing timestep: 201909240600
  Writing /home/lwestern/agage/meteorology/cfsv2/flexpart_inputs//GF19092405
  Writing /home/lwestern/agage/meteorology/cfsv2/flexpart_inputs//GF19092406
  Writing /home/lwestern/agage/meteorology/cfsv2/flexpart_inputs//GF19092404
  Trying cycle: 20190924
  Trying cycle: 20190924
  Trying cycle: 20190924
  Step filtering not needed (single numeric stepRange=5)
  Step filtering not needed (single numeric stepRange=6)
  Step filtering not needed (single numeric stepRange=4)
  Selected cycle: 20190923
Processing timestep: 201909240700
  Selected cycle: 20190923
Processing timestep: 201909240800
  Writing /home/lwestern/agage/meteorology/cfsv2/flexpart_inputs//GF19092408
  Writing /home/lwestern/agage/meteorology/cfsv2/flexpart_inputs//GF19092407
  Trying cycle: 20190924
  Trying cycle: 20190924
  Step filtering not needed (single numeric stepRange=2)
  Step filtering not needed (single numeric stepRange=1)
  Selected cycle: 20190924
Processing timestep: 201909240900
  Writing /home/lwestern/agage/meteorology/cfsv2/flexpart_inputs//GF19092409
  Trying cycle: 20190924
  Step filtering not needed (single numeric stepRange=3)
  Selected cycle: 20190924
Processing timestep: 201909241000
  Writing /home/lwestern/agage/meteorology/cfsv2/flexpart_inputs//GF19092410
  Trying cycle: 20190924
  Step filtering not needed (single numeric stepRange=4)
  Selected cycle: 20190924
Processing timestep: 201909241100
  Writing /home/lwestern/agage/meteorology/cfsv2/flexpart_inputs//GF19092411
  Trying cycle: 20190924
  Step filtering not needed (single numeric stepRange=5)
  Selected cycle: 20190924
Processing timestep: 201909241200
  Selected cycle: 20190924
Processing timestep: 201909241300
  Selected cycle: 20190924
Processing timestep: 201909241400
  Writing /home/lwestern/agage/meteorology/cfsv2/flexpart_inputs//GF19092412
  Writing /home/lwestern/agage/meteorology/cfsv2/flexpart_inputs//GF19092413
  Trying cycle: 20190924
  Writing /home/lwestern/agage/meteorology/cfsv2/flexpart_inputs//GF19092414
  Trying cycle: 20190924
  Trying cycle: 20190924
  Step filtering not needed (single numeric stepRange=2)
  Step filtering not needed (single numeric stepRange=1)
  Step filtering not needed (single numeric stepRange=6)
  Selected cycle: 20190924
Processing timestep: 201909241500
  Selected cycle: 20190924
Processing timestep: 201909241600
  Writing /home/lwestern/agage/meteorology/cfsv2/flexpart_inputs//GF19092415
  Writing /home/lwestern/agage/meteorology/cfsv2/flexpart_inputs//GF19092416
  Trying cycle: 20190924
  Trying cycle: 20190924
  Step filtering not needed (single numeric stepRange=4)
  Step filtering not needed (single numeric stepRange=3)
  Selected cycle: 20190924
Processing timestep: 201909241700
  Writing /home/lwestern/agage/meteorology/cfsv2/flexpart_inputs//GF19092417
  Trying cycle: 20190924
  Step filtering not needed (single numeric stepRange=5)
  Selected cycle: 20190924
Processing timestep: 201909241800
  Writing /home/lwestern/agage/meteorology/cfsv2/flexpart_inputs//GF19092418
  Trying cycle: 20190924
  Step filtering not needed (single numeric stepRange=6)
  Selected cycle: 20190924
Processing timestep: 201909241900
  Writing /home/lwestern/agage/meteorology/cfsv2/flexpart_inputs//GF19092419
  Trying cycle: 20190924
  Step filtering not needed (single numeric stepRange=1)
  Selected cycle: 20190924
Processing timestep: 201909242000
  Writing /home/lwestern/agage/meteorology/cfsv2/flexpart_inputs//GF19092420
  Trying cycle: 20190924
  Selected cycle: 20190924
Processing timestep: 201909242100
  Writing /home/lwestern/agage/meteorology/cfsv2/flexpart_inputs//GF19092421
  Trying cycle: 20190924
  Selected cycle: 20190924
Processing timestep: 201909242200
  Step filtering not needed (single numeric stepRange=2)
  Writing /home/lwestern/agage/meteorology/cfsv2/flexpart_inputs//GF19092422
  Trying cycle: 20190924
  Step filtering not needed (single numeric stepRange=3)
  Step filtering not needed (single numeric stepRange=4)
  Selected cycle: 20190924
Processing timestep: 201909242300
  Writing /home/lwestern/agage/meteorology/cfsv2/flexpart_inputs//GF19092423
  Trying cycle: 20190924
  Selected cycle: 20190924
Processing timestep: 201909250000
  Writing /home/lwestern/agage/meteorology/cfsv2/flexpart_inputs//GF19092500
  Trying cycle: 20190924
  Step filtering not needed (single numeric stepRange=5)
  Selected cycle: 20190924
Processing timestep: 201909300100
  Writing /home/lwestern/agage/meteorology/cfsv2/flexpart_inputs//GF19093001
  Trying cycle: 20190930
  Step filtering not needed (single numeric stepRange=1)
  Step filtering not needed (single numeric stepRange=6)
  Selected cycle: 20190924
Processing timestep: 201909300200
  Writing /home/lwestern/agage/meteorology/cfsv2/flexpart_inputs//GF19093002
  Trying cycle: 20190930
  Step filtering not needed (single numeric stepRange=2)
  Selected cycle: 20190924
Processing timestep: 201909300300
  Writing /home/lwestern/agage/meteorology/cfsv2/flexpart_inputs//GF19093003
  Trying cycle: 20190930
  Step filtering not needed (single numeric stepRange=3)
  Selected cycle: 20190924
  Selected cycle: 20190924
Processing timestep: 201909300400
Processing timestep: 201909300500
  Writing /home/lwestern/agage/meteorology/cfsv2/flexpart_inputs//GF19093004
  Writing /home/lwestern/agage/meteorology/cfsv2/flexpart_inputs//GF19093005
  Trying cycle: 20190930
  Trying cycle: 20190930
  Selected cycle: 20190924
Processing timestep: 201909300600
  Writing /home/lwestern/agage/meteorology/cfsv2/flexpart_inputs//GF19093006
  Trying cycle: 20190930
  Step filtering not needed (single numeric stepRange=4)
  Step filtering not needed (single numeric stepRange=5)
  Step filtering not needed (single numeric stepRange=6)
  Selected cycle: 20190930
Processing timestep: 201909300700
  Writing /home/lwestern/agage/meteorology/cfsv2/flexpart_inputs//GF19093007
  Trying cycle: 20190930
  Selected cycle: 20190924
Processing timestep: 201909300800
  Writing /home/lwestern/agage/meteorology/cfsv2/flexpart_inputs//GF19093008
  Selected cycle: 20190924
  Trying cycle: 20190930
Processing timestep: 201909300900
  Writing /home/lwestern/agage/meteorology/cfsv2/flexpart_inputs//GF19093009
  Trying cycle: 20190930
  Step filtering not needed (single numeric stepRange=1)
  Step filtering not needed (single numeric stepRange=2)
  Step filtering not needed (single numeric stepRange=3)
  Selected cycle: 20190930
Processing timestep: 201909301000
  Writing /home/lwestern/agage/meteorology/cfsv2/flexpart_inputs//GF19093010
  Trying cycle: 20190930
  Step filtering not needed (single numeric stepRange=4)
  Selected cycle: 20190930
Processing timestep: 201909301100
  Writing /home/lwestern/agage/meteorology/cfsv2/flexpart_inputs//GF19093011
  Trying cycle: 20190930
  Step filtering not needed (single numeric stepRange=5)
  Selected cycle: 20190930
Processing timestep: 201909301200
  Writing /home/lwestern/agage/meteorology/cfsv2/flexpart_inputs//GF19093012
  Trying cycle: 20190930
  Selected cycle: 20190930
Processing timestep: 201909301300
  Writing /home/lwestern/agage/meteorology/cfsv2/flexpart_inputs//GF19093013
  Trying cycle: 20190930
  Step filtering not needed (single numeric stepRange=6)
  Selected cycle: 20190930
Processing timestep: 201909301400
  Writing /home/lwestern/agage/meteorology/cfsv2/flexpart_inputs//GF19093014
  Trying cycle: 20190930
  Step filtering not needed (single numeric stepRange=1)
  Step filtering not needed (single numeric stepRange=2)
  Selected cycle: 20190930
Processing timestep: 201909301500
  Selected cycle: 20190930
  Writing /home/lwestern/agage/meteorology/cfsv2/flexpart_inputs//GF19093015
Processing timestep: 201909301600
  Writing /home/lwestern/agage/meteorology/cfsv2/flexpart_inputs//GF19093016
  Trying cycle: 20190930
  Trying cycle: 20190930
  Step filtering not needed (single numeric stepRange=3)
  Step filtering not needed (single numeric stepRange=4)
  Selected cycle: 20190930
Processing timestep: 201909301700
  Writing /home/lwestern/agage/meteorology/cfsv2/flexpart_inputs//GF19093017
  Trying cycle: 20190930
  Selected cycle: 20190930
Processing timestep: 201909301800
  Writing /home/lwestern/agage/meteorology/cfsv2/flexpart_inputs//GF19093018
  Trying cycle: 20190930
  Selected cycle: 20190930
Processing timestep: 201909301900
  Writing /home/lwestern/agage/meteorology/cfsv2/flexpart_inputs//GF19093019
  Trying cycle: 20190930
  Step filtering not needed (single numeric stepRange=5)
  Step filtering not needed (single numeric stepRange=6)
  Step filtering not needed (single numeric stepRange=1)
  Selected cycle: 20190930
Processing timestep: 201909302000
  Writing /home/lwestern/agage/meteorology/cfsv2/flexpart_inputs//GF19093020
  Trying cycle: 20190930
  Selected cycle: 20190930
Processing timestep: 201909302100
  Writing /home/lwestern/agage/meteorology/cfsv2/flexpart_inputs//GF19093021
  Trying cycle: 20190930
  Step filtering not needed (single numeric stepRange=2)
  Step filtering not needed (single numeric stepRange=3)
  Selected cycle: 20190930
Processing timestep: 201909302200
  Writing /home/lwestern/agage/meteorology/cfsv2/flexpart_inputs//GF19093022
  Trying cycle: 20190930
  Step filtering not needed (single numeric stepRange=4)
  Selected cycle: 20190930
Processing timestep: 201909302300
  Writing /home/lwestern/agage/meteorology/cfsv2/flexpart_inputs//GF19093023
  Trying cycle: 20190930
  Step filtering not needed (single numeric stepRange=5)
  Selected cycle: 20190930
Processing timestep: 201910010000
  Writing /home/lwestern/agage/meteorology/cfsv2/flexpart_inputs//GF19100100
  Trying cycle: 20190930
  Step filtering not needed (single numeric stepRange=6)
  Selected cycle: 20190930
Processing timestep: 201910010100
  Writing /home/lwestern/agage/meteorology/cfsv2/flexpart_inputs//GF19100101
  Trying cycle: 20191001
  WARNING: Missing ipvgrbh file for 201910010100 cycle 20191001 (continuing with pgrbh only)
  Step filtering not needed (single numeric stepRange=1)
  Selected cycle: 20190930
Processing timestep: 201910010200
  Writing /home/lwestern/agage/meteorology/cfsv2/flexpart_inputs//GF19100102
  Selected cycle: 20190930
Processing timestep: 201910010300
  Writing /home/lwestern/agage/meteorology/cfsv2/flexpart_inputs//GF19100103
  Trying cycle: 20191001
  Trying cycle: 20191001
  WARNING: Missing ipvgrbh file for 201910010200 cycle 20191001 (continuing with pgrbh only)
  WARNING: Missing ipvgrbh file for 201910010300 cycle 20191001 (continuing with pgrbh only)
  Step filtering not needed (single numeric stepRange=2)
  Step filtering not needed (single numeric stepRange=3)
  Selected cycle: 20190930
Processing timestep: 201910010400
  Writing /home/lwestern/agage/meteorology/cfsv2/flexpart_inputs//GF19100104
  Selected cycle: 20190930
Processing timestep: 201910010500
  Writing /home/lwestern/agage/meteorology/cfsv2/flexpart_inputs//GF19100105
  Trying cycle: 20191001
  Trying cycle: 20191001
  WARNING: Missing ipvgrbh file for 201910010400 cycle 20191001 (continuing with pgrbh only)
  WARNING: Missing ipvgrbh file for 201910010500 cycle 20191001 (continuing with pgrbh only)
  Step filtering not needed (single numeric stepRange=4)
  Step filtering not needed (single numeric stepRange=5)
  Selected cycle: 20190930
Processing timestep: 201910010600
  Writing /home/lwestern/agage/meteorology/cfsv2/flexpart_inputs//GF19100106
  Trying cycle: 20191001
  WARNING: Missing ipvgrbh file for 201910010600 cycle 20191001 (continuing with pgrbh only)
  Step filtering not needed (single numeric stepRange=6)
  Selected cycle: 20190930
Processing timestep: 201910010700
  Writing /home/lwestern/agage/meteorology/cfsv2/flexpart_inputs//GF19100107
  Trying cycle: 20191001
  WARNING: Missing ipvgrbh file for 201910010700 cycle 20191001 (continuing with pgrbh only)
  Selected cycle: 20190930
Processing timestep: 201910010800
  Writing /home/lwestern/agage/meteorology/cfsv2/flexpart_inputs//GF19100108
  Trying cycle: 20191001
  Step filtering not needed (single numeric stepRange=1)
  WARNING: Missing ipvgrbh file for 201910010800 cycle 20191001 (continuing with pgrbh only)
  Step filtering not needed (single numeric stepRange=2)
  Selected cycle: 20191001
Processing timestep: 201910010900
  Writing /home/lwestern/agage/meteorology/cfsv2/flexpart_inputs//GF19100109
  Trying cycle: 20191001
  WARNING: Missing ipvgrbh file for 201910010900 cycle 20191001 (continuing with pgrbh only)
  Step filtering not needed (single numeric stepRange=3)
  Selected cycle: 20191001
Processing timestep: 201910011000
  Writing /home/lwestern/agage/meteorology/cfsv2/flexpart_inputs//GF19100110
  Trying cycle: 20191001
  WARNING: Missing ipvgrbh file for 201910011000 cycle 20191001 (continuing with pgrbh only)
  Step filtering not needed (single numeric stepRange=4)
  Selected cycle: 20191001
Processing timestep: 201910011100
  Writing /home/lwestern/agage/meteorology/cfsv2/flexpart_inputs//GF19100111
  Trying cycle: 20191001
  WARNING: Missing ipvgrbh file for 201910011100 cycle 20191001 (continuing with pgrbh only)
  Step filtering not needed (single numeric stepRange=5)
  Selected cycle: 20191001
Processing timestep: 201910011200
  Writing /home/lwestern/agage/meteorology/cfsv2/flexpart_inputs//GF19100112
  Trying cycle: 20191001
  WARNING: Missing ipvgrbh file for 201910011200 cycle 20191001 (continuing with pgrbh only)
  Step filtering not needed (single numeric stepRange=6)
  Selected cycle: 20191001
Processing timestep: 201910011300
  Writing /home/lwestern/agage/meteorology/cfsv2/flexpart_inputs//GF19100113
  Trying cycle: 20191001
  WARNING: Missing ipvgrbh file for 201910011300 cycle 20191001 (continuing with pgrbh only)
  Step filtering not needed (single numeric stepRange=1)
  Selected cycle: 20191001
Processing timestep: 201910011400
  Writing /home/lwestern/agage/meteorology/cfsv2/flexpart_inputs//GF19100114
  Trying cycle: 20191001
  WARNING: Missing ipvgrbh file for 201910011400 cycle 20191001 (continuing with pgrbh only)
  Step filtering not needed (single numeric stepRange=2)
  Selected cycle: 20191001
Processing timestep: 201910011500
  Writing /home/lwestern/agage/meteorology/cfsv2/flexpart_inputs//GF19100115
  Trying cycle: 20191001
  Selected cycle: 20191001
Processing timestep: 201910011600
  WARNING: Missing ipvgrbh file for 201910011500 cycle 20191001 (continuing with pgrbh only)
  Writing /home/lwestern/agage/meteorology/cfsv2/flexpart_inputs//GF19100116
  Trying cycle: 20191001
  Step filtering not needed (single numeric stepRange=3)
  WARNING: Missing ipvgrbh file for 201910011600 cycle 20191001 (continuing with pgrbh only)
  Step filtering not needed (single numeric stepRange=4)
  Selected cycle: 20191001
Processing timestep: 201910011700
  Writing /home/lwestern/agage/meteorology/cfsv2/flexpart_inputs//GF19100117
  Trying cycle: 20191001
  WARNING: Missing ipvgrbh file for 201910011700 cycle 20191001 (continuing with pgrbh only)
  Step filtering not needed (single numeric stepRange=5)
  Selected cycle: 20191001
Processing timestep: 201910011800
  Writing /home/lwestern/agage/meteorology/cfsv2/flexpart_inputs//GF19100118
  Trying cycle: 20191001
  WARNING: Missing ipvgrbh file for 201910011800 cycle 20191001 (continuing with pgrbh only)
  Step filtering not needed (single numeric stepRange=6)
  Selected cycle: 20191001
Processing timestep: 201910011900
  Writing /home/lwestern/agage/meteorology/cfsv2/flexpart_inputs//GF19100119
  Trying cycle: 20191001
  WARNING: Missing ipvgrbh file for 201910011900 cycle 20191001 (continuing with pgrbh only)
  Step filtering not needed (single numeric stepRange=1)
  Selected cycle: 20191001
Processing timestep: 201910012000
  Writing /home/lwestern/agage/meteorology/cfsv2/flexpart_inputs//GF19100120
  Trying cycle: 20191001
  Selected cycle: 20191001
Processing timestep: 201910012100
  Writing /home/lwestern/agage/meteorology/cfsv2/flexpart_inputs//GF19100121
  Trying cycle: 20191001
  WARNING: Missing ipvgrbh file for 201910012000 cycle 20191001 (continuing with pgrbh only)
  Step filtering not needed (single numeric stepRange=2)
  WARNING: Missing ipvgrbh file for 201910012100 cycle 20191001 (continuing with pgrbh only)
  Step filtering not needed (single numeric stepRange=3)
  Selected cycle: 20191001
Processing timestep: 201910012200
  Writing /home/lwestern/agage/meteorology/cfsv2/flexpart_inputs//GF19100122
  Trying cycle: 20191001
  WARNING: Missing ipvgrbh file for 201910012200 cycle 20191001 (continuing with pgrbh only)
  Step filtering not needed (single numeric stepRange=4)
  Selected cycle: 20191001
Processing timestep: 201910012300
  Writing /home/lwestern/agage/meteorology/cfsv2/flexpart_inputs//GF19100123
  Trying cycle: 20191001
  Selected cycle: 20191001
Processing timestep: 201910020000
  Writing /home/lwestern/agage/meteorology/cfsv2/flexpart_inputs//GF19100200
  Trying cycle: 20191001
  WARNING: Missing ipvgrbh file for 201910012300 cycle 20191001 (continuing with pgrbh only)
  Step filtering not needed (single numeric stepRange=5)
  WARNING: Missing ipvgrbh file for 201910020000 cycle 20191001 (continuing with pgrbh only)
  Step filtering not needed (single numeric stepRange=6)
  Selected cycle: 20191001
Processing timestep: 201910020100
  Writing /home/lwestern/agage/meteorology/cfsv2/flexpart_inputs//GF19100201
  Trying cycle: 20191002
  WARNING: Missing ipvgrbh file for 201910020100 cycle 20191002 (continuing with pgrbh only)
  Step filtering not needed (single numeric stepRange=1)
  Selected cycle: 20191001
Processing timestep: 201910020200
  Writing /home/lwestern/agage/meteorology/cfsv2/flexpart_inputs//GF19100202
  Trying cycle: 20191002
  WARNING: Missing ipvgrbh file for 201910020200 cycle 20191002 (continuing with pgrbh only)
  Step filtering not needed (single numeric stepRange=2)
  Selected cycle: 20191001
Processing timestep: 201910020300
  Writing /home/lwestern/agage/meteorology/cfsv2/flexpart_inputs//GF19100203
  Trying cycle: 20191002
  WARNING: Missing ipvgrbh file for 201910020300 cycle 20191002 (continuing with pgrbh only)
  Step filtering not needed (single numeric stepRange=3)
  Selected cycle: 20191001
Processing timestep: 201910020400
  Writing /home/lwestern/agage/meteorology/cfsv2/flexpart_inputs//GF19100204
  Trying cycle: 20191002
  WARNING: Missing ipvgrbh file for 201910020400 cycle 20191002 (continuing with pgrbh only)
  Step filtering not needed (single numeric stepRange=4)
  Selected cycle: 20191001
Processing timestep: 201910020500
  Writing /home/lwestern/agage/meteorology/cfsv2/flexpart_inputs//GF19100205
  Trying cycle: 20191002
  Selected cycle: 20191001
Processing timestep: 201910020600
  Writing /home/lwestern/agage/meteorology/cfsv2/flexpart_inputs//GF19100206
  Trying cycle: 20191002
  WARNING: Missing ipvgrbh file for 201910020500 cycle 20191002 (continuing with pgrbh only)
  WARNING: Missing ipvgrbh file for 201910020600 cycle 20191002 (continuing with pgrbh only)
  Step filtering not needed (single numeric stepRange=5)
  Step filtering not needed (single numeric stepRange=6)
  Selected cycle: 20191001
Processing timestep: 201910020700
  Writing /home/lwestern/agage/meteorology/cfsv2/flexpart_inputs//GF19100207
  Trying cycle: 20191002
  WARNING: Missing ipvgrbh file for 201910020700 cycle 20191002 (continuing with pgrbh only)
  Step filtering not needed (single numeric stepRange=1)
  Selected cycle: 20191001
Processing timestep: 201910020800
  Writing /home/lwestern/agage/meteorology/cfsv2/flexpart_inputs//GF19100208
  Trying cycle: 20191002
  WARNING: Missing ipvgrbh file for 201910020800 cycle 20191002 (continuing with pgrbh only)
  Step filtering not needed (single numeric stepRange=2)
  Selected cycle: 20191002
Processing timestep: 201910020900
  Writing /home/lwestern/agage/meteorology/cfsv2/flexpart_inputs//GF19100209
  Trying cycle: 20191002
  WARNING: Missing ipvgrbh file for 201910020900 cycle 20191002 (continuing with pgrbh only)
  Step filtering not needed (single numeric stepRange=3)
  Selected cycle: 20191002
Processing timestep: 201910021000
  Writing /home/lwestern/agage/meteorology/cfsv2/flexpart_inputs//GF19100210
  Trying cycle: 20191002
  WARNING: Missing ipvgrbh file for 201910021000 cycle 20191002 (continuing with pgrbh only)
  Step filtering not needed (single numeric stepRange=4)
  Selected cycle: 20191002
Processing timestep: 201910021100
  Writing /home/lwestern/agage/meteorology/cfsv2/flexpart_inputs//GF19100211
  Trying cycle: 20191002
  WARNING: Missing ipvgrbh file for 201910021100 cycle 20191002 (continuing with pgrbh only)
  Step filtering not needed (single numeric stepRange=5)
  Selected cycle: 20191002
Processing timestep: 201910021200
  Writing /home/lwestern/agage/meteorology/cfsv2/flexpart_inputs//GF19100212
  Trying cycle: 20191002
  WARNING: Missing ipvgrbh file for 201910021200 cycle 20191002 (continuing with pgrbh only)
  Step filtering not needed (single numeric stepRange=6)
  Selected cycle: 20191002
Processing timestep: 201910021300
  Writing /home/lwestern/agage/meteorology/cfsv2/flexpart_inputs//GF19100213
  Trying cycle: 20191002
  WARNING: Missing ipvgrbh file for 201910021300 cycle 20191002 (continuing with pgrbh only)
  Step filtering not needed (single numeric stepRange=1)
  Selected cycle: 20191002
Processing timestep: 201910021400
  Writing /home/lwestern/agage/meteorology/cfsv2/flexpart_inputs//GF19100214
  Trying cycle: 20191002
  WARNING: Missing ipvgrbh file for 201910021400 cycle 20191002 (continuing with pgrbh only)
  Step filtering not needed (single numeric stepRange=2)
  Selected cycle: 20191002
Processing timestep: 201910021500
  Writing /home/lwestern/agage/meteorology/cfsv2/flexpart_inputs//GF19100215
  Trying cycle: 20191002
  Selected cycle: 20191002
Processing timestep: 201910021600
  Writing /home/lwestern/agage/meteorology/cfsv2/flexpart_inputs//GF19100216
  Trying cycle: 20191002
  WARNING: Missing ipvgrbh file for 201910021500 cycle 20191002 (continuing with pgrbh only)
  Step filtering not needed (single numeric stepRange=3)
  WARNING: Missing ipvgrbh file for 201910021600 cycle 20191002 (continuing with pgrbh only)
  Step filtering not needed (single numeric stepRange=4)
  Selected cycle: 20191002
Processing timestep: 201910021700
  Writing /home/lwestern/agage/meteorology/cfsv2/flexpart_inputs//GF19100217
  Trying cycle: 20191002
  WARNING: Missing ipvgrbh file for 201910021700 cycle 20191002 (continuing with pgrbh only)
  Step filtering not needed (single numeric stepRange=5)
  Selected cycle: 20191002
  Selected cycle: 20191002
Processing timestep: 201910021800
Processing timestep: 201910021900
  Writing /home/lwestern/agage/meteorology/cfsv2/flexpart_inputs//GF19100219
  Trying cycle: 20191002
  Writing /home/lwestern/agage/meteorology/cfsv2/flexpart_inputs//GF19100218
  Trying cycle: 20191002
  WARNING: Missing ipvgrbh file for 201910021900 cycle 20191002 (continuing with pgrbh only)
  WARNING: Missing ipvgrbh file for 201910021800 cycle 20191002 (continuing with pgrbh only)
  Step filtering not needed (single numeric stepRange=1)
  Step filtering not needed (single numeric stepRange=6)
  Selected cycle: 20191002
Processing timestep: 201910022000
  Writing /home/lwestern/agage/meteorology/cfsv2/flexpart_inputs//GF19100220
  Trying cycle: 20191002
  WARNING: Missing ipvgrbh file for 201910022000 cycle 20191002 (continuing with pgrbh only)
  Step filtering not needed (single numeric stepRange=2)
  Selected cycle: 20191002
Processing timestep: 201910022100
  Writing /home/lwestern/agage/meteorology/cfsv2/flexpart_inputs//GF19100221
  Trying cycle: 20191002
  WARNING: Missing ipvgrbh file for 201910022100 cycle 20191002 (continuing with pgrbh only)
  Step filtering not needed (single numeric stepRange=3)
  Selected cycle: 20191002
Processing timestep: 201910022200
  Writing /home/lwestern/agage/meteorology/cfsv2/flexpart_inputs//GF19100222
  Trying cycle: 20191002
  WARNING: Missing ipvgrbh file for 201910022200 cycle 20191002 (continuing with pgrbh only)
  Step filtering not needed (single numeric stepRange=4)
  Selected cycle: 20191002
Processing timestep: 201910022300
  Writing /home/lwestern/agage/meteorology/cfsv2/flexpart_inputs//GF19100223
  Trying cycle: 20191002
  WARNING: Missing ipvgrbh file for 201910022300 cycle 20191002 (continuing with pgrbh only)
  Step filtering not needed (single numeric stepRange=5)
  Selected cycle: 20191002
Processing timestep: 201910030000
  Writing /home/lwestern/agage/meteorology/cfsv2/flexpart_inputs//GF19100300
  Trying cycle: 20191002
  Selected cycle: 20191002
Processing timestep: 201910040100
  Writing /home/lwestern/agage/meteorology/cfsv2/flexpart_inputs//GF19100401
  Trying cycle: 20191004
  WARNING: Missing ipvgrbh file for 201910030000 cycle 20191002 (continuing with pgrbh only)
  Step filtering not needed (single numeric stepRange=6)
  Step filtering not needed (single numeric stepRange=1)
  Selected cycle: 20191002
Processing timestep: 201910040200
  Writing /home/lwestern/agage/meteorology/cfsv2/flexpart_inputs//GF19100402
  Trying cycle: 20191004
  Step filtering not needed (single numeric stepRange=2)
  Selected cycle: 20191002
Processing timestep: 201910040300
  Writing /home/lwestern/agage/meteorology/cfsv2/flexpart_inputs//GF19100403
  Trying cycle: 20191004
  Step filtering not needed (single numeric stepRange=3)
  Selected cycle: 20191002
Processing timestep: 201910040400
  Writing /home/lwestern/agage/meteorology/cfsv2/flexpart_inputs//GF19100404
  Trying cycle: 20191004
  Step filtering not needed (single numeric stepRange=4)
  Selected cycle: 20191002
Processing timestep: 201910040500
  Writing /home/lwestern/agage/meteorology/cfsv2/flexpart_inputs//GF19100405
  Trying cycle: 20191004
  Step filtering not needed (single numeric stepRange=5)
  Selected cycle: 20191002
Processing timestep: 201910040600
  Writing /home/lwestern/agage/meteorology/cfsv2/flexpart_inputs//GF19100406
  Trying cycle: 20191004
  Step filtering not needed (single numeric stepRange=6)
  Selected cycle: 20191002
Processing timestep: 201910040700
  Writing /home/lwestern/agage/meteorology/cfsv2/flexpart_inputs//GF19100407
  Trying cycle: 20191004
  Selected cycle: 20191002
Processing timestep: 201910040800
  Writing /home/lwestern/agage/meteorology/cfsv2/flexpart_inputs//GF19100408
  Trying cycle: 20191004
  Step filtering not needed (single numeric stepRange=1)
  Step filtering not needed (single numeric stepRange=2)
  Selected cycle: 20191004
Processing timestep: 201910040900
  Writing /home/lwestern/agage/meteorology/cfsv2/flexpart_inputs//GF19100409
  Trying cycle: 20191004
  Step filtering not needed (single numeric stepRange=3)
  Selected cycle: 20191004
Processing timestep: 201910041000
  Writing /home/lwestern/agage/meteorology/cfsv2/flexpart_inputs//GF19100410
  Trying cycle: 20191004
  Step filtering not needed (single numeric stepRange=4)
  Selected cycle: 20191004
Processing timestep: 201910041100
  Writing /home/lwestern/agage/meteorology/cfsv2/flexpart_inputs//GF19100411
  Trying cycle: 20191004
  Step filtering not needed (single numeric stepRange=5)
  Selected cycle: 20191004
Processing timestep: 201910041200
  Writing /home/lwestern/agage/meteorology/cfsv2/flexpart_inputs//GF19100412
  Trying cycle: 20191004
  Step filtering not needed (single numeric stepRange=6)
  Selected cycle: 20191004
Processing timestep: 201910041300
  Writing /home/lwestern/agage/meteorology/cfsv2/flexpart_inputs//GF19100413
  Trying cycle: 20191004
  Step filtering not needed (single numeric stepRange=1)
  Selected cycle: 20191004
Processing timestep: 201910041400
  Writing /home/lwestern/agage/meteorology/cfsv2/flexpart_inputs//GF19100414
  Trying cycle: 20191004
  Step filtering not needed (single numeric stepRange=2)
  Selected cycle: 20191004
Processing timestep: 201910041500
  Writing /home/lwestern/agage/meteorology/cfsv2/flexpart_inputs//GF19100415
  Trying cycle: 20191004
  Selected cycle: 20191004
Processing timestep: 201910041600
  Writing /home/lwestern/agage/meteorology/cfsv2/flexpart_inputs//GF19100416
  Trying cycle: 20191004
  Step filtering not needed (single numeric stepRange=3)
  Step filtering not needed (single numeric stepRange=4)
  Selected cycle: 20191004
Processing timestep: 201910041700
  Writing /home/lwestern/agage/meteorology/cfsv2/flexpart_inputs//GF19100417
  Trying cycle: 20191004
  Step filtering not needed (single numeric stepRange=5)
  Selected cycle: 20191004
Processing timestep: 201910041800
  Writing /home/lwestern/agage/meteorology/cfsv2/flexpart_inputs//GF19100418
  Trying cycle: 20191004
  Step filtering not needed (single numeric stepRange=6)
  Selected cycle: 20191004
Processing timestep: 201910041900
  Writing /home/lwestern/agage/meteorology/cfsv2/flexpart_inputs//GF19100419
  Trying cycle: 20191004
  Step filtering not needed (single numeric stepRange=1)
  Selected cycle: 20191004
Processing timestep: 201910042000
  Writing /home/lwestern/agage/meteorology/cfsv2/flexpart_inputs//GF19100420
  Trying cycle: 20191004
  Step filtering not needed (single numeric stepRange=2)
  Selected cycle: 20191004
Processing timestep: 201910042100
  Writing /home/lwestern/agage/meteorology/cfsv2/flexpart_inputs//GF19100421
  Trying cycle: 20191004
  Step filtering not needed (single numeric stepRange=3)
  Selected cycle: 20191004
Processing timestep: 201910042200
  Writing /home/lwestern/agage/meteorology/cfsv2/flexpart_inputs//GF19100422
  Trying cycle: 20191004
  Step filtering not needed (single numeric stepRange=4)
  Selected cycle: 20191004
Processing timestep: 201910042300
  Writing /home/lwestern/agage/meteorology/cfsv2/flexpart_inputs//GF19100423
  Trying cycle: 20191004
  Selected cycle: 20191004
Processing timestep: 201910050000
  Selected cycle: 20191004
Processing timestep: 201910050100
  Writing /home/lwestern/agage/meteorology/cfsv2/flexpart_inputs//GF19100500
  Trying cycle: 20191004
  Writing /home/lwestern/agage/meteorology/cfsv2/flexpart_inputs//GF19100501
  Trying cycle: 20191005
  Step filtering not needed (single numeric stepRange=5)
  Step filtering not needed (single numeric stepRange=6)
  Step filtering not needed (single numeric stepRange=1)
  Selected cycle: 20191004
Processing timestep: 201910050200
  Writing /home/lwestern/agage/meteorology/cfsv2/flexpart_inputs//GF19100502
  Trying cycle: 20191005
  Step filtering not needed (single numeric stepRange=2)
  Selected cycle: 20191004
Processing timestep: 201910050300
  Writing /home/lwestern/agage/meteorology/cfsv2/flexpart_inputs//GF19100503
  Trying cycle: 20191005
  Step filtering not needed (single numeric stepRange=3)
  Selected cycle: 20191004
Processing timestep: 201910050400
  Writing /home/lwestern/agage/meteorology/cfsv2/flexpart_inputs//GF19100504
  Trying cycle: 20191005
  Step filtering not needed (single numeric stepRange=4)
  Selected cycle: 20191004
Processing timestep: 201910050500
  Writing /home/lwestern/agage/meteorology/cfsv2/flexpart_inputs//GF19100505
  Trying cycle: 20191005
  Step filtering not needed (single numeric stepRange=5)
  Selected cycle: 20191004
Processing timestep: 201910050600
  Writing /home/lwestern/agage/meteorology/cfsv2/flexpart_inputs//GF19100506
  Trying cycle: 20191005
  Step filtering not needed (single numeric stepRange=6)
  Selected cycle: 20191004
Processing timestep: 201910050700
  Writing /home/lwestern/agage/meteorology/cfsv2/flexpart_inputs//GF19100507
  Trying cycle: 20191005
  Selected cycle: 20191005
Processing timestep: 201910050800
  Writing /home/lwestern/agage/meteorology/cfsv2/flexpart_inputs//GF19100508
  Trying cycle: 20191005
  Selected cycle: 20191004
Processing timestep: 201910050900
  Writing /home/lwestern/agage/meteorology/cfsv2/flexpart_inputs//GF19100509
  Trying cycle: 20191005
  Step filtering not needed (single numeric stepRange=1)
  Step filtering not needed (single numeric stepRange=2)
  Step filtering not needed (single numeric stepRange=3)
  Selected cycle: 20191005
Processing timestep: 201910051000
  Writing /home/lwestern/agage/meteorology/cfsv2/flexpart_inputs//GF19100510
  Trying cycle: 20191005
  Step filtering not needed (single numeric stepRange=4)
  Selected cycle: 20191005
Processing timestep: 201910051100
  Writing /home/lwestern/agage/meteorology/cfsv2/flexpart_inputs//GF19100511
  Trying cycle: 20191005
  Step filtering not needed (single numeric stepRange=5)
  Selected cycle: 20191005
Processing timestep: 201910051200
  Writing /home/lwestern/agage/meteorology/cfsv2/flexpart_inputs//GF19100512
  Trying cycle: 20191005
  Step filtering not needed (single numeric stepRange=6)
  Selected cycle: 20191005
Processing timestep: 201910051300
  Writing /home/lwestern/agage/meteorology/cfsv2/flexpart_inputs//GF19100513
  Trying cycle: 20191005
  Step filtering not needed (single numeric stepRange=1)
  Selected cycle: 20191005
Processing timestep: 201910051400
  Writing /home/lwestern/agage/meteorology/cfsv2/flexpart_inputs//GF19100514
  Trying cycle: 20191005
  Step filtering not needed (single numeric stepRange=2)
  Selected cycle: 20191005
Processing timestep: 201910051500
  Writing /home/lwestern/agage/meteorology/cfsv2/flexpart_inputs//GF19100515
  Trying cycle: 20191005
  Selected cycle: 20191005
Processing timestep: 201910051600
  Writing /home/lwestern/agage/meteorology/cfsv2/flexpart_inputs//GF19100516
  Trying cycle: 20191005
  Selected cycle: 20191005
Processing timestep: 201910051700
  Writing /home/lwestern/agage/meteorology/cfsv2/flexpart_inputs//GF19100517
  Trying cycle: 20191005
  Step filtering not needed (single numeric stepRange=3)
  Step filtering not needed (single numeric stepRange=4)
  Step filtering not needed (single numeric stepRange=5)
  Selected cycle: 20191005
Processing timestep: 201910051800
  Writing /home/lwestern/agage/meteorology/cfsv2/flexpart_inputs//GF19100518
  Trying cycle: 20191005
  Step filtering not needed (single numeric stepRange=6)
  Selected cycle: 20191005
Processing timestep: 201910051900
  Writing /home/lwestern/agage/meteorology/cfsv2/flexpart_inputs//GF19100519
  Trying cycle: 20191005
  Step filtering not needed (single numeric stepRange=1)
  Selected cycle: 20191005
Processing timestep: 201910052000
  Writing /home/lwestern/agage/meteorology/cfsv2/flexpart_inputs//GF19100520
  Trying cycle: 20191005
  Step filtering not needed (single numeric stepRange=2)
  Selected cycle: 20191005
Processing timestep: 201910052100
  Writing /home/lwestern/agage/meteorology/cfsv2/flexpart_inputs//GF19100521
  Trying cycle: 20191005
  Step filtering not needed (single numeric stepRange=3)
  Selected cycle: 20191005
Processing timestep: 201910052200
  Writing /home/lwestern/agage/meteorology/cfsv2/flexpart_inputs//GF19100522
  Trying cycle: 20191005
  Step filtering not needed (single numeric stepRange=4)
  Selected cycle: 20191005
Processing timestep: 201910052300
  Writing /home/lwestern/agage/meteorology/cfsv2/flexpart_inputs//GF19100523
  Trying cycle: 20191005
  Selected cycle: 20191005
Processing timestep: 201910060000
  Writing /home/lwestern/agage/meteorology/cfsv2/flexpart_inputs//GF19100600
  Trying cycle: 20191005
  Step filtering not needed (single numeric stepRange=5)
  Selected cycle: 20191005
Processing timestep: 201910080100
  Writing /home/lwestern/agage/meteorology/cfsv2/flexpart_inputs//GF19100801
  Trying cycle: 20191008
  Selected cycle: 20191005
Processing timestep: 201910080200
  Writing /home/lwestern/agage/meteorology/cfsv2/flexpart_inputs//GF19100802
  Trying cycle: 20191008
  Step filtering not needed (single numeric stepRange=6)
  WARNING: Missing ipvgrbh file for 201910080100 cycle 20191008 (continuing with pgrbh only)
  WARNING: Missing ipvgrbh file for 201910080200 cycle 20191008 (continuing with pgrbh only)
  Step filtering not needed (single numeric stepRange=1)
  Step filtering not needed (single numeric stepRange=2)
  Selected cycle: 20191005
Processing timestep: 201910080300
  Writing /home/lwestern/agage/meteorology/cfsv2/flexpart_inputs//GF19100803
  Trying cycle: 20191008
  WARNING: Missing ipvgrbh file for 201910080300 cycle 20191008 (continuing with pgrbh only)
  Step filtering not needed (single numeric stepRange=3)
  Selected cycle: 20191005
Processing timestep: 201910080400
  Writing /home/lwestern/agage/meteorology/cfsv2/flexpart_inputs//GF19100804
  Trying cycle: 20191008
  WARNING: Missing ipvgrbh file for 201910080400 cycle 20191008 (continuing with pgrbh only)
  Step filtering not needed (single numeric stepRange=4)
  Selected cycle: 20191005
Processing timestep: 201910080500
  Writing /home/lwestern/agage/meteorology/cfsv2/flexpart_inputs//GF19100805
  Trying cycle: 20191008
  WARNING: Missing ipvgrbh file for 201910080500 cycle 20191008 (continuing with pgrbh only)
  Step filtering not needed (single numeric stepRange=5)
  Selected cycle: 20191005
Processing timestep: 201910080600
  Writing /home/lwestern/agage/meteorology/cfsv2/flexpart_inputs//GF19100806
  Trying cycle: 20191008
  WARNING: Missing ipvgrbh file for 201910080600 cycle 20191008 (continuing with pgrbh only)
  Step filtering not needed (single numeric stepRange=6)
  Selected cycle: 20191008
Processing timestep: 201910080700
  Selected cycle: 20191008
Processing timestep: 201910080800
  Writing /home/lwestern/agage/meteorology/cfsv2/flexpart_inputs//GF19100807
  Writing /home/lwestern/agage/meteorology/cfsv2/flexpart_inputs//GF19100808
  Trying cycle: 20191008
  Trying cycle: 20191008
  Selected cycle: 20191005
Processing timestep: 201910080900
  Writing /home/lwestern/agage/meteorology/cfsv2/flexpart_inputs//GF19100809
  Trying cycle: 20191008
  Selected cycle: 20191005
Processing timestep: 201910081000
  WARNING: Missing ipvgrbh file for 201910080700 cycle 20191008 (continuing with pgrbh only)
  WARNING: Missing ipvgrbh file for 201910080800 cycle 20191008 (continuing with pgrbh only)
  Writing /home/lwestern/agage/meteorology/cfsv2/flexpart_inputs//GF19100810
  Trying cycle: 20191008
  Step filtering not needed (single numeric stepRange=1)
  Step filtering not needed (single numeric stepRange=2)
  WARNING: Missing ipvgrbh file for 201910080900 cycle 20191008 (continuing with pgrbh only)
  Step filtering not needed (single numeric stepRange=3)
  WARNING: Missing ipvgrbh file for 201910081000 cycle 20191008 (continuing with pgrbh only)
  Step filtering not needed (single numeric stepRange=4)
  Selected cycle: 20191008
Processing timestep: 201910081100
  Writing /home/lwestern/agage/meteorology/cfsv2/flexpart_inputs//GF19100811
  Trying cycle: 20191008
  WARNING: Missing ipvgrbh file for 201910081100 cycle 20191008 (continuing with pgrbh only)
  Step filtering not needed (single numeric stepRange=5)
  Selected cycle: 20191008
Processing timestep: 201910081200
  Writing /home/lwestern/agage/meteorology/cfsv2/flexpart_inputs//GF19100812
  Trying cycle: 20191008
  WARNING: Missing ipvgrbh file for 201910081200 cycle 20191008 (continuing with pgrbh only)
  Step filtering not needed (single numeric stepRange=6)
  Selected cycle: 20191008
Processing timestep: 201910081300
  Writing /home/lwestern/agage/meteorology/cfsv2/flexpart_inputs//GF19100813
  Trying cycle: 20191008
  WARNING: Missing ipvgrbh file for 201910081300 cycle 20191008 (continuing with pgrbh only)
  Step filtering not needed (single numeric stepRange=1)
  Selected cycle: 20191008
Processing timestep: 201910081400
  Writing /home/lwestern/agage/meteorology/cfsv2/flexpart_inputs//GF19100814
  Trying cycle: 20191008
  WARNING: Missing ipvgrbh file for 201910081400 cycle 20191008 (continuing with pgrbh only)
  Step filtering not needed (single numeric stepRange=2)
  Selected cycle: 20191008
Processing timestep: 201910081500
  Writing /home/lwestern/agage/meteorology/cfsv2/flexpart_inputs//GF19100815
  Trying cycle: 20191008
  Selected cycle: 20191008
Processing timestep: 201910081600
  Writing /home/lwestern/agage/meteorology/cfsv2/flexpart_inputs//GF19100816
  Trying cycle: 20191008
  WARNING: Missing ipvgrbh file for 201910081500 cycle 20191008 (continuing with pgrbh only)
  WARNING: Missing ipvgrbh file for 201910081600 cycle 20191008 (continuing with pgrbh only)
  Step filtering not needed (single numeric stepRange=3)
  Step filtering not needed (single numeric stepRange=4)
  Selected cycle: 20191008
Processing timestep: 201910081700
  Writing /home/lwestern/agage/meteorology/cfsv2/flexpart_inputs//GF19100817
  Trying cycle: 20191008
  WARNING: Missing ipvgrbh file for 201910081700 cycle 20191008 (continuing with pgrbh only)
  Step filtering not needed (single numeric stepRange=5)
  Selected cycle: 20191008
Processing timestep: 201910081800
  Writing /home/lwestern/agage/meteorology/cfsv2/flexpart_inputs//GF19100818
  Trying cycle: 20191008
  Selected cycle: 20191008
Processing timestep: 201910081900
  Writing /home/lwestern/agage/meteorology/cfsv2/flexpart_inputs//GF19100819
  Trying cycle: 20191008
  WARNING: Missing ipvgrbh file for 201910081800 cycle 20191008 (continuing with pgrbh only)
  Step filtering not needed (single numeric stepRange=6)
  WARNING: Missing ipvgrbh file for 201910081900 cycle 20191008 (continuing with pgrbh only)
  Step filtering not needed (single numeric stepRange=1)
  Selected cycle: 20191008
Processing timestep: 201910082000
  Writing /home/lwestern/agage/meteorology/cfsv2/flexpart_inputs//GF19100820
  Trying cycle: 20191008
  WARNING: Missing ipvgrbh file for 201910082000 cycle 20191008 (continuing with pgrbh only)
  Step filtering not needed (single numeric stepRange=2)
  Selected cycle: 20191008
Processing timestep: 201910082100
  Writing /home/lwestern/agage/meteorology/cfsv2/flexpart_inputs//GF19100821
  Trying cycle: 20191008
  WARNING: Missing ipvgrbh file for 201910082100 cycle 20191008 (continuing with pgrbh only)
  Step filtering not needed (single numeric stepRange=3)
  Selected cycle: 20191008
Processing timestep: 201910082200
  Writing /home/lwestern/agage/meteorology/cfsv2/flexpart_inputs//GF19100822
  Trying cycle: 20191008
  WARNING: Missing ipvgrbh file for 201910082200 cycle 20191008 (continuing with pgrbh only)
  Step filtering not needed (single numeric stepRange=4)
  Selected cycle: 20191008
Processing timestep: 201910082300
  Writing /home/lwestern/agage/meteorology/cfsv2/flexpart_inputs//GF19100823
  Trying cycle: 20191008
  WARNING: Missing ipvgrbh file for 201910082300 cycle 20191008 (continuing with pgrbh only)
  Step filtering not needed (single numeric stepRange=5)
  Selected cycle: 20191008
Processing timestep: 201910090000
  Writing /home/lwestern/agage/meteorology/cfsv2/flexpart_inputs//GF19100900
  Trying cycle: 20191008
  Selected cycle: 20191008
Processing timestep: 201910100100
  Writing /home/lwestern/agage/meteorology/cfsv2/flexpart_inputs//GF19101001
  Trying cycle: 20191010
  Selected cycle: 20191008
Processing timestep: 201910100200
  Writing /home/lwestern/agage/meteorology/cfsv2/flexpart_inputs//GF19101002
  Trying cycle: 20191010
  WARNING: Missing ipvgrbh file for 201910090000 cycle 20191008 (continuing with pgrbh only)
  Step filtering not needed (single numeric stepRange=6)
  Selected cycle: 20191008
Processing timestep: 201910100300
  Writing /home/lwestern/agage/meteorology/cfsv2/flexpart_inputs//GF19101003
  Trying cycle: 20191010
  WARNING: Missing ipvgrbh file for 201910100100 cycle 20191010 (continuing with pgrbh only)
  Step filtering not needed (single numeric stepRange=1)
  WARNING: Missing ipvgrbh file for 201910100200 cycle 20191010 (continuing with pgrbh only)
  Step filtering not needed (single numeric stepRange=2)
  WARNING: Missing ipvgrbh file for 201910100300 cycle 20191010 (continuing with pgrbh only)
  Step filtering not needed (single numeric stepRange=3)
  Selected cycle: 20191008
Processing timestep: 201910100400
  Writing /home/lwestern/agage/meteorology/cfsv2/flexpart_inputs//GF19101004
  Trying cycle: 20191010
  WARNING: Missing ipvgrbh file for 201910100400 cycle 20191010 (continuing with pgrbh only)
  Step filtering not needed (single numeric stepRange=4)
  Selected cycle: 20191008
Processing timestep: 201910100500
  Writing /home/lwestern/agage/meteorology/cfsv2/flexpart_inputs//GF19101005
  Trying cycle: 20191010
  WARNING: Missing ipvgrbh file for 201910100500 cycle 20191010 (continuing with pgrbh only)
  Step filtering not needed (single numeric stepRange=5)
  Selected cycle: 20191008
Processing timestep: 201910100600
  Writing /home/lwestern/agage/meteorology/cfsv2/flexpart_inputs//GF19101006
  Trying cycle: 20191010
  WARNING: Missing ipvgrbh file for 201910100600 cycle 20191010 (continuing with pgrbh only)
  Step filtering not needed (single numeric stepRange=6)
  Selected cycle: 20191008
Processing timestep: 201910100700
  Writing /home/lwestern/agage/meteorology/cfsv2/flexpart_inputs//GF19101007
  Trying cycle: 20191010
  WARNING: Missing ipvgrbh file for 201910100700 cycle 20191010 (continuing with pgrbh only)
  Step filtering not needed (single numeric stepRange=1)
  Selected cycle: 20191008
Processing timestep: 201910100800
  Writing /home/lwestern/agage/meteorology/cfsv2/flexpart_inputs//GF19101008
  Trying cycle: 20191010
  WARNING: Missing ipvgrbh file for 201910100800 cycle 20191010 (continuing with pgrbh only)
  Step filtering not needed (single numeric stepRange=2)
  Selected cycle: 20191010
Processing timestep: 201910100900
  Writing /home/lwestern/agage/meteorology/cfsv2/flexpart_inputs//GF19101009
  Trying cycle: 20191010
  WARNING: Missing ipvgrbh file for 201910100900 cycle 20191010 (continuing with pgrbh only)
  Step filtering not needed (single numeric stepRange=3)
  Selected cycle: 20191010
Processing timestep: 201910101000
  Writing /home/lwestern/agage/meteorology/cfsv2/flexpart_inputs//GF19101010
  Trying cycle: 20191010
  Selected cycle: 20191010
Processing timestep: 201910101100
  Writing /home/lwestern/agage/meteorology/cfsv2/flexpart_inputs//GF19101011
  Trying cycle: 20191010
  WARNING: Missing ipvgrbh file for 201910101000 cycle 20191010 (continuing with pgrbh only)
  Step filtering not needed (single numeric stepRange=4)
  Selected cycle: 20191010
Processing timestep: 201910101200
  WARNING: Missing ipvgrbh file for 201910101100 cycle 20191010 (continuing with pgrbh only)
  Writing /home/lwestern/agage/meteorology/cfsv2/flexpart_inputs//GF19101012
  Trying cycle: 20191010
  Step filtering not needed (single numeric stepRange=5)
  WARNING: Missing ipvgrbh file for 201910101200 cycle 20191010 (continuing with pgrbh only)
  Step filtering not needed (single numeric stepRange=6)
  Selected cycle: 20191010
Processing timestep: 201910101300
  Writing /home/lwestern/agage/meteorology/cfsv2/flexpart_inputs//GF19101013
  Trying cycle: 20191010
  WARNING: Missing ipvgrbh file for 201910101300 cycle 20191010 (continuing with pgrbh only)
  Step filtering not needed (single numeric stepRange=1)
  Selected cycle: 20191010
Processing timestep: 201910101400
  Writing /home/lwestern/agage/meteorology/cfsv2/flexpart_inputs//GF19101014
  Trying cycle: 20191010
  WARNING: Missing ipvgrbh file for 201910101400 cycle 20191010 (continuing with pgrbh only)
  Step filtering not needed (single numeric stepRange=2)
  Selected cycle: 20191010
Processing timestep: 201910101500
  Writing /home/lwestern/agage/meteorology/cfsv2/flexpart_inputs//GF19101015
  Trying cycle: 20191010
  WARNING: Missing ipvgrbh file for 201910101500 cycle 20191010 (continuing with pgrbh only)
  Step filtering not needed (single numeric stepRange=3)
  Selected cycle: 20191010
Processing timestep: 201910101600
  Writing /home/lwestern/agage/meteorology/cfsv2/flexpart_inputs//GF19101016
  Trying cycle: 20191010
  WARNING: Missing ipvgrbh file for 201910101600 cycle 20191010 (continuing with pgrbh only)
  Step filtering not needed (single numeric stepRange=4)
  Selected cycle: 20191010
Processing timestep: 201910101700
  Writing /home/lwestern/agage/meteorology/cfsv2/flexpart_inputs//GF19101017
  Trying cycle: 20191010
  Selected cycle: 20191010
Processing timestep: 201910101800
  Writing /home/lwestern/agage/meteorology/cfsv2/flexpart_inputs//GF19101018
  Trying cycle: 20191010
  WARNING: Missing ipvgrbh file for 201910101700 cycle 20191010 (continuing with pgrbh only)
  Step filtering not needed (single numeric stepRange=5)
  WARNING: Missing ipvgrbh file for 201910101800 cycle 20191010 (continuing with pgrbh only)
  Step filtering not needed (single numeric stepRange=6)
  Selected cycle: 20191010
Processing timestep: 201910101900
  Writing /home/lwestern/agage/meteorology/cfsv2/flexpart_inputs//GF19101019
  Trying cycle: 20191010
  WARNING: Missing ipvgrbh file for 201910101900 cycle 20191010 (continuing with pgrbh only)
  Step filtering not needed (single numeric stepRange=1)
  Selected cycle: 20191010
Processing timestep: 201910102000
  Writing /home/lwestern/agage/meteorology/cfsv2/flexpart_inputs//GF19101020
  Trying cycle: 20191010
  WARNING: Missing ipvgrbh file for 201910102000 cycle 20191010 (continuing with pgrbh only)
  Step filtering not needed (single numeric stepRange=2)
  Selected cycle: 20191010
Processing timestep: 201910102100
  Writing /home/lwestern/agage/meteorology/cfsv2/flexpart_inputs//GF19101021
  Trying cycle: 20191010
  WARNING: Missing ipvgrbh file for 201910102100 cycle 20191010 (continuing with pgrbh only)
  Step filtering not needed (single numeric stepRange=3)
  Selected cycle: 20191010
Processing timestep: 201910102200
  Writing /home/lwestern/agage/meteorology/cfsv2/flexpart_inputs//GF19101022
  Trying cycle: 20191010
  WARNING: Missing ipvgrbh file for 201910102200 cycle 20191010 (continuing with pgrbh only)
  Step filtering not needed (single numeric stepRange=4)
  Selected cycle: 20191010
Processing timestep: 201910102300
  Writing /home/lwestern/agage/meteorology/cfsv2/flexpart_inputs//GF19101023
  Trying cycle: 20191010
  WARNING: Missing ipvgrbh file for 201910102300 cycle 20191010 (continuing with pgrbh only)
  Step filtering not needed (single numeric stepRange=5)
  Selected cycle: 20191010
Processing timestep: 201910110000
  Writing /home/lwestern/agage/meteorology/cfsv2/flexpart_inputs//GF19101100
  Trying cycle: 20191010
  WARNING: Missing ipvgrbh file for 201910110000 cycle 20191010 (continuing with pgrbh only)
  Step filtering not needed (single numeric stepRange=6)
  Selected cycle: 20191010
Processing timestep: 201910120100
  Writing /home/lwestern/agage/meteorology/cfsv2/flexpart_inputs//GF19101201
  Trying cycle: 20191012
  Step filtering not needed (single numeric stepRange=1)
  Selected cycle: 20191010
Processing timestep: 201910120200
  Writing /home/lwestern/agage/meteorology/cfsv2/flexpart_inputs//GF19101202
  Trying cycle: 20191012
  Step filtering not needed (single numeric stepRange=2)
  Selected cycle: 20191010
Processing timestep: 201910120300
  Writing /home/lwestern/agage/meteorology/cfsv2/flexpart_inputs//GF19101203
  Trying cycle: 20191012
  Selected cycle: 20191010
Processing timestep: 201910120400
  Writing /home/lwestern/agage/meteorology/cfsv2/flexpart_inputs//GF19101204
  Trying cycle: 20191012
  Step filtering not needed (single numeric stepRange=3)
  Step filtering not needed (single numeric stepRange=4)
  Selected cycle: 20191010
Processing timestep: 201910120500
  Writing /home/lwestern/agage/meteorology/cfsv2/flexpart_inputs//GF19101205
  Trying cycle: 20191012
  Step filtering not needed (single numeric stepRange=5)
  Selected cycle: 20191010
Processing timestep: 201910120600
  Writing /home/lwestern/agage/meteorology/cfsv2/flexpart_inputs//GF19101206
  Trying cycle: 20191012
  Step filtering not needed (single numeric stepRange=6)
  Selected cycle: 20191010
Processing timestep: 201910120700
  Writing /home/lwestern/agage/meteorology/cfsv2/flexpart_inputs//GF19101207
  Trying cycle: 20191012
  Step filtering not needed (single numeric stepRange=1)
  Selected cycle: 20191010
Processing timestep: 201910120800
  Writing /home/lwestern/agage/meteorology/cfsv2/flexpart_inputs//GF19101208
  Trying cycle: 20191012
  Step filtering not needed (single numeric stepRange=2)
  Selected cycle: 20191012
Processing timestep: 201910120900
  Writing /home/lwestern/agage/meteorology/cfsv2/flexpart_inputs//GF19101209
  Trying cycle: 20191012
  Step filtering not needed (single numeric stepRange=3)
  Selected cycle: 20191012
Processing timestep: 201910121000
  Writing /home/lwestern/agage/meteorology/cfsv2/flexpart_inputs//GF19101210
  Trying cycle: 20191012
  Step filtering not needed (single numeric stepRange=4)
  Selected cycle: 20191012
Processing timestep: 201910121100
  Writing /home/lwestern/agage/meteorology/cfsv2/flexpart_inputs//GF19101211
  Trying cycle: 20191012
  Selected cycle: 20191012
Processing timestep: 201910121200
  Writing /home/lwestern/agage/meteorology/cfsv2/flexpart_inputs//GF19101212
  Trying cycle: 20191012
  Step filtering not needed (single numeric stepRange=5)
  Step filtering not needed (single numeric stepRange=6)
  Selected cycle: 20191012
Processing timestep: 201910121300
  Writing /home/lwestern/agage/meteorology/cfsv2/flexpart_inputs//GF19101213
  Trying cycle: 20191012
  Step filtering not needed (single numeric stepRange=1)
  Selected cycle: 20191012
Processing timestep: 201910121400
  Writing /home/lwestern/agage/meteorology/cfsv2/flexpart_inputs//GF19101214
  Trying cycle: 20191012
  Step filtering not needed (single numeric stepRange=2)
  Selected cycle: 20191012
Processing timestep: 201910121500
  Writing /home/lwestern/agage/meteorology/cfsv2/flexpart_inputs//GF19101215
  Trying cycle: 20191012
  Step filtering not needed (single numeric stepRange=3)
  Selected cycle: 20191012
Processing timestep: 201910121600
  Writing /home/lwestern/agage/meteorology/cfsv2/flexpart_inputs//GF19101216
  Trying cycle: 20191012
  Step filtering not needed (single numeric stepRange=4)
  Selected cycle: 20191012
Processing timestep: 201910121700
  Writing /home/lwestern/agage/meteorology/cfsv2/flexpart_inputs//GF19101217
  Trying cycle: 20191012
  Selected cycle: 20191012
Processing timestep: 201910121800
  Writing /home/lwestern/agage/meteorology/cfsv2/flexpart_inputs//GF19101218
  Trying cycle: 20191012
  Step filtering not needed (single numeric stepRange=5)
  Step filtering not needed (single numeric stepRange=6)
  Selected cycle: 20191012
Processing timestep: 201910121900
  Writing /home/lwestern/agage/meteorology/cfsv2/flexpart_inputs//GF19101219
  Trying cycle: 20191012
  Selected cycle: 20191012
Processing timestep: 201910122000
  Writing /home/lwestern/agage/meteorology/cfsv2/flexpart_inputs//GF19101220
  Trying cycle: 20191012
  Step filtering not needed (single numeric stepRange=1)
  Step filtering not needed (single numeric stepRange=2)
  Selected cycle: 20191012
Processing timestep: 201910122100
  Writing /home/lwestern/agage/meteorology/cfsv2/flexpart_inputs//GF19101221
  Trying cycle: 20191012
  Step filtering not needed (single numeric stepRange=3)
  Selected cycle: 20191012
Processing timestep: 201910122200
  Writing /home/lwestern/agage/meteorology/cfsv2/flexpart_inputs//GF19101222
  Trying cycle: 20191012
  Step filtering not needed (single numeric stepRange=4)
  Selected cycle: 20191012
Processing timestep: 201910122300
  Writing /home/lwestern/agage/meteorology/cfsv2/flexpart_inputs//GF19101223
  Trying cycle: 20191012
  Selected cycle: 20191012
Processing timestep: 201910130000
  Writing /home/lwestern/agage/meteorology/cfsv2/flexpart_inputs//GF19101300
  Trying cycle: 20191012
  Step filtering not needed (single numeric stepRange=5)
  Step filtering not needed (single numeric stepRange=6)
  Selected cycle: 20191012
Processing timestep: 201910130100
  Writing /home/lwestern/agage/meteorology/cfsv2/flexpart_inputs//GF19101301
  Trying cycle: 20191013
  Selected cycle: 20191012
Processing timestep: 201910130200
  Writing /home/lwestern/agage/meteorology/cfsv2/flexpart_inputs//GF19101302
  Trying cycle: 20191013
  Step filtering not needed (single numeric stepRange=1)
  Step filtering not needed (single numeric stepRange=2)
  Selected cycle: 20191012
Processing timestep: 201910130300
  Writing /home/lwestern/agage/meteorology/cfsv2/flexpart_inputs//GF19101303
  Trying cycle: 20191013
  Selected cycle: 20191012
Processing timestep: 201910130400
  Writing /home/lwestern/agage/meteorology/cfsv2/flexpart_inputs//GF19101304
  Trying cycle: 20191013
  Selected cycle: 20191012
Processing timestep: 201910130500
  Writing /home/lwestern/agage/meteorology/cfsv2/flexpart_inputs//GF19101305
  Trying cycle: 20191013
  Step filtering not needed (single numeric stepRange=3)
  Step filtering not needed (single numeric stepRange=4)
  Step filtering not needed (single numeric stepRange=5)
  Selected cycle: 20191012
Processing timestep: 201910130600
  Writing /home/lwestern/agage/meteorology/cfsv2/flexpart_inputs//GF19101306
  Trying cycle: 20191013
  Step filtering not needed (single numeric stepRange=6)
  Selected cycle: 20191012
Processing timestep: 201910130700
  Writing /home/lwestern/agage/meteorology/cfsv2/flexpart_inputs//GF19101307
  Trying cycle: 20191013
  Step filtering not needed (single numeric stepRange=1)
  Selected cycle: 20191012
Processing timestep: 201910130800
  Writing /home/lwestern/agage/meteorology/cfsv2/flexpart_inputs//GF19101308
  Trying cycle: 20191013
  Step filtering not needed (single numeric stepRange=2)
  Selected cycle: 20191013
Processing timestep: 201910130900
  Writing /home/lwestern/agage/meteorology/cfsv2/flexpart_inputs//GF19101309
  Trying cycle: 20191013
  Step filtering not needed (single numeric stepRange=3)
  Selected cycle: 20191013
Processing timestep: 201910131000
  Writing /home/lwestern/agage/meteorology/cfsv2/flexpart_inputs//GF19101310
  Trying cycle: 20191013
  Step filtering not needed (single numeric stepRange=4)
  Selected cycle: 20191013
Processing timestep: 201910131100
  Writing /home/lwestern/agage/meteorology/cfsv2/flexpart_inputs//GF19101311
  Trying cycle: 20191013
  Step filtering not needed (single numeric stepRange=5)
  Selected cycle: 20191013
Processing timestep: 201910131200
  Writing /home/lwestern/agage/meteorology/cfsv2/flexpart_inputs//GF19101312
  Trying cycle: 20191013
  Step filtering not needed (single numeric stepRange=6)
  Selected cycle: 20191013
Processing timestep: 201910131300
  Writing /home/lwestern/agage/meteorology/cfsv2/flexpart_inputs//GF19101313
  Trying cycle: 20191013
  Step filtering not needed (single numeric stepRange=1)
  Selected cycle: 20191013
Processing timestep: 201910131400
  Writing /home/lwestern/agage/meteorology/cfsv2/flexpart_inputs//GF19101314
  Trying cycle: 20191013
  Step filtering not needed (single numeric stepRange=2)
  Selected cycle: 20191013
Processing timestep: 201910131500
  Writing /home/lwestern/agage/meteorology/cfsv2/flexpart_inputs//GF19101315
  Trying cycle: 20191013
  Step filtering not needed (single numeric stepRange=3)
  Selected cycle: 20191013
Processing timestep: 201910131600
  Writing /home/lwestern/agage/meteorology/cfsv2/flexpart_inputs//GF19101316
  Trying cycle: 20191013
  Step filtering not needed (single numeric stepRange=4)
  Selected cycle: 20191013
Processing timestep: 201910131700
  Writing /home/lwestern/agage/meteorology/cfsv2/flexpart_inputs//GF19101317
  Trying cycle: 20191013
  Step filtering not needed (single numeric stepRange=5)
  Selected cycle: 20191013
Processing timestep: 201910131800
  Writing /home/lwestern/agage/meteorology/cfsv2/flexpart_inputs//GF19101318
  Trying cycle: 20191013
  Step filtering not needed (single numeric stepRange=6)
  Selected cycle: 20191013
Processing timestep: 201910131900
  Writing /home/lwestern/agage/meteorology/cfsv2/flexpart_inputs//GF19101319
  Trying cycle: 20191013
  Selected cycle: 20191013
Processing timestep: 201910132000
  Selected cycle: 20191013
  Writing /home/lwestern/agage/meteorology/cfsv2/flexpart_inputs//GF19101320
  Trying cycle: 20191013
Processing timestep: 201910132100
  Writing /home/lwestern/agage/meteorology/cfsv2/flexpart_inputs//GF19101321
  Trying cycle: 20191013
  Step filtering not needed (single numeric stepRange=1)
  Step filtering not needed (single numeric stepRange=2)
  Step filtering not needed (single numeric stepRange=3)
  Selected cycle: 20191013
Processing timestep: 201910132200
  Writing /home/lwestern/agage/meteorology/cfsv2/flexpart_inputs//GF19101322
  Trying cycle: 20191013
  Step filtering not needed (single numeric stepRange=4)
  Selected cycle: 20191013
Processing timestep: 201910132300
  Writing /home/lwestern/agage/meteorology/cfsv2/flexpart_inputs//GF19101323
  Trying cycle: 20191013
  Step filtering not needed (single numeric stepRange=5)
  Selected cycle: 20191013
Processing timestep: 201910140000
  Writing /home/lwestern/agage/meteorology/cfsv2/flexpart_inputs//GF19101400
  Trying cycle: 20191013
  Step filtering not needed (single numeric stepRange=6)
  Selected cycle: 20191013
Processing timestep: 201910220100
  Writing /home/lwestern/agage/meteorology/cfsv2/flexpart_inputs//GF19102201
  Trying cycle: 20191022
  WARNING: Missing ipvgrbh file for 201910220100 cycle 20191022 (continuing with pgrbh only)
  Step filtering not needed (single numeric stepRange=1)
  Selected cycle: 20191013
Processing timestep: 201910220200
  Writing /home/lwestern/agage/meteorology/cfsv2/flexpart_inputs//GF19102202
  Trying cycle: 20191022
  WARNING: Missing ipvgrbh file for 201910220200 cycle 20191022 (continuing with pgrbh only)
  Step filtering not needed (single numeric stepRange=2)
  Selected cycle: 20191013
Processing timestep: 201910220300
  Writing /home/lwestern/agage/meteorology/cfsv2/flexpart_inputs//GF19102203
  Trying cycle: 20191022
  WARNING: Missing ipvgrbh file for 201910220300 cycle 20191022 (continuing with pgrbh only)
  Step filtering not needed (single numeric stepRange=3)
  Selected cycle: 20191013
Processing timestep: 201910220400
  Writing /home/lwestern/agage/meteorology/cfsv2/flexpart_inputs//GF19102204
  Trying cycle: 20191022
  WARNING: Missing ipvgrbh file for 201910220400 cycle 20191022 (continuing with pgrbh only)
  Selected cycle: 20191013
Processing timestep: 201910220500
  Step filtering not needed (single numeric stepRange=4)
  Writing /home/lwestern/agage/meteorology/cfsv2/flexpart_inputs//GF19102205
  Trying cycle: 20191022
  Selected cycle: 20191013
Processing timestep: 201910220600
  Writing /home/lwestern/agage/meteorology/cfsv2/flexpart_inputs//GF19102206
  Trying cycle: 20191022
  WARNING: Missing ipvgrbh file for 201910220600 cycle 20191022 (continuing with pgrbh only)
  WARNING: Missing ipvgrbh file for 201910220500 cycle 20191022 (continuing with pgrbh only)
  Step filtering not needed (single numeric stepRange=6)
  Step filtering not needed (single numeric stepRange=5)
  Selected cycle: 20191013
Processing timestep: 201910220700
  Writing /home/lwestern/agage/meteorology/cfsv2/flexpart_inputs//GF19102207
  Trying cycle: 20191022
  WARNING: Missing ipvgrbh file for 201910220700 cycle 20191022 (continuing with pgrbh only)
  Step filtering not needed (single numeric stepRange=1)
  Selected cycle: 20191013
Processing timestep: 201910220800
  Writing /home/lwestern/agage/meteorology/cfsv2/flexpart_inputs//GF19102208
  Trying cycle: 20191022
  WARNING: Missing ipvgrbh file for 201910220800 cycle 20191022 (continuing with pgrbh only)
  Step filtering not needed (single numeric stepRange=2)
  Selected cycle: 20191022
Processing timestep: 201910220900
  Writing /home/lwestern/agage/meteorology/cfsv2/flexpart_inputs//GF19102209
  Trying cycle: 20191022
  WARNING: Missing ipvgrbh file for 201910220900 cycle 20191022 (continuing with pgrbh only)
  Step filtering not needed (single numeric stepRange=3)
  Selected cycle: 20191022
Processing timestep: 201910221000
  Writing /home/lwestern/agage/meteorology/cfsv2/flexpart_inputs//GF19102210
  Trying cycle: 20191022
  WARNING: Missing ipvgrbh file for 201910221000 cycle 20191022 (continuing with pgrbh only)
  Step filtering not needed (single numeric stepRange=4)
  Selected cycle: 20191022
Processing timestep: 201910221100
  Writing /home/lwestern/agage/meteorology/cfsv2/flexpart_inputs//GF19102211
  Trying cycle: 20191022
  WARNING: Missing ipvgrbh file for 201910221100 cycle 20191022 (continuing with pgrbh only)
  Step filtering not needed (single numeric stepRange=5)
  Selected cycle: 20191022
Processing timestep: 201910221200
  Writing /home/lwestern/agage/meteorology/cfsv2/flexpart_inputs//GF19102212
  Trying cycle: 20191022
  WARNING: Missing ipvgrbh file for 201910221200 cycle 20191022 (continuing with pgrbh only)
  Step filtering not needed (single numeric stepRange=6)
  Selected cycle: 20191022
Processing timestep: 201910221300
  Writing /home/lwestern/agage/meteorology/cfsv2/flexpart_inputs//GF19102213
  Trying cycle: 20191022
  WARNING: Missing ipvgrbh file for 201910221300 cycle 20191022 (continuing with pgrbh only)
  Step filtering not needed (single numeric stepRange=1)
  Selected cycle: 20191022
Processing timestep: 201910221400
  Writing /home/lwestern/agage/meteorology/cfsv2/flexpart_inputs//GF19102214
  Trying cycle: 20191022
  WARNING: Missing ipvgrbh file for 201910221400 cycle 20191022 (continuing with pgrbh only)
  Step filtering not needed (single numeric stepRange=2)
  Selected cycle: 20191022
Processing timestep: 201910221500
  Writing /home/lwestern/agage/meteorology/cfsv2/flexpart_inputs//GF19102215
  Trying cycle: 20191022
  WARNING: Missing ipvgrbh file for 201910221500 cycle 20191022 (continuing with pgrbh only)
  Step filtering not needed (single numeric stepRange=3)
  Selected cycle: 20191022
Processing timestep: 201910221600
  Writing /home/lwestern/agage/meteorology/cfsv2/flexpart_inputs//GF19102216
  Trying cycle: 20191022
  Selected cycle: 20191022
Processing timestep: 201910221700
  Writing /home/lwestern/agage/meteorology/cfsv2/flexpart_inputs//GF19102217
  Trying cycle: 20191022
  WARNING: Missing ipvgrbh file for 201910221600 cycle 20191022 (continuing with pgrbh only)
  Step filtering not needed (single numeric stepRange=4)
  WARNING: Missing ipvgrbh file for 201910221700 cycle 20191022 (continuing with pgrbh only)
  Step filtering not needed (single numeric stepRange=5)
  Selected cycle: 20191022
Processing timestep: 201910221800
  Writing /home/lwestern/agage/meteorology/cfsv2/flexpart_inputs//GF19102218
  Trying cycle: 20191022
  WARNING: Missing ipvgrbh file for 201910221800 cycle 20191022 (continuing with pgrbh only)
  Step filtering not needed (single numeric stepRange=6)
  Selected cycle: 20191022
Processing timestep: 201910221900
  Writing /home/lwestern/agage/meteorology/cfsv2/flexpart_inputs//GF19102219
  Trying cycle: 20191022
  WARNING: Missing ipvgrbh file for 201910221900 cycle 20191022 (continuing with pgrbh only)
  Step filtering not needed (single numeric stepRange=1)
  Selected cycle: 20191022
Processing timestep: 201910222000
  Writing /home/lwestern/agage/meteorology/cfsv2/flexpart_inputs//GF19102220
  Trying cycle: 20191022
  Selected cycle: 20191022
Processing timestep: 201910222100
  Writing /home/lwestern/agage/meteorology/cfsv2/flexpart_inputs//GF19102221
  Trying cycle: 20191022
  WARNING: Missing ipvgrbh file for 201910222000 cycle 20191022 (continuing with pgrbh only)
  WARNING: Missing ipvgrbh file for 201910222100 cycle 20191022 (continuing with pgrbh only)
  Step filtering not needed (single numeric stepRange=2)
  Step filtering not needed (single numeric stepRange=3)
  Selected cycle: 20191022
Processing timestep: 201910222200
  Writing /home/lwestern/agage/meteorology/cfsv2/flexpart_inputs//GF19102222
  Trying cycle: 20191022
  WARNING: Missing ipvgrbh file for 201910222200 cycle 20191022 (continuing with pgrbh only)
  Step filtering not needed (single numeric stepRange=4)
  Selected cycle: 20191022
Processing timestep: 201910222300
  Writing /home/lwestern/agage/meteorology/cfsv2/flexpart_inputs//GF19102223
  Trying cycle: 20191022
  Selected cycle: 20191022
Processing timestep: 201910230000
  Writing /home/lwestern/agage/meteorology/cfsv2/flexpart_inputs//GF19102300
  Trying cycle: 20191022
  WARNING: Missing ipvgrbh file for 201910230000 cycle 20191022 (continuing with pgrbh only)
  Step filtering not needed (single numeric stepRange=6)
  Selected cycle: 20191022
Processing timestep: 201910230100
  Writing /home/lwestern/agage/meteorology/cfsv2/flexpart_inputs//GF19102301
  Trying cycle: 20191023
  WARNING: Missing ipvgrbh file for 201910230100 cycle 20191023 (continuing with pgrbh only)
  Step filtering not needed (single numeric stepRange=1)
  Selected cycle: 20191022
Processing timestep: 201910230200
  Writing /home/lwestern/agage/meteorology/cfsv2/flexpart_inputs//GF19102302
  Trying cycle: 20191023
  WARNING: Missing ipvgrbh file for 201910230200 cycle 20191023 (continuing with pgrbh only)
  Step filtering not needed (single numeric stepRange=2)
  WARNING: Missing ipvgrbh file for 201910222300 cycle 20191022 (continuing with pgrbh only)
  Step filtering not needed (single numeric stepRange=5)
  Selected cycle: 20191022
Processing timestep: 201910230300
  Writing /home/lwestern/agage/meteorology/cfsv2/flexpart_inputs//GF19102303
  Trying cycle: 20191023
  WARNING: Missing ipvgrbh file for 201910230300 cycle 20191023 (continuing with pgrbh only)
  Step filtering not needed (single numeric stepRange=3)
  Selected cycle: 20191022
Processing timestep: 201910230400
  Writing /home/lwestern/agage/meteorology/cfsv2/flexpart_inputs//GF19102304
  Trying cycle: 20191023
  Selected cycle: 20191022
Processing timestep: 201910230500
  Writing /home/lwestern/agage/meteorology/cfsv2/flexpart_inputs//GF19102305
  Trying cycle: 20191023
  WARNING: Missing ipvgrbh file for 201910230400 cycle 20191023 (continuing with pgrbh only)
  Selected cycle: 20191022
Processing timestep: 201910230600
  Writing /home/lwestern/agage/meteorology/cfsv2/flexpart_inputs//GF19102306
  Step filtering not needed (single numeric stepRange=4)
  Trying cycle: 20191023
  WARNING: Missing ipvgrbh file for 201910230500 cycle 20191023 (continuing with pgrbh only)
  Step filtering not needed (single numeric stepRange=5)
  WARNING: Missing ipvgrbh file for 201910230600 cycle 20191023 (continuing with pgrbh only)
  Step filtering not needed (single numeric stepRange=6)
  Selected cycle: 20191023
Processing timestep: 201910230700
  Writing /home/lwestern/agage/meteorology/cfsv2/flexpart_inputs//GF19102307
  Trying cycle: 20191023
  Selected cycle: 20191022
Processing timestep: 201910230800
  Writing /home/lwestern/agage/meteorology/cfsv2/flexpart_inputs//GF19102308
  Trying cycle: 20191023
  WARNING: Missing ipvgrbh file for 201910230700 cycle 20191023 (continuing with pgrbh only)
  Step filtering not needed (single numeric stepRange=1)
  WARNING: Missing ipvgrbh file for 201910230800 cycle 20191023 (continuing with pgrbh only)
  Step filtering not needed (single numeric stepRange=2)
  Selected cycle: 20191023
Processing timestep: 201910230900
  Writing /home/lwestern/agage/meteorology/cfsv2/flexpart_inputs//GF19102309
  Trying cycle: 20191023
  WARNING: Missing ipvgrbh file for 201910230900 cycle 20191023 (continuing with pgrbh only)
  Step filtering not needed (single numeric stepRange=3)
  Selected cycle: 20191022
Processing timestep: 201910231000
  Writing /home/lwestern/agage/meteorology/cfsv2/flexpart_inputs//GF19102310
  Trying cycle: 20191023
  WARNING: Missing ipvgrbh file for 201910231000 cycle 20191023 (continuing with pgrbh only)
  Step filtering not needed (single numeric stepRange=4)
  Selected cycle: 20191023
Processing timestep: 201910231100
  Writing /home/lwestern/agage/meteorology/cfsv2/flexpart_inputs//GF19102311
  Trying cycle: 20191023
  WARNING: Missing ipvgrbh file for 201910231100 cycle 20191023 (continuing with pgrbh only)
  Step filtering not needed (single numeric stepRange=5)
  Selected cycle: 20191023
Processing timestep: 201910231200
  Writing /home/lwestern/agage/meteorology/cfsv2/flexpart_inputs//GF19102312
  Trying cycle: 20191023
  WARNING: Missing ipvgrbh file for 201910231200 cycle 20191023 (continuing with pgrbh only)
  Step filtering not needed (single numeric stepRange=6)
  Selected cycle: 20191023
Processing timestep: 201910231300
  Writing /home/lwestern/agage/meteorology/cfsv2/flexpart_inputs//GF19102313
  Trying cycle: 20191023
  Selected cycle: 20191023
Processing timestep: 201910231400
  Writing /home/lwestern/agage/meteorology/cfsv2/flexpart_inputs//GF19102314
  Trying cycle: 20191023
  WARNING: Missing ipvgrbh file for 201910231300 cycle 20191023 (continuing with pgrbh only)
  Step filtering not needed (single numeric stepRange=1)
  WARNING: Missing ipvgrbh file for 201910231400 cycle 20191023 (continuing with pgrbh only)
  Step filtering not needed (single numeric stepRange=2)
  Selected cycle: 20191023
Processing timestep: 201910231500
  Writing /home/lwestern/agage/meteorology/cfsv2/flexpart_inputs//GF19102315
  Trying cycle: 20191023
  WARNING: Missing ipvgrbh file for 201910231500 cycle 20191023 (continuing with pgrbh only)
  Step filtering not needed (single numeric stepRange=3)
  Selected cycle: 20191023
Processing timestep: 201910231600
  Writing /home/lwestern/agage/meteorology/cfsv2/flexpart_inputs//GF19102316
  Trying cycle: 20191023
  WARNING: Missing ipvgrbh file for 201910231600 cycle 20191023 (continuing with pgrbh only)
  Step filtering not needed (single numeric stepRange=4)
  Selected cycle: 20191023
Processing timestep: 201910231700
  Writing /home/lwestern/agage/meteorology/cfsv2/flexpart_inputs//GF19102317
  Trying cycle: 20191023
  WARNING: Missing ipvgrbh file for 201910231700 cycle 20191023 (continuing with pgrbh only)
  Step filtering not needed (single numeric stepRange=5)
  Selected cycle: 20191023
Processing timestep: 201910231800
  Writing /home/lwestern/agage/meteorology/cfsv2/flexpart_inputs//GF19102318
  Trying cycle: 20191023
  WARNING: Missing ipvgrbh file for 201910231800 cycle 20191023 (continuing with pgrbh only)
  Step filtering not needed (single numeric stepRange=6)
  Selected cycle: 20191023
Processing timestep: 201910231900
  Writing /home/lwestern/agage/meteorology/cfsv2/flexpart_inputs//GF19102319
  Trying cycle: 20191023
  WARNING: Missing ipvgrbh file for 201910231900 cycle 20191023 (continuing with pgrbh only)
  Step filtering not needed (single numeric stepRange=1)
  Selected cycle: 20191023
Processing timestep: 201910232000
  Writing /home/lwestern/agage/meteorology/cfsv2/flexpart_inputs//GF19102320
  Trying cycle: 20191023
  WARNING: Missing ipvgrbh file for 201910232000 cycle 20191023 (continuing with pgrbh only)
  Step filtering not needed (single numeric stepRange=2)
  Selected cycle: 20191023
Processing timestep: 201910232100
  Writing /home/lwestern/agage/meteorology/cfsv2/flexpart_inputs//GF19102321
  Trying cycle: 20191023
  WARNING: Missing ipvgrbh file for 201910232100 cycle 20191023 (continuing with pgrbh only)
  Step filtering not needed (single numeric stepRange=3)
  Selected cycle: 20191023
Processing timestep: 201910232200
  Writing /home/lwestern/agage/meteorology/cfsv2/flexpart_inputs//GF19102322
  Trying cycle: 20191023
  WARNING: Missing ipvgrbh file for 201910232200 cycle 20191023 (continuing with pgrbh only)
  Step filtering not needed (single numeric stepRange=4)
  Selected cycle: 20191023
Processing timestep: 201910232300
  Writing /home/lwestern/agage/meteorology/cfsv2/flexpart_inputs//GF19102323
  Trying cycle: 20191023
  WARNING: Missing ipvgrbh file for 201910232300 cycle 20191023 (continuing with pgrbh only)
  Step filtering not needed (single numeric stepRange=5)
  Selected cycle: 20191023
Processing timestep: 201910240000
  Writing /home/lwestern/agage/meteorology/cfsv2/flexpart_inputs//GF19102400
  Trying cycle: 20191023
  WARNING: Missing ipvgrbh file for 201910240000 cycle 20191023 (continuing with pgrbh only)
  Step filtering not needed (single numeric stepRange=6)
  Selected cycle: 20191023
Processing timestep: 201910260100
  Writing /home/lwestern/agage/meteorology/cfsv2/flexpart_inputs//GF19102601
  Trying cycle: 20191026
  WARNING: Missing ipvgrbh file for 201910260100 cycle 20191026 (continuing with pgrbh only)
  Step filtering not needed (single numeric stepRange=1)
  Selected cycle: 20191023
Processing timestep: 201910260200
  Writing /home/lwestern/agage/meteorology/cfsv2/flexpart_inputs//GF19102602
  Trying cycle: 20191026
  WARNING: Missing ipvgrbh file for 201910260200 cycle 20191026 (continuing with pgrbh only)
  Step filtering not needed (single numeric stepRange=2)
  Selected cycle: 20191023
Processing timestep: 201910260300
  Writing /home/lwestern/agage/meteorology/cfsv2/flexpart_inputs//GF19102603
  Trying cycle: 20191026
  WARNING: Missing ipvgrbh file for 201910260300 cycle 20191026 (continuing with pgrbh only)
  Step filtering not needed (single numeric stepRange=3)
  Selected cycle: 20191023
Processing timestep: 201910260400
  Writing /home/lwestern/agage/meteorology/cfsv2/flexpart_inputs//GF19102604
  Trying cycle: 20191026
  WARNING: Missing ipvgrbh file for 201910260400 cycle 20191026 (continuing with pgrbh only)
  Step filtering not needed (single numeric stepRange=4)
  Selected cycle: 20191023
Processing timestep: 201910260500
  Writing /home/lwestern/agage/meteorology/cfsv2/flexpart_inputs//GF19102605
  Trying cycle: 20191026
  WARNING: Missing ipvgrbh file for 201910260500 cycle 20191026 (continuing with pgrbh only)
  Step filtering not needed (single numeric stepRange=5)
  Selected cycle: 20191023
Processing timestep: 201910260600
  Writing /home/lwestern/agage/meteorology/cfsv2/flexpart_inputs//GF19102606
  Trying cycle: 20191026
  WARNING: Missing ipvgrbh file for 201910260600 cycle 20191026 (continuing with pgrbh only)
  Step filtering not needed (single numeric stepRange=6)
  Selected cycle: 20191023
Processing timestep: 201910260700
  Writing /home/lwestern/agage/meteorology/cfsv2/flexpart_inputs//GF19102607
  Trying cycle: 20191026
  WARNING: Missing ipvgrbh file for 201910260700 cycle 20191026 (continuing with pgrbh only)
  Step filtering not needed (single numeric stepRange=1)
  Selected cycle: 20191023
Processing timestep: 201910260800
  Writing /home/lwestern/agage/meteorology/cfsv2/flexpart_inputs//GF19102608
  Trying cycle: 20191026
  WARNING: Missing ipvgrbh file for 201910260800 cycle 20191026 (continuing with pgrbh only)
  Step filtering not needed (single numeric stepRange=2)
  Selected cycle: 20191026
Processing timestep: 201910260900
  Writing /home/lwestern/agage/meteorology/cfsv2/flexpart_inputs//GF19102609
  Trying cycle: 20191026
  WARNING: Missing ipvgrbh file for 201910260900 cycle 20191026 (continuing with pgrbh only)
  Step filtering not needed (single numeric stepRange=3)
  Selected cycle: 20191026
Processing timestep: 201910261000
  Writing /home/lwestern/agage/meteorology/cfsv2/flexpart_inputs//GF19102610
  Trying cycle: 20191026
  WARNING: Missing ipvgrbh file for 201910261000 cycle 20191026 (continuing with pgrbh only)
  Step filtering not needed (single numeric stepRange=4)
  Selected cycle: 20191026
Processing timestep: 201910261100
  Writing /home/lwestern/agage/meteorology/cfsv2/flexpart_inputs//GF19102611
  Trying cycle: 20191026
  WARNING: Missing ipvgrbh file for 201910261100 cycle 20191026 (continuing with pgrbh only)
  Step filtering not needed (single numeric stepRange=5)
  Selected cycle: 20191026
Processing timestep: 201910261200
  Writing /home/lwestern/agage/meteorology/cfsv2/flexpart_inputs//GF19102612
  Trying cycle: 20191026
  WARNING: Missing ipvgrbh file for 201910261200 cycle 20191026 (continuing with pgrbh only)
  Step filtering not needed (single numeric stepRange=6)
  Selected cycle: 20191026
Processing timestep: 201910261300
  Writing /home/lwestern/agage/meteorology/cfsv2/flexpart_inputs//GF19102613
  Trying cycle: 20191026
  Selected cycle: 20191026
Processing timestep: 201910261400
  Writing /home/lwestern/agage/meteorology/cfsv2/flexpart_inputs//GF19102614
  Trying cycle: 20191026
  WARNING: Missing ipvgrbh file for 201910261300 cycle 20191026 (continuing with pgrbh only)
  Step filtering not needed (single numeric stepRange=1)
  WARNING: Missing ipvgrbh file for 201910261400 cycle 20191026 (continuing with pgrbh only)
  Step filtering not needed (single numeric stepRange=2)
  Selected cycle: 20191026
Processing timestep: 201910261500
  Writing /home/lwestern/agage/meteorology/cfsv2/flexpart_inputs//GF19102615
  Trying cycle: 20191026
  WARNING: Missing ipvgrbh file for 201910261500 cycle 20191026 (continuing with pgrbh only)
  Step filtering not needed (single numeric stepRange=3)
  Selected cycle: 20191026
Processing timestep: 201910261600
  Writing /home/lwestern/agage/meteorology/cfsv2/flexpart_inputs//GF19102616
  Trying cycle: 20191026
  WARNING: Missing ipvgrbh file for 201910261600 cycle 20191026 (continuing with pgrbh only)
  Step filtering not needed (single numeric stepRange=4)
  Selected cycle: 20191026
Processing timestep: 201910261700
  Writing /home/lwestern/agage/meteorology/cfsv2/flexpart_inputs//GF19102617
  Trying cycle: 20191026
  Selected cycle: 20191026
Processing timestep: 201910261800
  Writing /home/lwestern/agage/meteorology/cfsv2/flexpart_inputs//GF19102618
  Trying cycle: 20191026
  WARNING: Missing ipvgrbh file for 201910261700 cycle 20191026 (continuing with pgrbh only)
  Step filtering not needed (single numeric stepRange=5)
  WARNING: Missing ipvgrbh file for 201910261800 cycle 20191026 (continuing with pgrbh only)
  Step filtering not needed (single numeric stepRange=6)
  Selected cycle: 20191026
Processing timestep: 201910261900
  Writing /home/lwestern/agage/meteorology/cfsv2/flexpart_inputs//GF19102619
  Trying cycle: 20191026
  WARNING: Missing ipvgrbh file for 201910261900 cycle 20191026 (continuing with pgrbh only)
  Step filtering not needed (single numeric stepRange=1)
  Selected cycle: 20191026
Processing timestep: 201910262000
  Writing /home/lwestern/agage/meteorology/cfsv2/flexpart_inputs//GF19102620
  Trying cycle: 20191026
  WARNING: Missing ipvgrbh file for 201910262000 cycle 20191026 (continuing with pgrbh only)
  Step filtering not needed (single numeric stepRange=2)
  Selected cycle: 20191026
Processing timestep: 201910262100
  Writing /home/lwestern/agage/meteorology/cfsv2/flexpart_inputs//GF19102621
  Trying cycle: 20191026
  Selected cycle: 20191026
Processing timestep: 201910262200
  Writing /home/lwestern/agage/meteorology/cfsv2/flexpart_inputs//GF19102622
  Trying cycle: 20191026
  WARNING: Missing ipvgrbh file for 201910262100 cycle 20191026 (continuing with pgrbh only)
  Step filtering not needed (single numeric stepRange=3)
  WARNING: Missing ipvgrbh file for 201910262200 cycle 20191026 (continuing with pgrbh only)
  Step filtering not needed (single numeric stepRange=4)
  Selected cycle: 20191026
Processing timestep: 201910262300
  Writing /home/lwestern/agage/meteorology/cfsv2/flexpart_inputs//GF19102623
  Trying cycle: 20191026
  WARNING: Missing ipvgrbh file for 201910262300 cycle 20191026 (continuing with pgrbh only)
  Step filtering not needed (single numeric stepRange=5)
  Selected cycle: 20191026
Processing timestep: 201910270000
  Writing /home/lwestern/agage/meteorology/cfsv2/flexpart_inputs//GF19102700
  Trying cycle: 20191026
  Selected cycle: 20191026
Processing timestep: 201910270100
  WARNING: Missing ipvgrbh file for 201910270000 cycle 20191026 (continuing with pgrbh only)
  Writing /home/lwestern/agage/meteorology/cfsv2/flexpart_inputs//GF19102701
  Selected cycle: 20191026
  Trying cycle: 20191027
Processing timestep: 201910270200
  Writing /home/lwestern/agage/meteorology/cfsv2/flexpart_inputs//GF19102702
  Trying cycle: 20191027
  Step filtering not needed (single numeric stepRange=6)
  WARNING: Missing ipvgrbh file for 201910270100 cycle 20191027 (continuing with pgrbh only)
  Step filtering not needed (single numeric stepRange=1)
  WARNING: Missing ipvgrbh file for 201910270200 cycle 20191027 (continuing with pgrbh only)
  Step filtering not needed (single numeric stepRange=2)
  Selected cycle: 20191026
Processing timestep: 201910270300
  Writing /home/lwestern/agage/meteorology/cfsv2/flexpart_inputs//GF19102703
  Trying cycle: 20191027
  WARNING: Missing ipvgrbh file for 201910270300 cycle 20191027 (continuing with pgrbh only)
  Step filtering not needed (single numeric stepRange=3)
  Selected cycle: 20191026
Processing timestep: 201910270400
  Writing /home/lwestern/agage/meteorology/cfsv2/flexpart_inputs//GF19102704
  Trying cycle: 20191027
  WARNING: Missing ipvgrbh file for 201910270400 cycle 20191027 (continuing with pgrbh only)
  Step filtering not needed (single numeric stepRange=4)
  Selected cycle: 20191026
Processing timestep: 201910270500
  Writing /home/lwestern/agage/meteorology/cfsv2/flexpart_inputs//GF19102705
  Trying cycle: 20191027
  Selected cycle: 20191026
Processing timestep: 201910270600
  Writing /home/lwestern/agage/meteorology/cfsv2/flexpart_inputs//GF19102706
  Trying cycle: 20191027
  WARNING: Missing ipvgrbh file for 201910270500 cycle 20191027 (continuing with pgrbh only)
  Step filtering not needed (single numeric stepRange=5)
  WARNING: Missing ipvgrbh file for 201910270600 cycle 20191027 (continuing with pgrbh only)
  Step filtering not needed (single numeric stepRange=6)
  Selected cycle: 20191026
Processing timestep: 201910270700
  Writing /home/lwestern/agage/meteorology/cfsv2/flexpart_inputs//GF19102707
  Trying cycle: 20191027
  WARNING: Missing ipvgrbh file for 201910270700 cycle 20191027 (continuing with pgrbh only)
  Step filtering not needed (single numeric stepRange=1)
  Selected cycle: 20191026
Processing timestep: 201910270800
  Writing /home/lwestern/agage/meteorology/cfsv2/flexpart_inputs//GF19102708
  Trying cycle: 20191027
  Selected cycle: 20191027
Processing timestep: 201910270900
  Writing /home/lwestern/agage/meteorology/cfsv2/flexpart_inputs//GF19102709
  Trying cycle: 20191027
  WARNING: Missing ipvgrbh file for 201910270800 cycle 20191027 (continuing with pgrbh only)
  Selected cycle: 20191027
Processing timestep: 201910271000
  Writing /home/lwestern/agage/meteorology/cfsv2/flexpart_inputs//GF19102710
  Trying cycle: 20191027
  Step filtering not needed (single numeric stepRange=2)
  WARNING: Missing ipvgrbh file for 201910271000 cycle 20191027 (continuing with pgrbh only)
  WARNING: Missing ipvgrbh file for 201910270900 cycle 20191027 (continuing with pgrbh only)
  Step filtering not needed (single numeric stepRange=4)
  Step filtering not needed (single numeric stepRange=3)
  Selected cycle: 20191027
Processing timestep: 201910271100
  Writing /home/lwestern/agage/meteorology/cfsv2/flexpart_inputs//GF19102711
  Trying cycle: 20191027
  WARNING: Missing ipvgrbh file for 201910271100 cycle 20191027 (continuing with pgrbh only)
  Step filtering not needed (single numeric stepRange=5)
  Selected cycle: 20191027
Processing timestep: 201910271200
  Writing /home/lwestern/agage/meteorology/cfsv2/flexpart_inputs//GF19102712
  Trying cycle: 20191027
  WARNING: Missing ipvgrbh file for 201910271200 cycle 20191027 (continuing with pgrbh only)
  Step filtering not needed (single numeric stepRange=6)
  Selected cycle: 20191027
Processing timestep: 201910271300
  Writing /home/lwestern/agage/meteorology/cfsv2/flexpart_inputs//GF19102713
  Trying cycle: 20191027
  WARNING: Missing ipvgrbh file for 201910271300 cycle 20191027 (continuing with pgrbh only)
  Step filtering not needed (single numeric stepRange=1)
  Selected cycle: 20191027
Processing timestep: 201910271400
  Writing /home/lwestern/agage/meteorology/cfsv2/flexpart_inputs//GF19102714
  Trying cycle: 20191027
  WARNING: Missing ipvgrbh file for 201910271400 cycle 20191027 (continuing with pgrbh only)
  Step filtering not needed (single numeric stepRange=2)
  Selected cycle: 20191027
Processing timestep: 201910271500
  Writing /home/lwestern/agage/meteorology/cfsv2/flexpart_inputs//GF19102715
  Trying cycle: 20191027
  WARNING: Missing ipvgrbh file for 201910271500 cycle 20191027 (continuing with pgrbh only)
  Step filtering not needed (single numeric stepRange=3)
  Selected cycle: 20191027
Processing timestep: 201910271600
  Writing /home/lwestern/agage/meteorology/cfsv2/flexpart_inputs//GF19102716
  Trying cycle: 20191027
  Selected cycle: 20191027
Processing timestep: 201910271700
  Writing /home/lwestern/agage/meteorology/cfsv2/flexpart_inputs//GF19102717
  Trying cycle: 20191027
  WARNING: Missing ipvgrbh file for 201910271600 cycle 20191027 (continuing with pgrbh only)
  Step filtering not needed (single numeric stepRange=4)
  WARNING: Missing ipvgrbh file for 201910271700 cycle 20191027 (continuing with pgrbh only)
  Step filtering not needed (single numeric stepRange=5)
  Selected cycle: 20191027
Processing timestep: 201910271800
  Writing /home/lwestern/agage/meteorology/cfsv2/flexpart_inputs//GF19102718
  Trying cycle: 20191027
  Selected cycle: 20191027
Processing timestep: 201910271900
  Writing /home/lwestern/agage/meteorology/cfsv2/flexpart_inputs//GF19102719
  Trying cycle: 20191027
  WARNING: Missing ipvgrbh file for 201910271900 cycle 20191027 (continuing with pgrbh only)
  Step filtering not needed (single numeric stepRange=1)
  WARNING: Missing ipvgrbh file for 201910271800 cycle 20191027 (continuing with pgrbh only)
  Step filtering not needed (single numeric stepRange=6)
  Selected cycle: 20191027
Processing timestep: 201910272000
  Writing /home/lwestern/agage/meteorology/cfsv2/flexpart_inputs//GF19102720
  Trying cycle: 20191027
  WARNING: Missing ipvgrbh file for 201910272000 cycle 20191027 (continuing with pgrbh only)
  Step filtering not needed (single numeric stepRange=2)
  Selected cycle: 20191027
Processing timestep: 201910272100
  Writing /home/lwestern/agage/meteorology/cfsv2/flexpart_inputs//GF19102721
  Trying cycle: 20191027
  WARNING: Missing ipvgrbh file for 201910272100 cycle 20191027 (continuing with pgrbh only)
  Step filtering not needed (single numeric stepRange=3)
  Selected cycle: 20191027
Processing timestep: 201910272200
  Writing /home/lwestern/agage/meteorology/cfsv2/flexpart_inputs//GF19102722
  Trying cycle: 20191027
  WARNING: Missing ipvgrbh file for 201910272200 cycle 20191027 (continuing with pgrbh only)
  Step filtering not needed (single numeric stepRange=4)
  Selected cycle: 20191027
Processing timestep: 201910272300
  Writing /home/lwestern/agage/meteorology/cfsv2/flexpart_inputs//GF19102723
  Trying cycle: 20191027
  WARNING: Missing ipvgrbh file for 201910272300 cycle 20191027 (continuing with pgrbh only)
  Step filtering not needed (single numeric stepRange=5)
  Selected cycle: 20191027
Processing timestep: 201910280000
  Writing /home/lwestern/agage/meteorology/cfsv2/flexpart_inputs//GF19102800
  Trying cycle: 20191027
  Selected cycle: 20191027
Processing timestep: 201911020100
  Writing /home/lwestern/agage/meteorology/cfsv2/flexpart_inputs//GF19110201
  Trying cycle: 20191102
  WARNING: Missing ipvgrbh file for 201910280000 cycle 20191027 (continuing with pgrbh only)
  Step filtering not needed (single numeric stepRange=6)
  WARNING: Missing ipvgrbh file for 201911020100 cycle 20191102 (continuing with pgrbh only)
  Step filtering not needed (single numeric stepRange=1)
  Selected cycle: 20191027
Processing timestep: 201911020200
  Writing /home/lwestern/agage/meteorology/cfsv2/flexpart_inputs//GF19110202
  Trying cycle: 20191102
  WARNING: Missing ipvgrbh file for 201911020200 cycle 20191102 (continuing with pgrbh only)
  Step filtering not needed (single numeric stepRange=2)
  Selected cycle: 20191027
Processing timestep: 201911020300
  Writing /home/lwestern/agage/meteorology/cfsv2/flexpart_inputs//GF19110203
  Trying cycle: 20191102
  WARNING: Missing ipvgrbh file for 201911020300 cycle 20191102 (continuing with pgrbh only)
  Step filtering not needed (single numeric stepRange=3)
  Selected cycle: 20191027
Processing timestep: 201911020400
  Writing /home/lwestern/agage/meteorology/cfsv2/flexpart_inputs//GF19110204
  Trying cycle: 20191102
  WARNING: Missing ipvgrbh file for 201911020400 cycle 20191102 (continuing with pgrbh only)
  Step filtering not needed (single numeric stepRange=4)
  Selected cycle: 20191027
Processing timestep: 201911020500
  Writing /home/lwestern/agage/meteorology/cfsv2/flexpart_inputs//GF19110205
  Trying cycle: 20191102
  WARNING: Missing ipvgrbh file for 201911020500 cycle 20191102 (continuing with pgrbh only)
  Step filtering not needed (single numeric stepRange=5)
  Selected cycle: 20191027
Processing timestep: 201911020600
  Writing /home/lwestern/agage/meteorology/cfsv2/flexpart_inputs//GF19110206
  Trying cycle: 20191102
  WARNING: Missing ipvgrbh file for 201911020600 cycle 20191102 (continuing with pgrbh only)
  Step filtering not needed (single numeric stepRange=6)
  Selected cycle: 20191027
Processing timestep: 201911020700
  Writing /home/lwestern/agage/meteorology/cfsv2/flexpart_inputs//GF19110207
  Trying cycle: 20191102
  WARNING: Missing ipvgrbh file for 201911020700 cycle 20191102 (continuing with pgrbh only)
  Step filtering not needed (single numeric stepRange=1)
  Selected cycle: 20191027
Processing timestep: 201911020800
  Writing /home/lwestern/agage/meteorology/cfsv2/flexpart_inputs//GF19110208
  Trying cycle: 20191102
  WARNING: Missing ipvgrbh file for 201911020800 cycle 20191102 (continuing with pgrbh only)
  Selected cycle: 20191102
Processing timestep: 201911020900
  Writing /home/lwestern/agage/meteorology/cfsv2/flexpart_inputs//GF19110209
  Trying cycle: 20191102
  Step filtering not needed (single numeric stepRange=2)
  WARNING: Missing ipvgrbh file for 201911020900 cycle 20191102 (continuing with pgrbh only)
  Step filtering not needed (single numeric stepRange=3)
  Selected cycle: 20191102
Processing timestep: 201911021000
  Writing /home/lwestern/agage/meteorology/cfsv2/flexpart_inputs//GF19110210
  Trying cycle: 20191102
  WARNING: Missing ipvgrbh file for 201911021000 cycle 20191102 (continuing with pgrbh only)
  Step filtering not needed (single numeric stepRange=4)
  Selected cycle: 20191102
Processing timestep: 201911021100
  Writing /home/lwestern/agage/meteorology/cfsv2/flexpart_inputs//GF19110211
  Trying cycle: 20191102
  WARNING: Missing ipvgrbh file for 201911021100 cycle 20191102 (continuing with pgrbh only)
  Step filtering not needed (single numeric stepRange=5)
  Selected cycle: 20191102
Processing timestep: 201911021200
  Writing /home/lwestern/agage/meteorology/cfsv2/flexpart_inputs//GF19110212
  Trying cycle: 20191102
  Selected cycle: 20191102
Processing timestep: 201911021300
  Writing /home/lwestern/agage/meteorology/cfsv2/flexpart_inputs//GF19110213
  Trying cycle: 20191102
  WARNING: Missing ipvgrbh file for 201911021300 cycle 20191102 (continuing with pgrbh only)
  Step filtering not needed (single numeric stepRange=1)
  WARNING: Missing ipvgrbh file for 201911021200 cycle 20191102 (continuing with pgrbh only)
  Step filtering not needed (single numeric stepRange=6)
  Selected cycle: 20191102
Processing timestep: 201911021400
  Writing /home/lwestern/agage/meteorology/cfsv2/flexpart_inputs//GF19110214
  Trying cycle: 20191102
  WARNING: Missing ipvgrbh file for 201911021400 cycle 20191102 (continuing with pgrbh only)
  Step filtering not needed (single numeric stepRange=2)
  Selected cycle: 20191102
Processing timestep: 201911021500
  Writing /home/lwestern/agage/meteorology/cfsv2/flexpart_inputs//GF19110215
  Trying cycle: 20191102
  WARNING: Missing ipvgrbh file for 201911021500 cycle 20191102 (continuing with pgrbh only)
  Step filtering not needed (single numeric stepRange=3)
  Selected cycle: 20191102
Processing timestep: 201911021600
  Writing /home/lwestern/agage/meteorology/cfsv2/flexpart_inputs//GF19110216
  Trying cycle: 20191102
  WARNING: Missing ipvgrbh file for 201911021600 cycle 20191102 (continuing with pgrbh only)
  Step filtering not needed (single numeric stepRange=4)
  Selected cycle: 20191102
Processing timestep: 201911021700
  Writing /home/lwestern/agage/meteorology/cfsv2/flexpart_inputs//GF19110217
  Trying cycle: 20191102
  WARNING: Missing ipvgrbh file for 201911021700 cycle 20191102 (continuing with pgrbh only)
  Step filtering not needed (single numeric stepRange=5)
  Selected cycle: 20191102
Processing timestep: 201911021800
  Writing /home/lwestern/agage/meteorology/cfsv2/flexpart_inputs//GF19110218
  Trying cycle: 20191102
  WARNING: Missing ipvgrbh file for 201911021800 cycle 20191102 (continuing with pgrbh only)
  Step filtering not needed (single numeric stepRange=6)
  Selected cycle: 20191102
Processing timestep: 201911021900
  Writing /home/lwestern/agage/meteorology/cfsv2/flexpart_inputs//GF19110219
  Trying cycle: 20191102
  WARNING: Missing ipvgrbh file for 201911021900 cycle 20191102 (continuing with pgrbh only)
  Step filtering not needed (single numeric stepRange=1)
  Selected cycle: 20191102
Processing timestep: 201911022000
  Writing /home/lwestern/agage/meteorology/cfsv2/flexpart_inputs//GF19110220
  Trying cycle: 20191102
  WARNING: Missing ipvgrbh file for 201911022000 cycle 20191102 (continuing with pgrbh only)
  Step filtering not needed (single numeric stepRange=2)
  Selected cycle: 20191102
Processing timestep: 201911022100
  Writing /home/lwestern/agage/meteorology/cfsv2/flexpart_inputs//GF19110221
  Trying cycle: 20191102
  WARNING: Missing ipvgrbh file for 201911022100 cycle 20191102 (continuing with pgrbh only)
  Step filtering not needed (single numeric stepRange=3)
  Selected cycle: 20191102
Processing timestep: 201911022200
  Writing /home/lwestern/agage/meteorology/cfsv2/flexpart_inputs//GF19110222
  Trying cycle: 20191102
  Selected cycle: 20191102
Processing timestep: 201911022300
  Writing /home/lwestern/agage/meteorology/cfsv2/flexpart_inputs//GF19110223
  Trying cycle: 20191102
  WARNING: Missing ipvgrbh file for 201911022200 cycle 20191102 (continuing with pgrbh only)
  Step filtering not needed (single numeric stepRange=4)
  WARNING: Missing ipvgrbh file for 201911022300 cycle 20191102 (continuing with pgrbh only)
  Step filtering not needed (single numeric stepRange=5)
  Selected cycle: 20191102
Processing timestep: 201911030000
  Writing /home/lwestern/agage/meteorology/cfsv2/flexpart_inputs//GF19110300
  Trying cycle: 20191102
  WARNING: Missing ipvgrbh file for 201911030000 cycle 20191102 (continuing with pgrbh only)
  Step filtering not needed (single numeric stepRange=6)
  Selected cycle: 20191102
Processing timestep: 201911040100
  Writing /home/lwestern/agage/meteorology/cfsv2/flexpart_inputs//GF19110401
  Trying cycle: 20191104
  Step filtering not needed (single numeric stepRange=1)
  Selected cycle: 20191102
Processing timestep: 201911040200
  Writing /home/lwestern/agage/meteorology/cfsv2/flexpart_inputs//GF19110402
  Trying cycle: 20191104
  Step filtering not needed (single numeric stepRange=2)
  Selected cycle: 20191102
Processing timestep: 201911040300
  Writing /home/lwestern/agage/meteorology/cfsv2/flexpart_inputs//GF19110403
  Trying cycle: 20191104
  Step filtering not needed (single numeric stepRange=3)
  Selected cycle: 20191102
Processing timestep: 201911040400
  Writing /home/lwestern/agage/meteorology/cfsv2/flexpart_inputs//GF19110404
  Trying cycle: 20191104
  Step filtering not needed (single numeric stepRange=4)
  Selected cycle: 20191102
Processing timestep: 201911040500
  Writing /home/lwestern/agage/meteorology/cfsv2/flexpart_inputs//GF19110405
  Trying cycle: 20191104
  Selected cycle: 20191102
Processing timestep: 201911040600
  Writing /home/lwestern/agage/meteorology/cfsv2/flexpart_inputs//GF19110406
  Trying cycle: 20191104
  Step filtering not needed (single numeric stepRange=5)
  Step filtering not needed (single numeric stepRange=6)
  Selected cycle: 20191102
Processing timestep: 201911040700
  Writing /home/lwestern/agage/meteorology/cfsv2/flexpart_inputs//GF19110407
  Trying cycle: 20191104
  Step filtering not needed (single numeric stepRange=1)
  Selected cycle: 20191102
Processing timestep: 201911040800
  Writing /home/lwestern/agage/meteorology/cfsv2/flexpart_inputs//GF19110408
  Trying cycle: 20191104
  Step filtering not needed (single numeric stepRange=2)
  Selected cycle: 20191104
Processing timestep: 201911040900
  Writing /home/lwestern/agage/meteorology/cfsv2/flexpart_inputs//GF19110409
  Trying cycle: 20191104
  Step filtering not needed (single numeric stepRange=3)
  Selected cycle: 20191104
Processing timestep: 201911041000
  Writing /home/lwestern/agage/meteorology/cfsv2/flexpart_inputs//GF19110410
  Trying cycle: 20191104
  Step filtering not needed (single numeric stepRange=4)
  Selected cycle: 20191104
Processing timestep: 201911041100
  Writing /home/lwestern/agage/meteorology/cfsv2/flexpart_inputs//GF19110411
  Trying cycle: 20191104
  Step filtering not needed (single numeric stepRange=5)
  Selected cycle: 20191104
Processing timestep: 201911041200
  Writing /home/lwestern/agage/meteorology/cfsv2/flexpart_inputs//GF19110412
  Trying cycle: 20191104
  Step filtering not needed (single numeric stepRange=6)
  Selected cycle: 20191104
Processing timestep: 201911041300
  Writing /home/lwestern/agage/meteorology/cfsv2/flexpart_inputs//GF19110413
  Trying cycle: 20191104
  Selected cycle: 20191104
Processing timestep: 201911041400
  Writing /home/lwestern/agage/meteorology/cfsv2/flexpart_inputs//GF19110414
  Trying cycle: 20191104
  Step filtering not needed (single numeric stepRange=1)
  Step filtering not needed (single numeric stepRange=2)
  Selected cycle: 20191104
Processing timestep: 201911041500
  Writing /home/lwestern/agage/meteorology/cfsv2/flexpart_inputs//GF19110415
  Trying cycle: 20191104
  Step filtering not needed (single numeric stepRange=3)
  Selected cycle: 20191104
Processing timestep: 201911041600
  Writing /home/lwestern/agage/meteorology/cfsv2/flexpart_inputs//GF19110416
  Trying cycle: 20191104
  Step filtering not needed (single numeric stepRange=4)
  Selected cycle: 20191104
Processing timestep: 201911041700
  Writing /home/lwestern/agage/meteorology/cfsv2/flexpart_inputs//GF19110417
  Trying cycle: 20191104
  Step filtering not needed (single numeric stepRange=5)
  Selected cycle: 20191104
Processing timestep: 201911041800
  Writing /home/lwestern/agage/meteorology/cfsv2/flexpart_inputs//GF19110418
  Trying cycle: 20191104
  Step filtering not needed (single numeric stepRange=6)
  Selected cycle: 20191104
Processing timestep: 201911041900
  Writing /home/lwestern/agage/meteorology/cfsv2/flexpart_inputs//GF19110419
  Trying cycle: 20191104
  Step filtering not needed (single numeric stepRange=1)
  Selected cycle: 20191104
Processing timestep: 201911042000
  Writing /home/lwestern/agage/meteorology/cfsv2/flexpart_inputs//GF19110420
  Trying cycle: 20191104
  Step filtering not needed (single numeric stepRange=2)
  Selected cycle: 20191104
Processing timestep: 201911042100
  Writing /home/lwestern/agage/meteorology/cfsv2/flexpart_inputs//GF19110421
  Selected cycle: 20191104
  Trying cycle: 20191104
Processing timestep: 201911042200
  Writing /home/lwestern/agage/meteorology/cfsv2/flexpart_inputs//GF19110422
  Trying cycle: 20191104
  Step filtering not needed (single numeric stepRange=3)
  Step filtering not needed (single numeric stepRange=4)
  Selected cycle: 20191104
Processing timestep: 201911042300
  Writing /home/lwestern/agage/meteorology/cfsv2/flexpart_inputs//GF19110423
  Trying cycle: 20191104
  Step filtering not needed (single numeric stepRange=5)
  Selected cycle: 20191104
Processing timestep: 201911050000
  Writing /home/lwestern/agage/meteorology/cfsv2/flexpart_inputs//GF19110500
  Trying cycle: 20191104
  Step filtering not needed (single numeric stepRange=6)
  Selected cycle: 20191104
Processing timestep: 201911050100
  Writing /home/lwestern/agage/meteorology/cfsv2/flexpart_inputs//GF19110501
  Trying cycle: 20191105
  Step filtering not needed (single numeric stepRange=1)
  Selected cycle: 20191104
Processing timestep: 201911050200
  Writing /home/lwestern/agage/meteorology/cfsv2/flexpart_inputs//GF19110502
  Trying cycle: 20191105
  Step filtering not needed (single numeric stepRange=2)
  Selected cycle: 20191104
Processing timestep: 201911050300
  Writing /home/lwestern/agage/meteorology/cfsv2/flexpart_inputs//GF19110503
  Trying cycle: 20191105
  Step filtering not needed (single numeric stepRange=3)
  Selected cycle: 20191104
Processing timestep: 201911050400
  Writing /home/lwestern/agage/meteorology/cfsv2/flexpart_inputs//GF19110504
  Trying cycle: 20191105
  Step filtering not needed (single numeric stepRange=4)
  Selected cycle: 20191104
Processing timestep: 201911050500
  Writing /home/lwestern/agage/meteorology/cfsv2/flexpart_inputs//GF19110505
  Trying cycle: 20191105
  Step filtering not needed (single numeric stepRange=5)
  Selected cycle: 20191104
Processing timestep: 201911050600
  Writing /home/lwestern/agage/meteorology/cfsv2/flexpart_inputs//GF19110506
  Trying cycle: 20191105
  Selected cycle: 20191104
Processing timestep: 201911050700
  Writing /home/lwestern/agage/meteorology/cfsv2/flexpart_inputs//GF19110507
  Trying cycle: 20191105
  Step filtering not needed (single numeric stepRange=6)
  Step filtering not needed (single numeric stepRange=1)
  Selected cycle: 20191104
Processing timestep: 201911050800
  Writing /home/lwestern/agage/meteorology/cfsv2/flexpart_inputs//GF19110508
  Trying cycle: 20191105
  Step filtering not needed (single numeric stepRange=2)
  Selected cycle: 20191105
Processing timestep: 201911050900
  Writing /home/lwestern/agage/meteorology/cfsv2/flexpart_inputs//GF19110509
  Trying cycle: 20191105
  Selected cycle: 20191105
Processing timestep: 201911051000
  Writing /home/lwestern/agage/meteorology/cfsv2/flexpart_inputs//GF19110510
  Trying cycle: 20191105
  Step filtering not needed (single numeric stepRange=3)
  Step filtering not needed (single numeric stepRange=4)
  Selected cycle: 20191105
Processing timestep: 201911051100
  Writing /home/lwestern/agage/meteorology/cfsv2/flexpart_inputs//GF19110511
  Trying cycle: 20191105
  Step filtering not needed (single numeric stepRange=5)
  Selected cycle: 20191105
Processing timestep: 201911051200
  Writing /home/lwestern/agage/meteorology/cfsv2/flexpart_inputs//GF19110512
  Trying cycle: 20191105
  Step filtering not needed (single numeric stepRange=6)
  Selected cycle: 20191105
Processing timestep: 201911051300
  Writing /home/lwestern/agage/meteorology/cfsv2/flexpart_inputs//GF19110513
  Trying cycle: 20191105
  Step filtering not needed (single numeric stepRange=1)
  Selected cycle: 20191105
Processing timestep: 201911051400
  Writing /home/lwestern/agage/meteorology/cfsv2/flexpart_inputs//GF19110514
  Trying cycle: 20191105
  Step filtering not needed (single numeric stepRange=2)
  Selected cycle: 20191105
Processing timestep: 201911051500
  Writing /home/lwestern/agage/meteorology/cfsv2/flexpart_inputs//GF19110515
  Trying cycle: 20191105
  Step filtering not needed (single numeric stepRange=3)
  Selected cycle: 20191105
Processing timestep: 201911051600
  Writing /home/lwestern/agage/meteorology/cfsv2/flexpart_inputs//GF19110516
  Trying cycle: 20191105
  Step filtering not needed (single numeric stepRange=4)
  Selected cycle: 20191105
Processing timestep: 201911051700
  Writing /home/lwestern/agage/meteorology/cfsv2/flexpart_inputs//GF19110517
  Trying cycle: 20191105
  Step filtering not needed (single numeric stepRange=5)
  Selected cycle: 20191105
Processing timestep: 201911051800
  Writing /home/lwestern/agage/meteorology/cfsv2/flexpart_inputs//GF19110518
  Trying cycle: 20191105
  Selected cycle: 20191105
Processing timestep: 201911051900
  Writing /home/lwestern/agage/meteorology/cfsv2/flexpart_inputs//GF19110519
  Trying cycle: 20191105
  Step filtering not needed (single numeric stepRange=6)
  Step filtering not needed (single numeric stepRange=1)
  Selected cycle: 20191105
Processing timestep: 201911052000
  Writing /home/lwestern/agage/meteorology/cfsv2/flexpart_inputs//GF19110520
  Trying cycle: 20191105
  Selected cycle: 20191105
Processing timestep: 201911052100
  Writing /home/lwestern/agage/meteorology/cfsv2/flexpart_inputs//GF19110521
  Trying cycle: 20191105
  Step filtering not needed (single numeric stepRange=2)
  Step filtering not needed (single numeric stepRange=3)
  Selected cycle: 20191105
Processing timestep: 201911052200
  Writing /home/lwestern/agage/meteorology/cfsv2/flexpart_inputs//GF19110522
  Trying cycle: 20191105
  Step filtering not needed (single numeric stepRange=4)
  Selected cycle: 20191105
Processing timestep: 201911052300
  Writing /home/lwestern/agage/meteorology/cfsv2/flexpart_inputs//GF19110523
  Trying cycle: 20191105
  Step filtering not needed (single numeric stepRange=5)
  Selected cycle: 20191105
Processing timestep: 201911060000
  Writing /home/lwestern/agage/meteorology/cfsv2/flexpart_inputs//GF19110600
  Trying cycle: 20191105
  Step filtering not needed (single numeric stepRange=6)
  Selected cycle: 20191105
Processing timestep: 201911060100
  Writing /home/lwestern/agage/meteorology/cfsv2/flexpart_inputs//GF19110601
  Trying cycle: 20191106
  WARNING: Missing ipvgrbh file for 201911060100 cycle 20191106 (continuing with pgrbh only)
  Step filtering not needed (single numeric stepRange=1)
  Selected cycle: 20191105
Processing timestep: 201911060200
  Writing /home/lwestern/agage/meteorology/cfsv2/flexpart_inputs//GF19110602
  Trying cycle: 20191106
  Selected cycle: 20191105
Processing timestep: 201911060300
  Writing /home/lwestern/agage/meteorology/cfsv2/flexpart_inputs//GF19110603
  Trying cycle: 20191106
  WARNING: Missing ipvgrbh file for 201911060300 cycle 20191106 (continuing with pgrbh only)
  Step filtering not needed (single numeric stepRange=3)
  WARNING: Missing ipvgrbh file for 201911060200 cycle 20191106 (continuing with pgrbh only)
  Step filtering not needed (single numeric stepRange=2)
  Selected cycle: 20191105
Processing timestep: 201911060400
  Writing /home/lwestern/agage/meteorology/cfsv2/flexpart_inputs//GF19110604
  Trying cycle: 20191106
  Selected cycle: 20191105
Processing timestep: 201911060500
  Writing /home/lwestern/agage/meteorology/cfsv2/flexpart_inputs//GF19110605
  Trying cycle: 20191106
  WARNING: Missing ipvgrbh file for 201911060400 cycle 20191106 (continuing with pgrbh only)
  Step filtering not needed (single numeric stepRange=4)
  WARNING: Missing ipvgrbh file for 201911060500 cycle 20191106 (continuing with pgrbh only)
  Selected cycle: 20191105
Processing timestep: 201911060600
  Writing /home/lwestern/agage/meteorology/cfsv2/flexpart_inputs//GF19110606
  Trying cycle: 20191106
  Step filtering not needed (single numeric stepRange=5)
  WARNING: Missing ipvgrbh file for 201911060600 cycle 20191106 (continuing with pgrbh only)
  Step filtering not needed (single numeric stepRange=6)
  Selected cycle: 20191105
Processing timestep: 201911060700
  Writing /home/lwestern/agage/meteorology/cfsv2/flexpart_inputs//GF19110607
  Trying cycle: 20191106
  WARNING: Missing ipvgrbh file for 201911060700 cycle 20191106 (continuing with pgrbh only)
  Step filtering not needed (single numeric stepRange=1)
  Selected cycle: 20191105
Processing timestep: 201911060800
  Writing /home/lwestern/agage/meteorology/cfsv2/flexpart_inputs//GF19110608
  Trying cycle: 20191106
  WARNING: Missing ipvgrbh file for 201911060800 cycle 20191106 (continuing with pgrbh only)
  Step filtering not needed (single numeric stepRange=2)
  Selected cycle: 20191106
Processing timestep: 201911060900
  Writing /home/lwestern/agage/meteorology/cfsv2/flexpart_inputs//GF19110609
  Trying cycle: 20191106
  WARNING: Missing ipvgrbh file for 201911060900 cycle 20191106 (continuing with pgrbh only)
  Step filtering not needed (single numeric stepRange=3)
  Selected cycle: 20191106
Processing timestep: 201911061000
  Writing /home/lwestern/agage/meteorology/cfsv2/flexpart_inputs//GF19110610
  Trying cycle: 20191106
  WARNING: Missing ipvgrbh file for 201911061000 cycle 20191106 (continuing with pgrbh only)
  Step filtering not needed (single numeric stepRange=4)
  Selected cycle: 20191106
Processing timestep: 201911061100
  Writing /home/lwestern/agage/meteorology/cfsv2/flexpart_inputs//GF19110611
  Trying cycle: 20191106
  WARNING: Missing ipvgrbh file for 201911061100 cycle 20191106 (continuing with pgrbh only)
  Step filtering not needed (single numeric stepRange=5)
  Selected cycle: 20191106
  Selected cycle: 20191106
Processing timestep: 201911061200
Processing timestep: 201911061300
  Writing /home/lwestern/agage/meteorology/cfsv2/flexpart_inputs//GF19110612
  Trying cycle: 20191106
  WARNING: Missing ipvgrbh file for 201911061200 cycle 20191106 (continuing with pgrbh only)
  Step filtering not needed (single numeric stepRange=6)
  Selected cycle: 20191106
Processing timestep: 201911061400
  Writing /home/lwestern/agage/meteorology/cfsv2/flexpart_inputs//GF19110613
  Trying cycle: 20191106
  Writing /home/lwestern/agage/meteorology/cfsv2/flexpart_inputs//GF19110614
  Trying cycle: 20191106
  WARNING: Missing ipvgrbh file for 201911061300 cycle 20191106 (continuing with pgrbh only)
  WARNING: Missing ipvgrbh file for 201911061400 cycle 20191106 (continuing with pgrbh only)
  Step filtering not needed (single numeric stepRange=2)
  Step filtering not needed (single numeric stepRange=1)
  Selected cycle: 20191106
Processing timestep: 201911061500
  Writing /home/lwestern/agage/meteorology/cfsv2/flexpart_inputs//GF19110615
  Trying cycle: 20191106
  WARNING: Missing ipvgrbh file for 201911061500 cycle 20191106 (continuing with pgrbh only)
  Step filtering not needed (single numeric stepRange=3)
  Selected cycle: 20191106
Processing timestep: 201911061600
  Writing /home/lwestern/agage/meteorology/cfsv2/flexpart_inputs//GF19110616
  Trying cycle: 20191106
  WARNING: Missing ipvgrbh file for 201911061600 cycle 20191106 (continuing with pgrbh only)
  Step filtering not needed (single numeric stepRange=4)
  Selected cycle: 20191106
Processing timestep: 201911061700
  Writing /home/lwestern/agage/meteorology/cfsv2/flexpart_inputs//GF19110617
  Trying cycle: 20191106
  WARNING: Missing ipvgrbh file for 201911061700 cycle 20191106 (continuing with pgrbh only)
  Step filtering not needed (single numeric stepRange=5)
  Selected cycle: 20191106
Processing timestep: 201911061800
  Writing /home/lwestern/agage/meteorology/cfsv2/flexpart_inputs//GF19110618
  Trying cycle: 20191106
  WARNING: Missing ipvgrbh file for 201911061800 cycle 20191106 (continuing with pgrbh only)
  Step filtering not needed (single numeric stepRange=6)
  Selected cycle: 20191106
Processing timestep: 201911061900
  Writing /home/lwestern/agage/meteorology/cfsv2/flexpart_inputs//GF19110619
  Trying cycle: 20191106
  WARNING: Missing ipvgrbh file for 201911061900 cycle 20191106 (continuing with pgrbh only)
  Step filtering not needed (single numeric stepRange=1)
  Selected cycle: 20191106
Processing timestep: 201911062000
  Writing /home/lwestern/agage/meteorology/cfsv2/flexpart_inputs//GF19110620
  Trying cycle: 20191106
  Selected cycle: 20191106
Processing timestep: 201911062100
  Writing /home/lwestern/agage/meteorology/cfsv2/flexpart_inputs//GF19110621
  Trying cycle: 20191106
  Selected cycle: 20191106
Processing timestep: 201911062200
  Writing /home/lwestern/agage/meteorology/cfsv2/flexpart_inputs//GF19110622
  Trying cycle: 20191106
  WARNING: Missing ipvgrbh file for 201911062000 cycle 20191106 (continuing with pgrbh only)
  Selected cycle: 20191106
Processing timestep: 201911062300
  Writing /home/lwestern/agage/meteorology/cfsv2/flexpart_inputs//GF19110623
  Trying cycle: 20191106
  Step filtering not needed (single numeric stepRange=2)
  WARNING: Missing ipvgrbh file for 201911062100 cycle 20191106 (continuing with pgrbh only)
  Step filtering not needed (single numeric stepRange=3)
  WARNING: Missing ipvgrbh file for 201911062200 cycle 20191106 (continuing with pgrbh only)
  WARNING: Missing ipvgrbh file for 201911062300 cycle 20191106 (continuing with pgrbh only)
  Step filtering not needed (single numeric stepRange=4)
  Step filtering not needed (single numeric stepRange=5)
  Selected cycle: 20191106
Processing timestep: 201911070000
  Writing /home/lwestern/agage/meteorology/cfsv2/flexpart_inputs//GF19110700
  Trying cycle: 20191106
  WARNING: Missing ipvgrbh file for 201911070000 cycle 20191106 (continuing with pgrbh only)
  Step filtering not needed (single numeric stepRange=6)
  Selected cycle: 20191106
Processing timestep: 201911070100
  Writing /home/lwestern/agage/meteorology/cfsv2/flexpart_inputs//GF19110701
  Trying cycle: 20191107
  Step filtering not needed (single numeric stepRange=1)
  Selected cycle: 20191106
Processing timestep: 201911070200
  Writing /home/lwestern/agage/meteorology/cfsv2/flexpart_inputs//GF19110702
  Trying cycle: 20191107
  Step filtering not needed (single numeric stepRange=2)
  Selected cycle: 20191106
Processing timestep: 201911070300
  Writing /home/lwestern/agage/meteorology/cfsv2/flexpart_inputs//GF19110703
  Trying cycle: 20191107
  Step filtering not needed (single numeric stepRange=3)
  Selected cycle: 20191106
Processing timestep: 201911070400
  Writing /home/lwestern/agage/meteorology/cfsv2/flexpart_inputs//GF19110704
  Trying cycle: 20191107
  Selected cycle: 20191106
Processing timestep: 201911070500
  Writing /home/lwestern/agage/meteorology/cfsv2/flexpart_inputs//GF19110705
  Trying cycle: 20191107
  Selected cycle: 20191106
Processing timestep: 201911070600
  Writing /home/lwestern/agage/meteorology/cfsv2/flexpart_inputs//GF19110706
  Trying cycle: 20191107
  Step filtering not needed (single numeric stepRange=4)
  Selected cycle: 20191106
Processing timestep: 201911070700
  Writing /home/lwestern/agage/meteorology/cfsv2/flexpart_inputs//GF19110707
  Trying cycle: 20191107
  Step filtering not needed (single numeric stepRange=5)
  Step filtering not needed (single numeric stepRange=6)
  Step filtering not needed (single numeric stepRange=1)
  Selected cycle: 20191106
Processing timestep: 201911070800
  Writing /home/lwestern/agage/meteorology/cfsv2/flexpart_inputs//GF19110708
  Trying cycle: 20191107
  Step filtering not needed (single numeric stepRange=2)
  Selected cycle: 20191107
Processing timestep: 201911070900
  Writing /home/lwestern/agage/meteorology/cfsv2/flexpart_inputs//GF19110709
  Trying cycle: 20191107
  Step filtering not needed (single numeric stepRange=3)
  Selected cycle: 20191107
Processing timestep: 201911071000
  Writing /home/lwestern/agage/meteorology/cfsv2/flexpart_inputs//GF19110710
  Trying cycle: 20191107
  Step filtering not needed (single numeric stepRange=4)
  Selected cycle: 20191107
Processing timestep: 201911071100
  Writing /home/lwestern/agage/meteorology/cfsv2/flexpart_inputs//GF19110711
  Trying cycle: 20191107
  Step filtering not needed (single numeric stepRange=5)
  Selected cycle: 20191107
Processing timestep: 201911071200
  Writing /home/lwestern/agage/meteorology/cfsv2/flexpart_inputs//GF19110712
  Trying cycle: 20191107
  Selected cycle: 20191107
Processing timestep: 201911071300
  Writing /home/lwestern/agage/meteorology/cfsv2/flexpart_inputs//GF19110713
  Trying cycle: 20191107
  Selected cycle: 20191107
Processing timestep: 201911071400
  Writing /home/lwestern/agage/meteorology/cfsv2/flexpart_inputs//GF19110714
  Trying cycle: 20191107
  Step filtering not needed (single numeric stepRange=6)
  Step filtering not needed (single numeric stepRange=1)
  Step filtering not needed (single numeric stepRange=2)
  Selected cycle: 20191107
Processing timestep: 201911071500
  Writing /home/lwestern/agage/meteorology/cfsv2/flexpart_inputs//GF19110715
  Trying cycle: 20191107
  Step filtering not needed (single numeric stepRange=3)
  Selected cycle: 20191107
Processing timestep: 201911071600
  Writing /home/lwestern/agage/meteorology/cfsv2/flexpart_inputs//GF19110716
  Trying cycle: 20191107
  Step filtering not needed (single numeric stepRange=4)
  Selected cycle: 20191107
Processing timestep: 201911071700
  Writing /home/lwestern/agage/meteorology/cfsv2/flexpart_inputs//GF19110717
  Trying cycle: 20191107
  Step filtering not needed (single numeric stepRange=5)
  Selected cycle: 20191107
Processing timestep: 201911071800
  Writing /home/lwestern/agage/meteorology/cfsv2/flexpart_inputs//GF19110718
  Trying cycle: 20191107
  Step filtering not needed (single numeric stepRange=6)
  Selected cycle: 20191107
Processing timestep: 201911071900
  Writing /home/lwestern/agage/meteorology/cfsv2/flexpart_inputs//GF19110719
  Trying cycle: 20191107
  Step filtering not needed (single numeric stepRange=1)
  Selected cycle: 20191107
Processing timestep: 201911072000
  Writing /home/lwestern/agage/meteorology/cfsv2/flexpart_inputs//GF19110720
  Trying cycle: 20191107
  Step filtering not needed (single numeric stepRange=2)
  Selected cycle: 20191107
Processing timestep: 201911072100
  Writing /home/lwestern/agage/meteorology/cfsv2/flexpart_inputs//GF19110721
  Trying cycle: 20191107
  Selected cycle: 20191107
Processing timestep: 201911072200
  Writing /home/lwestern/agage/meteorology/cfsv2/flexpart_inputs//GF19110722
  Trying cycle: 20191107
  Selected cycle: 20191107
Processing timestep: 201911072300
  Writing /home/lwestern/agage/meteorology/cfsv2/flexpart_inputs//GF19110723
  Step filtering not needed (single numeric stepRange=3)
  Trying cycle: 20191107
  Step filtering not needed (single numeric stepRange=4)
  Step filtering not needed (single numeric stepRange=5)
  Selected cycle: 20191107
Processing timestep: 201911080000
  Writing /home/lwestern/agage/meteorology/cfsv2/flexpart_inputs//GF19110800
  Trying cycle: 20191107
  Step filtering not needed (single numeric stepRange=6)
  Selected cycle: 20191107
Processing timestep: 201911080100
  Writing /home/lwestern/agage/meteorology/cfsv2/flexpart_inputs//GF19110801
  Trying cycle: 20191108
  Step filtering not needed (single numeric stepRange=1)
  Selected cycle: 20191107
Processing timestep: 201911080200
  Writing /home/lwestern/agage/meteorology/cfsv2/flexpart_inputs//GF19110802
  Trying cycle: 20191108
  Step filtering not needed (single numeric stepRange=2)
  Selected cycle: 20191107
Processing timestep: 201911080300
  Writing /home/lwestern/agage/meteorology/cfsv2/flexpart_inputs//GF19110803
  Trying cycle: 20191108
  Step filtering not needed (single numeric stepRange=3)
  Selected cycle: 20191107
Processing timestep: 201911080400
  Writing /home/lwestern/agage/meteorology/cfsv2/flexpart_inputs//GF19110804
  Trying cycle: 20191108
  Step filtering not needed (single numeric stepRange=4)
  Selected cycle: 20191107
Processing timestep: 201911080500
  Writing /home/lwestern/agage/meteorology/cfsv2/flexpart_inputs//GF19110805
  Trying cycle: 20191108
  Selected cycle: 20191107
Processing timestep: 201911080600
  Writing /home/lwestern/agage/meteorology/cfsv2/flexpart_inputs//GF19110806
  Trying cycle: 20191108
  Step filtering not needed (single numeric stepRange=5)
  Step filtering not needed (single numeric stepRange=6)
  Selected cycle: 20191107
Processing timestep: 201911080700
  Writing /home/lwestern/agage/meteorology/cfsv2/flexpart_inputs//GF19110807
  Trying cycle: 20191108
  Selected cycle: 20191107
Processing timestep: 201911080800
  Writing /home/lwestern/agage/meteorology/cfsv2/flexpart_inputs//GF19110808
  Trying cycle: 20191108
  Step filtering not needed (single numeric stepRange=1)
  Step filtering not needed (single numeric stepRange=2)
  Selected cycle: 20191108
Processing timestep: 201911080900
  Writing /home/lwestern/agage/meteorology/cfsv2/flexpart_inputs//GF19110809
  Trying cycle: 20191108
  Step filtering not needed (single numeric stepRange=3)
  Selected cycle: 20191108
Processing timestep: 201911081000
  Writing /home/lwestern/agage/meteorology/cfsv2/flexpart_inputs//GF19110810
  Trying cycle: 20191108
  Step filtering not needed (single numeric stepRange=4)
  Selected cycle: 20191108
Processing timestep: 201911081100
  Writing /home/lwestern/agage/meteorology/cfsv2/flexpart_inputs//GF19110811
  Trying cycle: 20191108
  Step filtering not needed (single numeric stepRange=5)
  Selected cycle: 20191108
Processing timestep: 201911081200
  Writing /home/lwestern/agage/meteorology/cfsv2/flexpart_inputs//GF19110812
  Trying cycle: 20191108
  Step filtering not needed (single numeric stepRange=6)
  Selected cycle: 20191108
Processing timestep: 201911081300
  Writing /home/lwestern/agage/meteorology/cfsv2/flexpart_inputs//GF19110813
  Trying cycle: 20191108
  Selected cycle: 20191108
Processing timestep: 201911081400
  Writing /home/lwestern/agage/meteorology/cfsv2/flexpart_inputs//GF19110814
  Trying cycle: 20191108
  Step filtering not needed (single numeric stepRange=1)
  Step filtering not needed (single numeric stepRange=2)
  Selected cycle: 20191108
Processing timestep: 201911081500
  Writing /home/lwestern/agage/meteorology/cfsv2/flexpart_inputs//GF19110815
  Trying cycle: 20191108
  Step filtering not needed (single numeric stepRange=3)
  Selected cycle: 20191108
Processing timestep: 201911081600
  Selected cycle: 20191108
  Writing /home/lwestern/agage/meteorology/cfsv2/flexpart_inputs//GF19110816
  Trying cycle: 20191108
Processing timestep: 201911081700
  Writing /home/lwestern/agage/meteorology/cfsv2/flexpart_inputs//GF19110817
  Trying cycle: 20191108
  Step filtering not needed (single numeric stepRange=4)
  Step filtering not needed (single numeric stepRange=5)
  Selected cycle: 20191108
Processing timestep: 201911081800
  Writing /home/lwestern/agage/meteorology/cfsv2/flexpart_inputs//GF19110818
  Trying cycle: 20191108
  Step filtering not needed (single numeric stepRange=6)
  Selected cycle: 20191108
Processing timestep: 201911081900
  Writing /home/lwestern/agage/meteorology/cfsv2/flexpart_inputs//GF19110819
  Trying cycle: 20191108
  Step filtering not needed (single numeric stepRange=1)
  Selected cycle: 20191108
Processing timestep: 201911082000
  Writing /home/lwestern/agage/meteorology/cfsv2/flexpart_inputs//GF19110820
  Trying cycle: 20191108
  Step filtering not needed (single numeric stepRange=2)
  Selected cycle: 20191108
Processing timestep: 201911082100
  Writing /home/lwestern/agage/meteorology/cfsv2/flexpart_inputs//GF19110821
  Trying cycle: 20191108
  Step filtering not needed (single numeric stepRange=3)
  Selected cycle: 20191108
Processing timestep: 201911082200
  Writing /home/lwestern/agage/meteorology/cfsv2/flexpart_inputs//GF19110822
  Trying cycle: 20191108
  Step filtering not needed (single numeric stepRange=4)
  Selected cycle: 20191108
Processing timestep: 201911082300
  Writing /home/lwestern/agage/meteorology/cfsv2/flexpart_inputs//GF19110823
  Trying cycle: 20191108
  Selected cycle: 20191108
Processing timestep: 201911090000
  Writing /home/lwestern/agage/meteorology/cfsv2/flexpart_inputs//GF19110900
  Trying cycle: 20191108
  Step filtering not needed (single numeric stepRange=5)
  Step filtering not needed (single numeric stepRange=6)
  Selected cycle: 20191108
Processing timestep: 201911090100
  Writing /home/lwestern/agage/meteorology/cfsv2/flexpart_inputs//GF19110901
  Trying cycle: 20191109
  Step filtering not needed (single numeric stepRange=1)
  Selected cycle: 20191108
Processing timestep: 201911090200
  Writing /home/lwestern/agage/meteorology/cfsv2/flexpart_inputs//GF19110902
  Trying cycle: 20191109
  Step filtering not needed (single numeric stepRange=2)
  Selected cycle: 20191108
Processing timestep: 201911090300
  Writing /home/lwestern/agage/meteorology/cfsv2/flexpart_inputs//GF19110903
  Trying cycle: 20191109
  Step filtering not needed (single numeric stepRange=3)
  Selected cycle: 20191108
Processing timestep: 201911090400
  Writing /home/lwestern/agage/meteorology/cfsv2/flexpart_inputs//GF19110904
  Trying cycle: 20191109
  Step filtering not needed (single numeric stepRange=4)
  Selected cycle: 20191108
Processing timestep: 201911090500
  Writing /home/lwestern/agage/meteorology/cfsv2/flexpart_inputs//GF19110905
  Trying cycle: 20191109
  Step filtering not needed (single numeric stepRange=5)
  Selected cycle: 20191108
Processing timestep: 201911090600
  Writing /home/lwestern/agage/meteorology/cfsv2/flexpart_inputs//GF19110906
  Trying cycle: 20191109
  Step filtering not needed (single numeric stepRange=6)
  Selected cycle: 20191108
Processing timestep: 201911090700
  Writing /home/lwestern/agage/meteorology/cfsv2/flexpart_inputs//GF19110907
  Trying cycle: 20191109
  Step filtering not needed (single numeric stepRange=1)
  Selected cycle: 20191108
Processing timestep: 201911090800
  Writing /home/lwestern/agage/meteorology/cfsv2/flexpart_inputs//GF19110908
  Trying cycle: 20191109
  Selected cycle: 20191109
Processing timestep: 201911090900
  Writing /home/lwestern/agage/meteorology/cfsv2/flexpart_inputs//GF19110909
  Trying cycle: 20191109
  Step filtering not needed (single numeric stepRange=2)
  Step filtering not needed (single numeric stepRange=3)
  Selected cycle: 20191109
Processing timestep: 201911091000
  Writing /home/lwestern/agage/meteorology/cfsv2/flexpart_inputs//GF19110910
  Trying cycle: 20191109
  Selected cycle: 20191109
Processing timestep: 201911091100
  Writing /home/lwestern/agage/meteorology/cfsv2/flexpart_inputs//GF19110911
  Trying cycle: 20191109
  Step filtering not needed (single numeric stepRange=4)
  Step filtering not needed (single numeric stepRange=5)
  Selected cycle: 20191109
Processing timestep: 201911091200
  Writing /home/lwestern/agage/meteorology/cfsv2/flexpart_inputs//GF19110912
  Trying cycle: 20191109
  Step filtering not needed (single numeric stepRange=6)
  Selected cycle: 20191109
Processing timestep: 201911091300
  Writing /home/lwestern/agage/meteorology/cfsv2/flexpart_inputs//GF19110913
  Trying cycle: 20191109
  Step filtering not needed (single numeric stepRange=1)
  Selected cycle: 20191109
Processing timestep: 201911091400
  Writing /home/lwestern/agage/meteorology/cfsv2/flexpart_inputs//GF19110914
  Trying cycle: 20191109
  Selected cycle: 20191109
Processing timestep: 201911091500
  Writing /home/lwestern/agage/meteorology/cfsv2/flexpart_inputs//GF19110915
  Trying cycle: 20191109
  Step filtering not needed (single numeric stepRange=2)
  Step filtering not needed (single numeric stepRange=3)
  Selected cycle: 20191109
Processing timestep: 201911091600
  Writing /home/lwestern/agage/meteorology/cfsv2/flexpart_inputs//GF19110916
  Trying cycle: 20191109
  Selected cycle: 20191109
Processing timestep: 201911091700
  Writing /home/lwestern/agage/meteorology/cfsv2/flexpart_inputs//GF19110917
  Trying cycle: 20191109
  Step filtering not needed (single numeric stepRange=4)
  Step filtering not needed (single numeric stepRange=5)
  Selected cycle: 20191109
Processing timestep: 201911091800
  Writing /home/lwestern/agage/meteorology/cfsv2/flexpart_inputs//GF19110918
  Trying cycle: 20191109
  Step filtering not needed (single numeric stepRange=6)
  Selected cycle: 20191109
Processing timestep: 201911091900
  Writing /home/lwestern/agage/meteorology/cfsv2/flexpart_inputs//GF19110919
  Trying cycle: 20191109
  Step filtering not needed (single numeric stepRange=1)
  Selected cycle: 20191109
Processing timestep: 201911092000
  Writing /home/lwestern/agage/meteorology/cfsv2/flexpart_inputs//GF19110920
  Trying cycle: 20191109
  Step filtering not needed (single numeric stepRange=2)
  Selected cycle: 20191109
Processing timestep: 201911092100
  Writing /home/lwestern/agage/meteorology/cfsv2/flexpart_inputs//GF19110921
  Trying cycle: 20191109
  Step filtering not needed (single numeric stepRange=3)
  Selected cycle: 20191109
Processing timestep: 201911092200
  Writing /home/lwestern/agage/meteorology/cfsv2/flexpart_inputs//GF19110922
  Trying cycle: 20191109
  Selected cycle: 20191109
Processing timestep: 201911092300
  Writing /home/lwestern/agage/meteorology/cfsv2/flexpart_inputs//GF19110923
  Trying cycle: 20191109
  Step filtering not needed (single numeric stepRange=4)
  Selected cycle: 20191109
Processing timestep: 201911100000
  Writing /home/lwestern/agage/meteorology/cfsv2/flexpart_inputs//GF19111000
  Selected cycle: 20191109
Processing timestep: 201911110100
  Trying cycle: 20191109
  Writing /home/lwestern/agage/meteorology/cfsv2/flexpart_inputs//GF19111101
  Trying cycle: 20191111
  Step filtering not needed (single numeric stepRange=5)
  Step filtering not needed (single numeric stepRange=6)
  Step filtering not needed (single numeric stepRange=1)
  Selected cycle: 20191109
Processing timestep: 201911110200
  Writing /home/lwestern/agage/meteorology/cfsv2/flexpart_inputs//GF19111102
  Trying cycle: 20191111
  Step filtering not needed (single numeric stepRange=2)
  Selected cycle: 20191109
Processing timestep: 201911110300
  Writing /home/lwestern/agage/meteorology/cfsv2/flexpart_inputs//GF19111103
  Trying cycle: 20191111
  Step filtering not needed (single numeric stepRange=3)
  Selected cycle: 20191109
Processing timestep: 201911110400
  Writing /home/lwestern/agage/meteorology/cfsv2/flexpart_inputs//GF19111104
  Trying cycle: 20191111
  Step filtering not needed (single numeric stepRange=4)
  Selected cycle: 20191109
Processing timestep: 201911110500
  Writing /home/lwestern/agage/meteorology/cfsv2/flexpart_inputs//GF19111105
  Trying cycle: 20191111
  Step filtering not needed (single numeric stepRange=5)
  Selected cycle: 20191109
Processing timestep: 201911110600
  Writing /home/lwestern/agage/meteorology/cfsv2/flexpart_inputs//GF19111106
  Trying cycle: 20191111
  Selected cycle: 20191109
Processing timestep: 201911110700
  Writing /home/lwestern/agage/meteorology/cfsv2/flexpart_inputs//GF19111107
  Trying cycle: 20191111
  Step filtering not needed (single numeric stepRange=6)
  Step filtering not needed (single numeric stepRange=1)
  Selected cycle: 20191109
Processing timestep: 201911110800
  Writing /home/lwestern/agage/meteorology/cfsv2/flexpart_inputs//GF19111108
  Trying cycle: 20191111
  Selected cycle: 20191111
Processing timestep: 201911110900
  Writing /home/lwestern/agage/meteorology/cfsv2/flexpart_inputs//GF19111109
  Trying cycle: 20191111
  Step filtering not needed (single numeric stepRange=2)
  Step filtering not needed (single numeric stepRange=3)
  Selected cycle: 20191111
Processing timestep: 201911111000
  Writing /home/lwestern/agage/meteorology/cfsv2/flexpart_inputs//GF19111110
  Trying cycle: 20191111
  Step filtering not needed (single numeric stepRange=4)
  Selected cycle: 20191111
Processing timestep: 201911111100
  Writing /home/lwestern/agage/meteorology/cfsv2/flexpart_inputs//GF19111111
  Trying cycle: 20191111
  Step filtering not needed (single numeric stepRange=5)
  Selected cycle: 20191111
Processing timestep: 201911111200
  Writing /home/lwestern/agage/meteorology/cfsv2/flexpart_inputs//GF19111112
  Trying cycle: 20191111
  Step filtering not needed (single numeric stepRange=6)
  Selected cycle: 20191111
Processing timestep: 201911111300
  Writing /home/lwestern/agage/meteorology/cfsv2/flexpart_inputs//GF19111113
  Trying cycle: 20191111
  Selected cycle: 20191111
Processing timestep: 201911111400
  Writing /home/lwestern/agage/meteorology/cfsv2/flexpart_inputs//GF19111114
  Trying cycle: 20191111
  Step filtering not needed (single numeric stepRange=1)
  Step filtering not needed (single numeric stepRange=2)
  Selected cycle: 20191111
Processing timestep: 201911111500
  Writing /home/lwestern/agage/meteorology/cfsv2/flexpart_inputs//GF19111115
  Trying cycle: 20191111
  Step filtering not needed (single numeric stepRange=3)
  Selected cycle: 20191111
Processing timestep: 201911111600
  Writing /home/lwestern/agage/meteorology/cfsv2/flexpart_inputs//GF19111116
  Trying cycle: 20191111
  Step filtering not needed (single numeric stepRange=4)
  Selected cycle: 20191111
Processing timestep: 201911111700
  Writing /home/lwestern/agage/meteorology/cfsv2/flexpart_inputs//GF19111117
  Trying cycle: 20191111
  Step filtering not needed (single numeric stepRange=5)
  Selected cycle: 20191111
Processing timestep: 201911111800
  Writing /home/lwestern/agage/meteorology/cfsv2/flexpart_inputs//GF19111118
  Trying cycle: 20191111
  Step filtering not needed (single numeric stepRange=6)
  Selected cycle: 20191111
Processing timestep: 201911111900
  Writing /home/lwestern/agage/meteorology/cfsv2/flexpart_inputs//GF19111119
  Trying cycle: 20191111
  Step filtering not needed (single numeric stepRange=1)
  Selected cycle: 20191111
Processing timestep: 201911112000
  Writing /home/lwestern/agage/meteorology/cfsv2/flexpart_inputs//GF19111120
  Trying cycle: 20191111
  Step filtering not needed (single numeric stepRange=2)
  Selected cycle: 20191111
Processing timestep: 201911112100
  Writing /home/lwestern/agage/meteorology/cfsv2/flexpart_inputs//GF19111121
  Trying cycle: 20191111
  Step filtering not needed (single numeric stepRange=3)
  Selected cycle: 20191111
Processing timestep: 201911112200
  Writing /home/lwestern/agage/meteorology/cfsv2/flexpart_inputs//GF19111122
  Trying cycle: 20191111
  Step filtering not needed (single numeric stepRange=4)
  Selected cycle: 20191111
Processing timestep: 201911112300
  Writing /home/lwestern/agage/meteorology/cfsv2/flexpart_inputs//GF19111123
  Trying cycle: 20191111
  Selected cycle: 20191111
Processing timestep: 201911120000
  Step filtering not needed (single numeric stepRange=5)
  Writing /home/lwestern/agage/meteorology/cfsv2/flexpart_inputs//GF19111200
  Trying cycle: 20191111
  Step filtering not needed (single numeric stepRange=6)
  Selected cycle: 20191111
Processing timestep: 201911120100
  Writing /home/lwestern/agage/meteorology/cfsv2/flexpart_inputs//GF19111201
  Trying cycle: 20191112
  WARNING: Missing ipvgrbh file for 201911120100 cycle 20191112 (continuing with pgrbh only)
  Step filtering not needed (single numeric stepRange=1)
  Selected cycle: 20191111
Processing timestep: 201911120200
  Writing /home/lwestern/agage/meteorology/cfsv2/flexpart_inputs//GF19111202
  Trying cycle: 20191112
  Selected cycle: 20191111
Processing timestep: 201911120300
  Writing /home/lwestern/agage/meteorology/cfsv2/flexpart_inputs//GF19111203
  Trying cycle: 20191112
  WARNING: Missing ipvgrbh file for 201911120200 cycle 20191112 (continuing with pgrbh only)
  Step filtering not needed (single numeric stepRange=2)
  WARNING: Missing ipvgrbh file for 201911120300 cycle 20191112 (continuing with pgrbh only)
  Step filtering not needed (single numeric stepRange=3)
  Selected cycle: 20191111
Processing timestep: 201911120400
  Writing /home/lwestern/agage/meteorology/cfsv2/flexpart_inputs//GF19111204
  Trying cycle: 20191112
  WARNING: Missing ipvgrbh file for 201911120400 cycle 20191112 (continuing with pgrbh only)
  Step filtering not needed (single numeric stepRange=4)
  Selected cycle: 20191111
Processing timestep: 201911120500
  Writing /home/lwestern/agage/meteorology/cfsv2/flexpart_inputs//GF19111205
  Trying cycle: 20191112
  WARNING: Missing ipvgrbh file for 201911120500 cycle 20191112 (continuing with pgrbh only)
  Step filtering not needed (single numeric stepRange=5)
  Selected cycle: 20191112
Processing timestep: 201911120600
  Writing /home/lwestern/agage/meteorology/cfsv2/flexpart_inputs//GF19111206
  Trying cycle: 20191112
  WARNING: Missing ipvgrbh file for 201911120600 cycle 20191112 (continuing with pgrbh only)
  Step filtering not needed (single numeric stepRange=6)
  Selected cycle: 20191111
Processing timestep: 201911120700
  Writing /home/lwestern/agage/meteorology/cfsv2/flexpart_inputs//GF19111207
  Trying cycle: 20191112
  WARNING: Missing ipvgrbh file for 201911120700 cycle 20191112 (continuing with pgrbh only)
  Step filtering not needed (single numeric stepRange=1)
  Selected cycle: 20191111
  Selected cycle: 20191112
Processing timestep: 201911120800
Processing timestep: 201911120900
  Writing /home/lwestern/agage/meteorology/cfsv2/flexpart_inputs//GF19111208
  Writing /home/lwestern/agage/meteorology/cfsv2/flexpart_inputs//GF19111209
  Trying cycle: 20191112
  Trying cycle: 20191112
  Selected cycle: 20191112
Processing timestep: 201911121000
  Writing /home/lwestern/agage/meteorology/cfsv2/flexpart_inputs//GF19111210
  Trying cycle: 20191112
  WARNING: Missing ipvgrbh file for 201911120800 cycle 20191112 (continuing with pgrbh only)
  WARNING: Missing ipvgrbh file for 201911120900 cycle 20191112 (continuing with pgrbh only)
  Step filtering not needed (single numeric stepRange=2)
  Step filtering not needed (single numeric stepRange=3)
  Selected cycle: 20191111
Processing timestep: 201911121100
  WARNING: Missing ipvgrbh file for 201911121000 cycle 20191112 (continuing with pgrbh only)
  Writing /home/lwestern/agage/meteorology/cfsv2/flexpart_inputs//GF19111211
  Trying cycle: 20191112
  Step filtering not needed (single numeric stepRange=4)
  WARNING: Missing ipvgrbh file for 201911121100 cycle 20191112 (continuing with pgrbh only)
  Step filtering not needed (single numeric stepRange=5)
  Selected cycle: 20191112
Processing timestep: 201911121200
  Writing /home/lwestern/agage/meteorology/cfsv2/flexpart_inputs//GF19111212
  Trying cycle: 20191112
  WARNING: Missing ipvgrbh file for 201911121200 cycle 20191112 (continuing with pgrbh only)
  Step filtering not needed (single numeric stepRange=6)
  Selected cycle: 20191112
Processing timestep: 201911121300
  Writing /home/lwestern/agage/meteorology/cfsv2/flexpart_inputs//GF19111213
  Trying cycle: 20191112
  WARNING: Missing ipvgrbh file for 201911121300 cycle 20191112 (continuing with pgrbh only)
  Step filtering not needed (single numeric stepRange=1)
  Selected cycle: 20191112
Processing timestep: 201911121400
  Writing /home/lwestern/agage/meteorology/cfsv2/flexpart_inputs//GF19111214
  Trying cycle: 20191112
  WARNING: Missing ipvgrbh file for 201911121400 cycle 20191112 (continuing with pgrbh only)
  Step filtering not needed (single numeric stepRange=2)
  Selected cycle: 20191112
Processing timestep: 201911121500
  Writing /home/lwestern/agage/meteorology/cfsv2/flexpart_inputs//GF19111215
  Trying cycle: 20191112
  WARNING: Missing ipvgrbh file for 201911121500 cycle 20191112 (continuing with pgrbh only)
  Step filtering not needed (single numeric stepRange=3)
  Selected cycle: 20191112
Processing timestep: 201911121600
  Writing /home/lwestern/agage/meteorology/cfsv2/flexpart_inputs//GF19111216
  Trying cycle: 20191112
  WARNING: Missing ipvgrbh file for 201911121600 cycle 20191112 (continuing with pgrbh only)
  Step filtering not needed (single numeric stepRange=4)
  Selected cycle: 20191112
Processing timestep: 201911121700
  Writing /home/lwestern/agage/meteorology/cfsv2/flexpart_inputs//GF19111217
  Trying cycle: 20191112
  WARNING: Missing ipvgrbh file for 201911121700 cycle 20191112 (continuing with pgrbh only)
  Selected cycle: 20191112
  Selected cycle: 20191112
Processing timestep: 201911121800
Processing timestep: 201911121900
  Writing /home/lwestern/agage/meteorology/cfsv2/flexpart_inputs//GF19111218
  Trying cycle: 20191112
  Writing /home/lwestern/agage/meteorology/cfsv2/flexpart_inputs//GF19111219
  Trying cycle: 20191112
  Step filtering not needed (single numeric stepRange=5)
  WARNING: Missing ipvgrbh file for 201911121800 cycle 20191112 (continuing with pgrbh only)
  WARNING: Missing ipvgrbh file for 201911121900 cycle 20191112 (continuing with pgrbh only)
  Step filtering not needed (single numeric stepRange=6)
  Step filtering not needed (single numeric stepRange=1)
  Selected cycle: 20191112
Processing timestep: 201911122000
  Writing /home/lwestern/agage/meteorology/cfsv2/flexpart_inputs//GF19111220
  Trying cycle: 20191112
  WARNING: Missing ipvgrbh file for 201911122000 cycle 20191112 (continuing with pgrbh only)
  Step filtering not needed (single numeric stepRange=2)
  Selected cycle: 20191112
Processing timestep: 201911122100
  Writing /home/lwestern/agage/meteorology/cfsv2/flexpart_inputs//GF19111221
  Trying cycle: 20191112
  WARNING: Missing ipvgrbh file for 201911122100 cycle 20191112 (continuing with pgrbh only)
  Step filtering not needed (single numeric stepRange=3)
  Selected cycle: 20191112
Processing timestep: 201911122200
  Writing /home/lwestern/agage/meteorology/cfsv2/flexpart_inputs//GF19111222
  Trying cycle: 20191112
  Selected cycle: 20191112
Processing timestep: 201911122300
  WARNING: Missing ipvgrbh file for 201911122200 cycle 20191112 (continuing with pgrbh only)
  Writing /home/lwestern/agage/meteorology/cfsv2/flexpart_inputs//GF19111223
  Trying cycle: 20191112
  Step filtering not needed (single numeric stepRange=4)
  WARNING: Missing ipvgrbh file for 201911122300 cycle 20191112 (continuing with pgrbh only)
  Step filtering not needed (single numeric stepRange=5)
  Selected cycle: 20191112
Processing timestep: 201911130000
  Writing /home/lwestern/agage/meteorology/cfsv2/flexpart_inputs//GF19111300
  Trying cycle: 20191112
  WARNING: Missing ipvgrbh file for 201911130000 cycle 20191112 (continuing with pgrbh only)
  Step filtering not needed (single numeric stepRange=6)
  Selected cycle: 20191112
  Selected cycle: 20191112
Processing timestep: 201911140100
Processing timestep: 201911140200
  Writing /home/lwestern/agage/meteorology/cfsv2/flexpart_inputs//GF19111402
  Trying cycle: 20191114
  Writing /home/lwestern/agage/meteorology/cfsv2/flexpart_inputs//GF19111401
  Trying cycle: 20191114
  Selected cycle: 20191112
Processing timestep: 201911140300
  Writing /home/lwestern/agage/meteorology/cfsv2/flexpart_inputs//GF19111403
  Trying cycle: 20191114
  Step filtering not needed (single numeric stepRange=2)
  Step filtering not needed (single numeric stepRange=1)
  Step filtering not needed (single numeric stepRange=3)
  Selected cycle: 20191112
Processing timestep: 201911140400
  Writing /home/lwestern/agage/meteorology/cfsv2/flexpart_inputs//GF19111404
  Trying cycle: 20191114
  Step filtering not needed (single numeric stepRange=4)
  Selected cycle: 20191112
Processing timestep: 201911140500
  Writing /home/lwestern/agage/meteorology/cfsv2/flexpart_inputs//GF19111405
  Trying cycle: 20191114
  Step filtering not needed (single numeric stepRange=5)
  Selected cycle: 20191112
Processing timestep: 201911140600
  Writing /home/lwestern/agage/meteorology/cfsv2/flexpart_inputs//GF19111406
  Trying cycle: 20191114
  Step filtering not needed (single numeric stepRange=6)
  Selected cycle: 20191112
Processing timestep: 201911140700
  Writing /home/lwestern/agage/meteorology/cfsv2/flexpart_inputs//GF19111407
  Trying cycle: 20191114
  Step filtering not needed (single numeric stepRange=1)
  Selected cycle: 20191112
Processing timestep: 201911140800
  Writing /home/lwestern/agage/meteorology/cfsv2/flexpart_inputs//GF19111408
  Trying cycle: 20191114
  Step filtering not needed (single numeric stepRange=2)
  Selected cycle: 20191114
Processing timestep: 201911140900
  Writing /home/lwestern/agage/meteorology/cfsv2/flexpart_inputs//GF19111409
  Trying cycle: 20191114
  Step filtering not needed (single numeric stepRange=3)
  Selected cycle: 20191114
Processing timestep: 201911141000
  Writing /home/lwestern/agage/meteorology/cfsv2/flexpart_inputs//GF19111410
  Trying cycle: 20191114
  Step filtering not needed (single numeric stepRange=4)
  Selected cycle: 20191114
Processing timestep: 201911141100
  Writing /home/lwestern/agage/meteorology/cfsv2/flexpart_inputs//GF19111411
  Trying cycle: 20191114
  Step filtering not needed (single numeric stepRange=5)
  Selected cycle: 20191114
Processing timestep: 201911141200
  Writing /home/lwestern/agage/meteorology/cfsv2/flexpart_inputs//GF19111412
  Trying cycle: 20191114
  Step filtering not needed (single numeric stepRange=6)
  Selected cycle: 20191114
Processing timestep: 201911141300
  Writing /home/lwestern/agage/meteorology/cfsv2/flexpart_inputs//GF19111413
  Trying cycle: 20191114
  Step filtering not needed (single numeric stepRange=1)
  Selected cycle: 20191114
Processing timestep: 201911141400
  Writing /home/lwestern/agage/meteorology/cfsv2/flexpart_inputs//GF19111414
  Trying cycle: 20191114
  Step filtering not needed (single numeric stepRange=2)
  Selected cycle: 20191114
Processing timestep: 201911141500
  Writing /home/lwestern/agage/meteorology/cfsv2/flexpart_inputs//GF19111415
  Trying cycle: 20191114
  Selected cycle: 20191114
Processing timestep: 201911141600
  Writing /home/lwestern/agage/meteorology/cfsv2/flexpart_inputs//GF19111416
  Trying cycle: 20191114
  Step filtering not needed (single numeric stepRange=3)
  Step filtering not needed (single numeric stepRange=4)
  Selected cycle: 20191114
Processing timestep: 201911141700
  Writing /home/lwestern/agage/meteorology/cfsv2/flexpart_inputs//GF19111417
  Trying cycle: 20191114
  Step filtering not needed (single numeric stepRange=5)
  Selected cycle: 20191114
Processing timestep: 201911141800
  Writing /home/lwestern/agage/meteorology/cfsv2/flexpart_inputs//GF19111418
  Trying cycle: 20191114
  Step filtering not needed (single numeric stepRange=6)
  Selected cycle: 20191114
Processing timestep: 201911141900
  Writing /home/lwestern/agage/meteorology/cfsv2/flexpart_inputs//GF19111419
  Trying cycle: 20191114
  Step filtering not needed (single numeric stepRange=1)
  Selected cycle: 20191114
Processing timestep: 201911142000
  Writing /home/lwestern/agage/meteorology/cfsv2/flexpart_inputs//GF19111420
  Trying cycle: 20191114
  Selected cycle: 20191114
Processing timestep: 201911142100
  Writing /home/lwestern/agage/meteorology/cfsv2/flexpart_inputs//GF19111421
  Trying cycle: 20191114
  Step filtering not needed (single numeric stepRange=2)
  Step filtering not needed (single numeric stepRange=3)
  Selected cycle: 20191114
Processing timestep: 201911142200
  Writing /home/lwestern/agage/meteorology/cfsv2/flexpart_inputs//GF19111422
  Trying cycle: 20191114
  Step filtering not needed (single numeric stepRange=4)
  Selected cycle: 20191114
Processing timestep: 201911142300
  Writing /home/lwestern/agage/meteorology/cfsv2/flexpart_inputs//GF19111423
  Trying cycle: 20191114
  Step filtering not needed (single numeric stepRange=5)
  Selected cycle: 20191114
Processing timestep: 201911150000
  Writing /home/lwestern/agage/meteorology/cfsv2/flexpart_inputs//GF19111500
  Trying cycle: 20191114
  Selected cycle: 20191114
Processing timestep: 201911160100
  Writing /home/lwestern/agage/meteorology/cfsv2/flexpart_inputs//GF19111601
  Trying cycle: 20191116
  Selected cycle: 20191114
Processing timestep: 201911160200
  Writing /home/lwestern/agage/meteorology/cfsv2/flexpart_inputs//GF19111602
  Trying cycle: 20191116
  WARNING: Missing ipvgrbh file for 201911160100 cycle 20191116 (continuing with pgrbh only)
  Step filtering not needed (single numeric stepRange=6)
  Step filtering not needed (single numeric stepRange=1)
  WARNING: Missing ipvgrbh file for 201911160200 cycle 20191116 (continuing with pgrbh only)
  Step filtering not needed (single numeric stepRange=2)
  Selected cycle: 20191114
Processing timestep: 201911160300
  Writing /home/lwestern/agage/meteorology/cfsv2/flexpart_inputs//GF19111603
  Trying cycle: 20191116
  WARNING: Missing ipvgrbh file for 201911160300 cycle 20191116 (continuing with pgrbh only)
  Step filtering not needed (single numeric stepRange=3)
  Selected cycle: 20191114
Processing timestep: 201911160400
  Writing /home/lwestern/agage/meteorology/cfsv2/flexpart_inputs//GF19111604
  Trying cycle: 20191116
  WARNING: Missing ipvgrbh file for 201911160400 cycle 20191116 (continuing with pgrbh only)
  Selected cycle: 20191114
Processing timestep: 201911160500
  Writing /home/lwestern/agage/meteorology/cfsv2/flexpart_inputs//GF19111605
  Trying cycle: 20191116
  Step filtering not needed (single numeric stepRange=4)
  WARNING: Missing ipvgrbh file for 201911160500 cycle 20191116 (continuing with pgrbh only)
  Step filtering not needed (single numeric stepRange=5)
  Selected cycle: 20191114
Processing timestep: 201911160600
  Writing /home/lwestern/agage/meteorology/cfsv2/flexpart_inputs//GF19111606
  Trying cycle: 20191116
  Selected cycle: 20191114
Processing timestep: 201911160700
  Writing /home/lwestern/agage/meteorology/cfsv2/flexpart_inputs//GF19111607
  Trying cycle: 20191116
  WARNING: Missing ipvgrbh file for 201911160600 cycle 20191116 (continuing with pgrbh only)
  WARNING: Missing ipvgrbh file for 201911160700 cycle 20191116 (continuing with pgrbh only)
  Step filtering not needed (single numeric stepRange=6)
  Step filtering not needed (single numeric stepRange=1)
  Selected cycle: 20191116
Processing timestep: 201911160800
  Writing /home/lwestern/agage/meteorology/cfsv2/flexpart_inputs//GF19111608
  Trying cycle: 20191116
  Selected cycle: 20191114
Processing timestep: 201911160900
  Writing /home/lwestern/agage/meteorology/cfsv2/flexpart_inputs//GF19111609
  Trying cycle: 20191116
  WARNING: Missing ipvgrbh file for 201911160800 cycle 20191116 (continuing with pgrbh only)
  Step filtering not needed (single numeric stepRange=2)
  WARNING: Missing ipvgrbh file for 201911160900 cycle 20191116 (continuing with pgrbh only)
  Step filtering not needed (single numeric stepRange=3)
  Selected cycle: 20191116
Processing timestep: 201911161000
  Writing /home/lwestern/agage/meteorology/cfsv2/flexpart_inputs//GF19111610
  Trying cycle: 20191116
  Selected cycle: 20191116
Processing timestep: 201911161100
  Writing /home/lwestern/agage/meteorology/cfsv2/flexpart_inputs//GF19111611
  Trying cycle: 20191116
  WARNING: Missing ipvgrbh file for 201911161000 cycle 20191116 (continuing with pgrbh only)
  Step filtering not needed (single numeric stepRange=4)
  WARNING: Missing ipvgrbh file for 201911161100 cycle 20191116 (continuing with pgrbh only)
  Step filtering not needed (single numeric stepRange=5)
  Selected cycle: 20191116
Processing timestep: 201911161200
  Writing /home/lwestern/agage/meteorology/cfsv2/flexpart_inputs//GF19111612
  Trying cycle: 20191116
  WARNING: Missing ipvgrbh file for 201911161200 cycle 20191116 (continuing with pgrbh only)
  Step filtering not needed (single numeric stepRange=6)
  Selected cycle: 20191116
Processing timestep: 201911161300
  Writing /home/lwestern/agage/meteorology/cfsv2/flexpart_inputs//GF19111613
  Trying cycle: 20191116
  WARNING: Missing ipvgrbh file for 201911161300 cycle 20191116 (continuing with pgrbh only)
  Step filtering not needed (single numeric stepRange=1)
  Selected cycle: 20191116
Processing timestep: 201911161400
  Writing /home/lwestern/agage/meteorology/cfsv2/flexpart_inputs//GF19111614
  Trying cycle: 20191116
  WARNING: Missing ipvgrbh file for 201911161400 cycle 20191116 (continuing with pgrbh only)
  Step filtering not needed (single numeric stepRange=2)
  Selected cycle: 20191116
Processing timestep: 201911161500
  Writing /home/lwestern/agage/meteorology/cfsv2/flexpart_inputs//GF19111615
  Trying cycle: 20191116
  WARNING: Missing ipvgrbh file for 201911161500 cycle 20191116 (continuing with pgrbh only)
  Step filtering not needed (single numeric stepRange=3)
  Selected cycle: 20191116
Processing timestep: 201911161600
  Writing /home/lwestern/agage/meteorology/cfsv2/flexpart_inputs//GF19111616
  Trying cycle: 20191116
  WARNING: Missing ipvgrbh file for 201911161600 cycle 20191116 (continuing with pgrbh only)
  Step filtering not needed (single numeric stepRange=4)
  Selected cycle: 20191116
Processing timestep: 201911161700
  Writing /home/lwestern/agage/meteorology/cfsv2/flexpart_inputs//GF19111617
  Trying cycle: 20191116
  WARNING: Missing ipvgrbh file for 201911161700 cycle 20191116 (continuing with pgrbh only)
  Step filtering not needed (single numeric stepRange=5)
  Selected cycle: 20191116
Processing timestep: 201911161800
  Writing /home/lwestern/agage/meteorology/cfsv2/flexpart_inputs//GF19111618
  Trying cycle: 20191116
  Selected cycle: 20191116
Processing timestep: 201911161900
  Writing /home/lwestern/agage/meteorology/cfsv2/flexpart_inputs//GF19111619
  Trying cycle: 20191116
  WARNING: Missing ipvgrbh file for 201911161800 cycle 20191116 (continuing with pgrbh only)
  Step filtering not needed (single numeric stepRange=6)
  WARNING: Missing ipvgrbh file for 201911161900 cycle 20191116 (continuing with pgrbh only)
  Step filtering not needed (single numeric stepRange=1)
  Selected cycle: 20191116
Processing timestep: 201911162000
  Writing /home/lwestern/agage/meteorology/cfsv2/flexpart_inputs//GF19111620
  Trying cycle: 20191116
  Selected cycle: 20191116
Processing timestep: 201911162100
  Writing /home/lwestern/agage/meteorology/cfsv2/flexpart_inputs//GF19111621
  Trying cycle: 20191116
  WARNING: Missing ipvgrbh file for 201911162000 cycle 20191116 (continuing with pgrbh only)
  Step filtering not needed (single numeric stepRange=2)
  WARNING: Missing ipvgrbh file for 201911162100 cycle 20191116 (continuing with pgrbh only)
  Step filtering not needed (single numeric stepRange=3)
  Selected cycle: 20191116
Processing timestep: 201911162200
  Writing /home/lwestern/agage/meteorology/cfsv2/flexpart_inputs//GF19111622
  Trying cycle: 20191116
  WARNING: Missing ipvgrbh file for 201911162200 cycle 20191116 (continuing with pgrbh only)
  Step filtering not needed (single numeric stepRange=4)
  Selected cycle: 20191116
Processing timestep: 201911162300
  Writing /home/lwestern/agage/meteorology/cfsv2/flexpart_inputs//GF19111623
  Trying cycle: 20191116
  WARNING: Missing ipvgrbh file for 201911162300 cycle 20191116 (continuing with pgrbh only)
  Step filtering not needed (single numeric stepRange=5)
  Selected cycle: 20191116
Processing timestep: 201911170000
  Writing /home/lwestern/agage/meteorology/cfsv2/flexpart_inputs//GF19111700
  Trying cycle: 20191116
  WARNING: Missing ipvgrbh file for 201911170000 cycle 20191116 (continuing with pgrbh only)
  Step filtering not needed (single numeric stepRange=6)
  Selected cycle: 20191116
Processing timestep: 201911190100
  Writing /home/lwestern/agage/meteorology/cfsv2/flexpart_inputs//GF19111901
  Trying cycle: 20191119
  Step filtering not needed (single numeric stepRange=1)
  Selected cycle: 20191116
Processing timestep: 201911190200
  Writing /home/lwestern/agage/meteorology/cfsv2/flexpart_inputs//GF19111902
  Trying cycle: 20191119
  Step filtering not needed (single numeric stepRange=2)
  Selected cycle: 20191116
Processing timestep: 201911190300
  Writing /home/lwestern/agage/meteorology/cfsv2/flexpart_inputs//GF19111903
  Trying cycle: 20191119
  Step filtering not needed (single numeric stepRange=3)
  Selected cycle: 20191116
Processing timestep: 201911190400
  Writing /home/lwestern/agage/meteorology/cfsv2/flexpart_inputs//GF19111904
  Trying cycle: 20191119
  Selected cycle: 20191116
Processing timestep: 201911190500
  Writing /home/lwestern/agage/meteorology/cfsv2/flexpart_inputs//GF19111905
  Trying cycle: 20191119
  Step filtering not needed (single numeric stepRange=4)
  Step filtering not needed (single numeric stepRange=5)
  Selected cycle: 20191116
Processing timestep: 201911190600
  Writing /home/lwestern/agage/meteorology/cfsv2/flexpart_inputs//GF19111906
  Trying cycle: 20191119
  Step filtering not needed (single numeric stepRange=6)
  Selected cycle: 20191116
Processing timestep: 201911190700
  Writing /home/lwestern/agage/meteorology/cfsv2/flexpart_inputs//GF19111907
  Trying cycle: 20191119
  Step filtering not needed (single numeric stepRange=1)
  Selected cycle: 20191116
Processing timestep: 201911190800
  Writing /home/lwestern/agage/meteorology/cfsv2/flexpart_inputs//GF19111908
  Trying cycle: 20191119
  Step filtering not needed (single numeric stepRange=2)
  Selected cycle: 20191119
Processing timestep: 201911190900
  Writing /home/lwestern/agage/meteorology/cfsv2/flexpart_inputs//GF19111909
  Trying cycle: 20191119
  Step filtering not needed (single numeric stepRange=3)
  Selected cycle: 20191119
Processing timestep: 201911191000
  Writing /home/lwestern/agage/meteorology/cfsv2/flexpart_inputs//GF19111910
  Trying cycle: 20191119
  Step filtering not needed (single numeric stepRange=4)
  Selected cycle: 20191119
Processing timestep: 201911191100
  Writing /home/lwestern/agage/meteorology/cfsv2/flexpart_inputs//GF19111911
  Trying cycle: 20191119
  Step filtering not needed (single numeric stepRange=5)
  Selected cycle: 20191119
  Selected cycle: 20191119
Processing timestep: 201911191200
Processing timestep: 201911191300
  Writing /home/lwestern/agage/meteorology/cfsv2/flexpart_inputs//GF19111912
  Trying cycle: 20191119
  Writing /home/lwestern/agage/meteorology/cfsv2/flexpart_inputs//GF19111913
  Trying cycle: 20191119
  Step filtering not needed (single numeric stepRange=6)
  Step filtering not needed (single numeric stepRange=1)
  Selected cycle: 20191119
Processing timestep: 201911191400
  Writing /home/lwestern/agage/meteorology/cfsv2/flexpart_inputs//GF19111914
  Trying cycle: 20191119
  Selected cycle: 20191119
Processing timestep: 201911191500
  Writing /home/lwestern/agage/meteorology/cfsv2/flexpart_inputs//GF19111915
  Trying cycle: 20191119
  Step filtering not needed (single numeric stepRange=2)
  Step filtering not needed (single numeric stepRange=3)
  Selected cycle: 20191119
Processing timestep: 201911191600
  Writing /home/lwestern/agage/meteorology/cfsv2/flexpart_inputs//GF19111916
  Trying cycle: 20191119
  Step filtering not needed (single numeric stepRange=4)
  Selected cycle: 20191119
Processing timestep: 201911191700
  Writing /home/lwestern/agage/meteorology/cfsv2/flexpart_inputs//GF19111917
  Trying cycle: 20191119
  Step filtering not needed (single numeric stepRange=5)
  Selected cycle: 20191119
Processing timestep: 201911191800
  Writing /home/lwestern/agage/meteorology/cfsv2/flexpart_inputs//GF19111918
  Trying cycle: 20191119
  Step filtering not needed (single numeric stepRange=6)
  Selected cycle: 20191119
Processing timestep: 201911191900
  Writing /home/lwestern/agage/meteorology/cfsv2/flexpart_inputs//GF19111919
  Trying cycle: 20191119
  Step filtering not needed (single numeric stepRange=1)
  Selected cycle: 20191119
Processing timestep: 201911192000
  Writing /home/lwestern/agage/meteorology/cfsv2/flexpart_inputs//GF19111920
  Trying cycle: 20191119
  Selected cycle: 20191119
Processing timestep: 201911192100
  Writing /home/lwestern/agage/meteorology/cfsv2/flexpart_inputs//GF19111921
  Trying cycle: 20191119
  Step filtering not needed (single numeric stepRange=2)
  Step filtering not needed (single numeric stepRange=3)
  Selected cycle: 20191119
Processing timestep: 201911192200
  Writing /home/lwestern/agage/meteorology/cfsv2/flexpart_inputs//GF19111922
  Trying cycle: 20191119
  Selected cycle: 20191119
Processing timestep: 201911192300
  Writing /home/lwestern/agage/meteorology/cfsv2/flexpart_inputs//GF19111923
  Trying cycle: 20191119
  Step filtering not needed (single numeric stepRange=4)
  Step filtering not needed (single numeric stepRange=5)
  Selected cycle: 20191119
Processing timestep: 201911200000
  Writing /home/lwestern/agage/meteorology/cfsv2/flexpart_inputs//GF19112000
  Trying cycle: 20191119
  Step filtering not needed (single numeric stepRange=6)
  Selected cycle: 20191119
Processing timestep: 201911250100
  Writing /home/lwestern/agage/meteorology/cfsv2/flexpart_inputs//GF19112501
  Trying cycle: 20191125
  WARNING: Missing ipvgrbh file for 201911250100 cycle 20191125 (continuing with pgrbh only)
  Step filtering not needed (single numeric stepRange=1)
  Selected cycle: 20191119
Processing timestep: 201911250200
  Writing /home/lwestern/agage/meteorology/cfsv2/flexpart_inputs//GF19112502
  Trying cycle: 20191125
  WARNING: Missing ipvgrbh file for 201911250200 cycle 20191125 (continuing with pgrbh only)
  Step filtering not needed (single numeric stepRange=2)
  Selected cycle: 20191119
Processing timestep: 201911250300
  Writing /home/lwestern/agage/meteorology/cfsv2/flexpart_inputs//GF19112503
  Trying cycle: 20191125
  WARNING: Missing ipvgrbh file for 201911250300 cycle 20191125 (continuing with pgrbh only)
  Step filtering not needed (single numeric stepRange=3)
  Selected cycle: 20191119
Processing timestep: 201911250400
  Writing /home/lwestern/agage/meteorology/cfsv2/flexpart_inputs//GF19112504
  Trying cycle: 20191125
  Selected cycle: 20191119
Processing timestep: 201911250500
  Writing /home/lwestern/agage/meteorology/cfsv2/flexpart_inputs//GF19112505
  Trying cycle: 20191125
  WARNING: Missing ipvgrbh file for 201911250400 cycle 20191125 (continuing with pgrbh only)
  WARNING: Missing ipvgrbh file for 201911250500 cycle 20191125 (continuing with pgrbh only)
  Step filtering not needed (single numeric stepRange=4)
  Step filtering not needed (single numeric stepRange=5)
  Selected cycle: 20191119
Processing timestep: 201911250600
  Writing /home/lwestern/agage/meteorology/cfsv2/flexpart_inputs//GF19112506
  Trying cycle: 20191125
  WARNING: Missing ipvgrbh file for 201911250600 cycle 20191125 (continuing with pgrbh only)
  Step filtering not needed (single numeric stepRange=6)
  Selected cycle: 20191119
Processing timestep: 201911250700
  Writing /home/lwestern/agage/meteorology/cfsv2/flexpart_inputs//GF19112507
  Trying cycle: 20191125
  WARNING: Missing ipvgrbh file for 201911250700 cycle 20191125 (continuing with pgrbh only)
  Step filtering not needed (single numeric stepRange=1)
  Selected cycle: 20191119
Processing timestep: 201911250800
  Writing /home/lwestern/agage/meteorology/cfsv2/flexpart_inputs//GF19112508
  Trying cycle: 20191125
  WARNING: Missing ipvgrbh file for 201911250800 cycle 20191125 (continuing with pgrbh only)
  Step filtering not needed (single numeric stepRange=2)
  Selected cycle: 20191125
Processing timestep: 201911250900
  Writing /home/lwestern/agage/meteorology/cfsv2/flexpart_inputs//GF19112509
  Trying cycle: 20191125
  Selected cycle: 20191125
Processing timestep: 201911251000
  Writing /home/lwestern/agage/meteorology/cfsv2/flexpart_inputs//GF19112510
  Trying cycle: 20191125
  WARNING: Missing ipvgrbh file for 201911250900 cycle 20191125 (continuing with pgrbh only)
  Step filtering not needed (single numeric stepRange=3)
  WARNING: Missing ipvgrbh file for 201911251000 cycle 20191125 (continuing with pgrbh only)
  Step filtering not needed (single numeric stepRange=4)
  Selected cycle: 20191125
Processing timestep: 201911251100
  Writing /home/lwestern/agage/meteorology/cfsv2/flexpart_inputs//GF19112511
  Trying cycle: 20191125
  WARNING: Missing ipvgrbh file for 201911251100 cycle 20191125 (continuing with pgrbh only)
  Step filtering not needed (single numeric stepRange=5)
  Selected cycle: 20191125
Processing timestep: 201911251200
  Writing /home/lwestern/agage/meteorology/cfsv2/flexpart_inputs//GF19112512
  Trying cycle: 20191125
  WARNING: Missing ipvgrbh file for 201911251200 cycle 20191125 (continuing with pgrbh only)
  Step filtering not needed (single numeric stepRange=6)
  Selected cycle: 20191125
Processing timestep: 201911251300
  Writing /home/lwestern/agage/meteorology/cfsv2/flexpart_inputs//GF19112513
  Trying cycle: 20191125
  Selected cycle: 20191125
Processing timestep: 201911251400
  Writing /home/lwestern/agage/meteorology/cfsv2/flexpart_inputs//GF19112514
  Trying cycle: 20191125
  WARNING: Missing ipvgrbh file for 201911251300 cycle 20191125 (continuing with pgrbh only)
  Step filtering not needed (single numeric stepRange=1)
  WARNING: Missing ipvgrbh file for 201911251400 cycle 20191125 (continuing with pgrbh only)
  Step filtering not needed (single numeric stepRange=2)
  Selected cycle: 20191125
Processing timestep: 201911251500
  Writing /home/lwestern/agage/meteorology/cfsv2/flexpart_inputs//GF19112515
  Trying cycle: 20191125
  WARNING: Missing ipvgrbh file for 201911251500 cycle 20191125 (continuing with pgrbh only)
  Step filtering not needed (single numeric stepRange=3)
  Selected cycle: 20191125
Processing timestep: 201911251600
  Writing /home/lwestern/agage/meteorology/cfsv2/flexpart_inputs//GF19112516
  Trying cycle: 20191125
  WARNING: Missing ipvgrbh file for 201911251600 cycle 20191125 (continuing with pgrbh only)
  Step filtering not needed (single numeric stepRange=4)
  Selected cycle: 20191125
Processing timestep: 201911251700
  Writing /home/lwestern/agage/meteorology/cfsv2/flexpart_inputs//GF19112517
  Trying cycle: 20191125
  WARNING: Missing ipvgrbh file for 201911251700 cycle 20191125 (continuing with pgrbh only)
  Step filtering not needed (single numeric stepRange=5)
  Selected cycle: 20191125
Processing timestep: 201911251800
  Writing /home/lwestern/agage/meteorology/cfsv2/flexpart_inputs//GF19112518
  Trying cycle: 20191125
  WARNING: Missing ipvgrbh file for 201911251800 cycle 20191125 (continuing with pgrbh only)
  Step filtering not needed (single numeric stepRange=6)
  Selected cycle: 20191125
Processing timestep: 201911251900
  Writing /home/lwestern/agage/meteorology/cfsv2/flexpart_inputs//GF19112519
  Trying cycle: 20191125
  WARNING: Missing ipvgrbh file for 201911251900 cycle 20191125 (continuing with pgrbh only)
  Step filtering not needed (single numeric stepRange=1)
  Selected cycle: 20191125
Processing timestep: 201911252000
  Writing /home/lwestern/agage/meteorology/cfsv2/flexpart_inputs//GF19112520
  Trying cycle: 20191125
  WARNING: Missing ipvgrbh file for 201911252000 cycle 20191125 (continuing with pgrbh only)
  Step filtering not needed (single numeric stepRange=2)
  Selected cycle: 20191125
Processing timestep: 201911252100
  Writing /home/lwestern/agage/meteorology/cfsv2/flexpart_inputs//GF19112521
  Trying cycle: 20191125
  Selected cycle: 20191125
Processing timestep: 201911252200
  Writing /home/lwestern/agage/meteorology/cfsv2/flexpart_inputs//GF19112522
  Trying cycle: 20191125
  WARNING: Missing ipvgrbh file for 201911252100 cycle 20191125 (continuing with pgrbh only)
  Step filtering not needed (single numeric stepRange=3)
  WARNING: Missing ipvgrbh file for 201911252200 cycle 20191125 (continuing with pgrbh only)
  Step filtering not needed (single numeric stepRange=4)
  Selected cycle: 20191125
Processing timestep: 201911252300
  Writing /home/lwestern/agage/meteorology/cfsv2/flexpart_inputs//GF19112523
  Trying cycle: 20191125
  WARNING: Missing ipvgrbh file for 201911252300 cycle 20191125 (continuing with pgrbh only)
  Step filtering not needed (single numeric stepRange=5)
  Selected cycle: 20191125
Processing timestep: 201911260000
  Writing /home/lwestern/agage/meteorology/cfsv2/flexpart_inputs//GF19112600
  Trying cycle: 20191125
  WARNING: Missing ipvgrbh file for 201911260000 cycle 20191125 (continuing with pgrbh only)
  Step filtering not needed (single numeric stepRange=6)
  Selected cycle: 20191125
Processing timestep: 201911290100
  Writing /home/lwestern/agage/meteorology/cfsv2/flexpart_inputs//GF19112901
  Trying cycle: 20191129
  Step filtering not needed (single numeric stepRange=1)
  Selected cycle: 20191125
Processing timestep: 201911290200
  Writing /home/lwestern/agage/meteorology/cfsv2/flexpart_inputs//GF19112902
  Trying cycle: 20191129
  Step filtering not needed (single numeric stepRange=2)
  Selected cycle: 20191125
Processing timestep: 201911290300
  Writing /home/lwestern/agage/meteorology/cfsv2/flexpart_inputs//GF19112903
  Trying cycle: 20191129
  Step filtering not needed (single numeric stepRange=3)
  Selected cycle: 20191125
Processing timestep: 201911290400
  Writing /home/lwestern/agage/meteorology/cfsv2/flexpart_inputs//GF19112904
  Trying cycle: 20191129
  Step filtering not needed (single numeric stepRange=4)
  Selected cycle: 20191125
Processing timestep: 201911290500
  Writing /home/lwestern/agage/meteorology/cfsv2/flexpart_inputs//GF19112905
  Trying cycle: 20191129
  Step filtering not needed (single numeric stepRange=5)
  Selected cycle: 20191125
Processing timestep: 201911290600
  Writing /home/lwestern/agage/meteorology/cfsv2/flexpart_inputs//GF19112906
  Trying cycle: 20191129
  Selected cycle: 20191125
Processing timestep: 201911290700
  Writing /home/lwestern/agage/meteorology/cfsv2/flexpart_inputs//GF19112907
  Trying cycle: 20191129
  Step filtering not needed (single numeric stepRange=6)
  Step filtering not needed (single numeric stepRange=1)
  Selected cycle: 20191125
Processing timestep: 201911290800
  Writing /home/lwestern/agage/meteorology/cfsv2/flexpart_inputs//GF19112908
  Trying cycle: 20191129
  Step filtering not needed (single numeric stepRange=2)
  Selected cycle: 20191129
Processing timestep: 201911290900
  Writing /home/lwestern/agage/meteorology/cfsv2/flexpart_inputs//GF19112909
  Trying cycle: 20191129
  Step filtering not needed (single numeric stepRange=3)
  Selected cycle: 20191129
Processing timestep: 201911291000
  Writing /home/lwestern/agage/meteorology/cfsv2/flexpart_inputs//GF19112910
  Trying cycle: 20191129
  Step filtering not needed (single numeric stepRange=4)
  Selected cycle: 20191129
Processing timestep: 201911291100
  Writing /home/lwestern/agage/meteorology/cfsv2/flexpart_inputs//GF19112911
  Trying cycle: 20191129
  Step filtering not needed (single numeric stepRange=5)
  Selected cycle: 20191129
Processing timestep: 201911291200
  Writing /home/lwestern/agage/meteorology/cfsv2/flexpart_inputs//GF19112912
  Trying cycle: 20191129
  Step filtering not needed (single numeric stepRange=6)
  Selected cycle: 20191129
Processing timestep: 201911291300
  Writing /home/lwestern/agage/meteorology/cfsv2/flexpart_inputs//GF19112913
  Trying cycle: 20191129
  Step filtering not needed (single numeric stepRange=1)
  Selected cycle: 20191129
Processing timestep: 201911291400
  Writing /home/lwestern/agage/meteorology/cfsv2/flexpart_inputs//GF19112914
  Trying cycle: 20191129
  Selected cycle: 20191129
Processing timestep: 201911291500
  Writing /home/lwestern/agage/meteorology/cfsv2/flexpart_inputs//GF19112915
  Trying cycle: 20191129
  Step filtering not needed (single numeric stepRange=2)
  Step filtering not needed (single numeric stepRange=3)
  Selected cycle: 20191129
Processing timestep: 201911291600
  Writing /home/lwestern/agage/meteorology/cfsv2/flexpart_inputs//GF19112916
  Trying cycle: 20191129
  Step filtering not needed (single numeric stepRange=4)
  Selected cycle: 20191129
Processing timestep: 201911291700
  Writing /home/lwestern/agage/meteorology/cfsv2/flexpart_inputs//GF19112917
  Trying cycle: 20191129
  Step filtering not needed (single numeric stepRange=5)
  Selected cycle: 20191129
Processing timestep: 201911291800
  Writing /home/lwestern/agage/meteorology/cfsv2/flexpart_inputs//GF19112918
  Trying cycle: 20191129
  Step filtering not needed (single numeric stepRange=6)
  Selected cycle: 20191129
Processing timestep: 201911291900
  Writing /home/lwestern/agage/meteorology/cfsv2/flexpart_inputs//GF19112919
  Trying cycle: 20191129
  Step filtering not needed (single numeric stepRange=1)
  Selected cycle: 20191129
Processing timestep: 201911292000
  Writing /home/lwestern/agage/meteorology/cfsv2/flexpart_inputs//GF19112920
  Trying cycle: 20191129
  Step filtering not needed (single numeric stepRange=2)
  Selected cycle: 20191129
Processing timestep: 201911292100
  Writing /home/lwestern/agage/meteorology/cfsv2/flexpart_inputs//GF19112921
  Trying cycle: 20191129
  Step filtering not needed (single numeric stepRange=3)
  Selected cycle: 20191129
Processing timestep: 201911292200
  Writing /home/lwestern/agage/meteorology/cfsv2/flexpart_inputs//GF19112922
  Trying cycle: 20191129
  Step filtering not needed (single numeric stepRange=4)
  Selected cycle: 20191129
Processing timestep: 201911292300
  Writing /home/lwestern/agage/meteorology/cfsv2/flexpart_inputs//GF19112923
  Trying cycle: 20191129
  Step filtering not needed (single numeric stepRange=5)
  Selected cycle: 20191129
Processing timestep: 201911300000
  Writing /home/lwestern/agage/meteorology/cfsv2/flexpart_inputs//GF19113000
  Trying cycle: 20191129
  Step filtering not needed (single numeric stepRange=6)
  Selected cycle: 20191129
Processing timestep: 201912040100
  Writing /home/lwestern/agage/meteorology/cfsv2/flexpart_inputs//GF19120401
  Trying cycle: 20191204
  Step filtering not needed (single numeric stepRange=1)
  Selected cycle: 20191129
Processing timestep: 201912040200
  Writing /home/lwestern/agage/meteorology/cfsv2/flexpart_inputs//GF19120402
  Trying cycle: 20191204
  Step filtering not needed (single numeric stepRange=2)
  Selected cycle: 20191129
Processing timestep: 201912040300
  Writing /home/lwestern/agage/meteorology/cfsv2/flexpart_inputs//GF19120403
  Trying cycle: 20191204
  Step filtering not needed (single numeric stepRange=3)
  Selected cycle: 20191129
Processing timestep: 201912040400
  Writing /home/lwestern/agage/meteorology/cfsv2/flexpart_inputs//GF19120404
  Trying cycle: 20191204
  Step filtering not needed (single numeric stepRange=4)
  Selected cycle: 20191129
Processing timestep: 201912040500
  Writing /home/lwestern/agage/meteorology/cfsv2/flexpart_inputs//GF19120405
  Trying cycle: 20191204
  Selected cycle: 20191129
Processing timestep: 201912040600
  Writing /home/lwestern/agage/meteorology/cfsv2/flexpart_inputs//GF19120406
  Trying cycle: 20191204
  Step filtering not needed (single numeric stepRange=5)
  Step filtering not needed (single numeric stepRange=6)
  Selected cycle: 20191129
Processing timestep: 201912040700
  Writing /home/lwestern/agage/meteorology/cfsv2/flexpart_inputs//GF19120407
  Trying cycle: 20191204
  Step filtering not needed (single numeric stepRange=1)
  Selected cycle: 20191129
Processing timestep: 201912040800
  Writing /home/lwestern/agage/meteorology/cfsv2/flexpart_inputs//GF19120408
  Trying cycle: 20191204
  Step filtering not needed (single numeric stepRange=2)
  Selected cycle: 20191204
Processing timestep: 201912040900
  Writing /home/lwestern/agage/meteorology/cfsv2/flexpart_inputs//GF19120409
  Trying cycle: 20191204
  Step filtering not needed (single numeric stepRange=3)
  Selected cycle: 20191204
Processing timestep: 201912041000
  Writing /home/lwestern/agage/meteorology/cfsv2/flexpart_inputs//GF19120410
  Trying cycle: 20191204
  Step filtering not needed (single numeric stepRange=4)
  Selected cycle: 20191204
Processing timestep: 201912041100
  Writing /home/lwestern/agage/meteorology/cfsv2/flexpart_inputs//GF19120411
  Trying cycle: 20191204
  Step filtering not needed (single numeric stepRange=5)
  Selected cycle: 20191204
Processing timestep: 201912041200
  Writing /home/lwestern/agage/meteorology/cfsv2/flexpart_inputs//GF19120412
  Trying cycle: 20191204
  Step filtering not needed (single numeric stepRange=6)
  Selected cycle: 20191204
Processing timestep: 201912041300
  Writing /home/lwestern/agage/meteorology/cfsv2/flexpart_inputs//GF19120413
  Trying cycle: 20191204
  Step filtering not needed (single numeric stepRange=1)
  Selected cycle: 20191204
Processing timestep: 201912041400
  Writing /home/lwestern/agage/meteorology/cfsv2/flexpart_inputs//GF19120414
  Trying cycle: 20191204
  Step filtering not needed (single numeric stepRange=2)
  Selected cycle: 20191204
Processing timestep: 201912041500
  Writing /home/lwestern/agage/meteorology/cfsv2/flexpart_inputs//GF19120415
  Trying cycle: 20191204
  Step filtering not needed (single numeric stepRange=3)
  Selected cycle: 20191204
Processing timestep: 201912041600
  Writing /home/lwestern/agage/meteorology/cfsv2/flexpart_inputs//GF19120416
  Trying cycle: 20191204
  Step filtering not needed (single numeric stepRange=4)
  Selected cycle: 20191204
Processing timestep: 201912041700
  Writing /home/lwestern/agage/meteorology/cfsv2/flexpart_inputs//GF19120417
  Trying cycle: 20191204
  Step filtering not needed (single numeric stepRange=5)
  Selected cycle: 20191204
Processing timestep: 201912041800
  Writing /home/lwestern/agage/meteorology/cfsv2/flexpart_inputs//GF19120418
  Trying cycle: 20191204
  Step filtering not needed (single numeric stepRange=6)
  Selected cycle: 20191204
Processing timestep: 201912041900
  Writing /home/lwestern/agage/meteorology/cfsv2/flexpart_inputs//GF19120419
  Trying cycle: 20191204
  Step filtering not needed (single numeric stepRange=1)
  Selected cycle: 20191204
Processing timestep: 201912042000
  Writing /home/lwestern/agage/meteorology/cfsv2/flexpart_inputs//GF19120420
  Trying cycle: 20191204
  Step filtering not needed (single numeric stepRange=2)
  Selected cycle: 20191204
Processing timestep: 201912042100
  Writing /home/lwestern/agage/meteorology/cfsv2/flexpart_inputs//GF19120421
  Trying cycle: 20191204
  Step filtering not needed (single numeric stepRange=3)
  Selected cycle: 20191204
Processing timestep: 201912042200
  Writing /home/lwestern/agage/meteorology/cfsv2/flexpart_inputs//GF19120422
  Trying cycle: 20191204
  Step filtering not needed (single numeric stepRange=4)
  Selected cycle: 20191204
Processing timestep: 201912042300
  Writing /home/lwestern/agage/meteorology/cfsv2/flexpart_inputs//GF19120423
  Trying cycle: 20191204
  Step filtering not needed (single numeric stepRange=5)
  Selected cycle: 20191204
Processing timestep: 201912050000
  Writing /home/lwestern/agage/meteorology/cfsv2/flexpart_inputs//GF19120500
  Trying cycle: 20191204
  Step filtering not needed (single numeric stepRange=6)
  Selected cycle: 20191204
Processing timestep: 201912080100
  Writing /home/lwestern/agage/meteorology/cfsv2/flexpart_inputs//GF19120801
  Trying cycle: 20191208
  WARNING: Missing ipvgrbh file for 201912080100 cycle 20191208 (continuing with pgrbh only)
  Step filtering not needed (single numeric stepRange=1)
  Selected cycle: 20191204
Processing timestep: 201912080200
  Writing /home/lwestern/agage/meteorology/cfsv2/flexpart_inputs//GF19120802
  Trying cycle: 20191208
  WARNING: Missing ipvgrbh file for 201912080200 cycle 20191208 (continuing with pgrbh only)
  Step filtering not needed (single numeric stepRange=2)
  Selected cycle: 20191204
Processing timestep: 201912080300
  Writing /home/lwestern/agage/meteorology/cfsv2/flexpart_inputs//GF19120803
  Trying cycle: 20191208
  WARNING: Missing ipvgrbh file for 201912080300 cycle 20191208 (continuing with pgrbh only)
  Step filtering not needed (single numeric stepRange=3)
  Selected cycle: 20191204
Processing timestep: 201912080400
  Writing /home/lwestern/agage/meteorology/cfsv2/flexpart_inputs//GF19120804
  Trying cycle: 20191208
  WARNING: Missing ipvgrbh file for 201912080400 cycle 20191208 (continuing with pgrbh only)
  Step filtering not needed (single numeric stepRange=4)
  Selected cycle: 20191204
Processing timestep: 201912080500
  Writing /home/lwestern/agage/meteorology/cfsv2/flexpart_inputs//GF19120805
  Trying cycle: 20191208
  WARNING: Missing ipvgrbh file for 201912080500 cycle 20191208 (continuing with pgrbh only)
  Step filtering not needed (single numeric stepRange=5)
  Selected cycle: 20191204
Processing timestep: 201912080600
  Writing /home/lwestern/agage/meteorology/cfsv2/flexpart_inputs//GF19120806
  Trying cycle: 20191208
  WARNING: Missing ipvgrbh file for 201912080600 cycle 20191208 (continuing with pgrbh only)
  Step filtering not needed (single numeric stepRange=6)
  Selected cycle: 20191204
Processing timestep: 201912080700
  Writing /home/lwestern/agage/meteorology/cfsv2/flexpart_inputs//GF19120807
  Trying cycle: 20191208
  WARNING: Missing ipvgrbh file for 201912080700 cycle 20191208 (continuing with pgrbh only)
  Step filtering not needed (single numeric stepRange=1)
  Selected cycle: 20191204
Processing timestep: 201912080800
  Writing /home/lwestern/agage/meteorology/cfsv2/flexpart_inputs//GF19120808
  Trying cycle: 20191208
  WARNING: Missing ipvgrbh file for 201912080800 cycle 20191208 (continuing with pgrbh only)
  Step filtering not needed (single numeric stepRange=2)
  Selected cycle: 20191208
Processing timestep: 201912080900
  Writing /home/lwestern/agage/meteorology/cfsv2/flexpart_inputs//GF19120809
  Trying cycle: 20191208
  WARNING: Missing ipvgrbh file for 201912080900 cycle 20191208 (continuing with pgrbh only)
  Step filtering not needed (single numeric stepRange=3)
  Selected cycle: 20191208
Processing timestep: 201912081000
  Writing /home/lwestern/agage/meteorology/cfsv2/flexpart_inputs//GF19120810
  Trying cycle: 20191208
  WARNING: Missing ipvgrbh file for 201912081000 cycle 20191208 (continuing with pgrbh only)
  Step filtering not needed (single numeric stepRange=4)
  Selected cycle: 20191208
Processing timestep: 201912081100
  Writing /home/lwestern/agage/meteorology/cfsv2/flexpart_inputs//GF19120811
  Trying cycle: 20191208
  WARNING: Missing ipvgrbh file for 201912081100 cycle 20191208 (continuing with pgrbh only)
  Step filtering not needed (single numeric stepRange=5)
  Selected cycle: 20191208
Processing timestep: 201912081200
  Writing /home/lwestern/agage/meteorology/cfsv2/flexpart_inputs//GF19120812
  Trying cycle: 20191208
  WARNING: Missing ipvgrbh file for 201912081200 cycle 20191208 (continuing with pgrbh only)
  Step filtering not needed (single numeric stepRange=6)
  Selected cycle: 20191208
Processing timestep: 201912081300
  Writing /home/lwestern/agage/meteorology/cfsv2/flexpart_inputs//GF19120813
  Trying cycle: 20191208
  WARNING: Missing ipvgrbh file for 201912081300 cycle 20191208 (continuing with pgrbh only)
  Step filtering not needed (single numeric stepRange=1)
  Selected cycle: 20191208
Processing timestep: 201912081400
  Writing /home/lwestern/agage/meteorology/cfsv2/flexpart_inputs//GF19120814
  Trying cycle: 20191208
  WARNING: Missing ipvgrbh file for 201912081400 cycle 20191208 (continuing with pgrbh only)
  Step filtering not needed (single numeric stepRange=2)
  Selected cycle: 20191208
Processing timestep: 201912081500
  Writing /home/lwestern/agage/meteorology/cfsv2/flexpart_inputs//GF19120815
  Trying cycle: 20191208
  Selected cycle: 20191208
Processing timestep: 201912081600
  Writing /home/lwestern/agage/meteorology/cfsv2/flexpart_inputs//GF19120816
  Trying cycle: 20191208
  WARNING: Missing ipvgrbh file for 201912081500 cycle 20191208 (continuing with pgrbh only)
  WARNING: Missing ipvgrbh file for 201912081600 cycle 20191208 (continuing with pgrbh only)
  Step filtering not needed (single numeric stepRange=3)
  Step filtering not needed (single numeric stepRange=4)
  Selected cycle: 20191208
Processing timestep: 201912081700
  Writing /home/lwestern/agage/meteorology/cfsv2/flexpart_inputs//GF19120817
  Trying cycle: 20191208
  WARNING: Missing ipvgrbh file for 201912081700 cycle 20191208 (continuing with pgrbh only)
  Step filtering not needed (single numeric stepRange=5)
  Selected cycle: 20191208
Processing timestep: 201912081800
  Writing /home/lwestern/agage/meteorology/cfsv2/flexpart_inputs//GF19120818
  Trying cycle: 20191208
  WARNING: Missing ipvgrbh file for 201912081800 cycle 20191208 (continuing with pgrbh only)
  Step filtering not needed (single numeric stepRange=6)
  Selected cycle: 20191208
Processing timestep: 201912081900
  Writing /home/lwestern/agage/meteorology/cfsv2/flexpart_inputs//GF19120819
  Trying cycle: 20191208
  WARNING: Missing ipvgrbh file for 201912081900 cycle 20191208 (continuing with pgrbh only)
  Step filtering not needed (single numeric stepRange=1)
  Selected cycle: 20191208
Processing timestep: 201912082000
  Writing /home/lwestern/agage/meteorology/cfsv2/flexpart_inputs//GF19120820
  Trying cycle: 20191208
  WARNING: Missing ipvgrbh file for 201912082000 cycle 20191208 (continuing with pgrbh only)
  Selected cycle: 20191208
Processing timestep: 201912082100
  Writing /home/lwestern/agage/meteorology/cfsv2/flexpart_inputs//GF19120821
  Trying cycle: 20191208
  Step filtering not needed (single numeric stepRange=2)
  WARNING: Missing ipvgrbh file for 201912082100 cycle 20191208 (continuing with pgrbh only)
  Step filtering not needed (single numeric stepRange=3)
  Selected cycle: 20191208
Processing timestep: 201912082200
  Writing /home/lwestern/agage/meteorology/cfsv2/flexpart_inputs//GF19120822
  Trying cycle: 20191208
  WARNING: Missing ipvgrbh file for 201912082200 cycle 20191208 (continuing with pgrbh only)
  Step filtering not needed (single numeric stepRange=4)
  Selected cycle: 20191208
Processing timestep: 201912082300
  Writing /home/lwestern/agage/meteorology/cfsv2/flexpart_inputs//GF19120823
  Trying cycle: 20191208
  Selected cycle: 20191208
Processing timestep: 201912090000
  Writing /home/lwestern/agage/meteorology/cfsv2/flexpart_inputs//GF19120900
  Trying cycle: 20191208
  WARNING: Missing ipvgrbh file for 201912082300 cycle 20191208 (continuing with pgrbh only)
  Step filtering not needed (single numeric stepRange=5)
  WARNING: Missing ipvgrbh file for 201912090000 cycle 20191208 (continuing with pgrbh only)
  Step filtering not needed (single numeric stepRange=6)
  Selected cycle: 20191208
Processing timestep: 201912140100
  Writing /home/lwestern/agage/meteorology/cfsv2/flexpart_inputs//GF19121401
  Trying cycle: 20191214
  WARNING: Missing ipvgrbh file for 201912140100 cycle 20191214 (continuing with pgrbh only)
  Step filtering not needed (single numeric stepRange=1)
  Selected cycle: 20191208
Processing timestep: 201912140200
  Writing /home/lwestern/agage/meteorology/cfsv2/flexpart_inputs//GF19121402
  Trying cycle: 20191214
  WARNING: Missing ipvgrbh file for 201912140200 cycle 20191214 (continuing with pgrbh only)
  Step filtering not needed (single numeric stepRange=2)
  Selected cycle: 20191208
Processing timestep: 201912140300
  Writing /home/lwestern/agage/meteorology/cfsv2/flexpart_inputs//GF19121403
  Trying cycle: 20191214
  WARNING: Missing ipvgrbh file for 201912140300 cycle 20191214 (continuing with pgrbh only)
  Step filtering not needed (single numeric stepRange=3)
  Selected cycle: 20191208
Processing timestep: 201912140400
  Selected cycle: 20191208
  Writing /home/lwestern/agage/meteorology/cfsv2/flexpart_inputs//GF19121404
Processing timestep: 201912140500
  Writing /home/lwestern/agage/meteorology/cfsv2/flexpart_inputs//GF19121405
  Trying cycle: 20191214
  Trying cycle: 20191214
  WARNING: Missing ipvgrbh file for 201912140400 cycle 20191214 (continuing with pgrbh only)
  WARNING: Missing ipvgrbh file for 201912140500 cycle 20191214 (continuing with pgrbh only)
  Step filtering not needed (single numeric stepRange=4)
  Step filtering not needed (single numeric stepRange=5)
  Selected cycle: 20191208
Processing timestep: 201912140600
  Writing /home/lwestern/agage/meteorology/cfsv2/flexpart_inputs//GF19121406
  Trying cycle: 20191214
  WARNING: Missing ipvgrbh file for 201912140600 cycle 20191214 (continuing with pgrbh only)
  Step filtering not needed (single numeric stepRange=6)
  Selected cycle: 20191208
Processing timestep: 201912140700
  Writing /home/lwestern/agage/meteorology/cfsv2/flexpart_inputs//GF19121407
  Trying cycle: 20191214
  Selected cycle: 20191208
Processing timestep: 201912140800
  Writing /home/lwestern/agage/meteorology/cfsv2/flexpart_inputs//GF19121408
  Trying cycle: 20191214
  WARNING: Missing ipvgrbh file for 201912140800 cycle 20191214 (continuing with pgrbh only)
  Step filtering not needed (single numeric stepRange=2)
  WARNING: Missing ipvgrbh file for 201912140700 cycle 20191214 (continuing with pgrbh only)
  Step filtering not needed (single numeric stepRange=1)
  Selected cycle: 20191214
Processing timestep: 201912140900
  Writing /home/lwestern/agage/meteorology/cfsv2/flexpart_inputs//GF19121409
  Trying cycle: 20191214
  Selected cycle: 20191214
Processing timestep: 201912141000
  Writing /home/lwestern/agage/meteorology/cfsv2/flexpart_inputs//GF19121410
  Trying cycle: 20191214
  WARNING: Missing ipvgrbh file for 201912140900 cycle 20191214 (continuing with pgrbh only)
  Step filtering not needed (single numeric stepRange=3)
  WARNING: Missing ipvgrbh file for 201912141000 cycle 20191214 (continuing with pgrbh only)
  Step filtering not needed (single numeric stepRange=4)
  Selected cycle: 20191214
Processing timestep: 201912141100
  Writing /home/lwestern/agage/meteorology/cfsv2/flexpart_inputs//GF19121411
  Trying cycle: 20191214
  WARNING: Missing ipvgrbh file for 201912141100 cycle 20191214 (continuing with pgrbh only)
  Step filtering not needed (single numeric stepRange=5)
  Selected cycle: 20191214
Processing timestep: 201912141200
  Selected cycle: 20191214
  Writing /home/lwestern/agage/meteorology/cfsv2/flexpart_inputs//GF19121412
Processing timestep: 201912141300
  Writing /home/lwestern/agage/meteorology/cfsv2/flexpart_inputs//GF19121413
  Trying cycle: 20191214
  Trying cycle: 20191214
  WARNING: Missing ipvgrbh file for 201912141300 cycle 20191214 (continuing with pgrbh only)
  WARNING: Missing ipvgrbh file for 201912141200 cycle 20191214 (continuing with pgrbh only)
  Step filtering not needed (single numeric stepRange=1)
  Step filtering not needed (single numeric stepRange=6)
  Selected cycle: 20191214
Processing timestep: 201912141400
  Writing /home/lwestern/agage/meteorology/cfsv2/flexpart_inputs//GF19121414
  Trying cycle: 20191214
  WARNING: Missing ipvgrbh file for 201912141400 cycle 20191214 (continuing with pgrbh only)
  Step filtering not needed (single numeric stepRange=2)
  Selected cycle: 20191214
Processing timestep: 201912141500
  Writing /home/lwestern/agage/meteorology/cfsv2/flexpart_inputs//GF19121415
  Trying cycle: 20191214
  Selected cycle: 20191214
Processing timestep: 201912141600
  Writing /home/lwestern/agage/meteorology/cfsv2/flexpart_inputs//GF19121416
  Trying cycle: 20191214
  WARNING: Missing ipvgrbh file for 201912141500 cycle 20191214 (continuing with pgrbh only)
  Step filtering not needed (single numeric stepRange=3)
  WARNING: Missing ipvgrbh file for 201912141600 cycle 20191214 (continuing with pgrbh only)
  Step filtering not needed (single numeric stepRange=4)
  Selected cycle: 20191214
Processing timestep: 201912141700
  Writing /home/lwestern/agage/meteorology/cfsv2/flexpart_inputs//GF19121417
  Trying cycle: 20191214
  Selected cycle: 20191214
Processing timestep: 201912141800
  Writing /home/lwestern/agage/meteorology/cfsv2/flexpart_inputs//GF19121418
  Trying cycle: 20191214
  WARNING: Missing ipvgrbh file for 201912141700 cycle 20191214 (continuing with pgrbh only)
  Step filtering not needed (single numeric stepRange=5)
  WARNING: Missing ipvgrbh file for 201912141800 cycle 20191214 (continuing with pgrbh only)
  Step filtering not needed (single numeric stepRange=6)
  Selected cycle: 20191214
Processing timestep: 201912141900
  Writing /home/lwestern/agage/meteorology/cfsv2/flexpart_inputs//GF19121419
  Trying cycle: 20191214
  WARNING: Missing ipvgrbh file for 201912141900 cycle 20191214 (continuing with pgrbh only)
  Step filtering not needed (single numeric stepRange=1)
  Selected cycle: 20191214
Processing timestep: 201912142000
  Writing /home/lwestern/agage/meteorology/cfsv2/flexpart_inputs//GF19121420
  Trying cycle: 20191214
  WARNING: Missing ipvgrbh file for 201912142000 cycle 20191214 (continuing with pgrbh only)
  Step filtering not needed (single numeric stepRange=2)
  Selected cycle: 20191214
Processing timestep: 201912142100
  Writing /home/lwestern/agage/meteorology/cfsv2/flexpart_inputs//GF19121421
  Trying cycle: 20191214
  Selected cycle: 20191214
Processing timestep: 201912142200
  Writing /home/lwestern/agage/meteorology/cfsv2/flexpart_inputs//GF19121422
  Trying cycle: 20191214
  WARNING: Missing ipvgrbh file for 201912142100 cycle 20191214 (continuing with pgrbh only)
  WARNING: Missing ipvgrbh file for 201912142200 cycle 20191214 (continuing with pgrbh only)
  Step filtering not needed (single numeric stepRange=3)
  Step filtering not needed (single numeric stepRange=4)
  Selected cycle: 20191214
Processing timestep: 201912142300
  Writing /home/lwestern/agage/meteorology/cfsv2/flexpart_inputs//GF19121423
  Selected cycle: 20191214
Processing timestep: 201912150000
  Writing /home/lwestern/agage/meteorology/cfsv2/flexpart_inputs//GF19121500
  Trying cycle: 20191214
  Trying cycle: 20191214
  WARNING: Missing ipvgrbh file for 201912150000 cycle 20191214 (continuing with pgrbh only)
  WARNING: Missing ipvgrbh file for 201912142300 cycle 20191214 (continuing with pgrbh only)
  Step filtering not needed (single numeric stepRange=6)
  Step filtering not needed (single numeric stepRange=5)
  Selected cycle: 20191214
Processing timestep: 201912190100
  Writing /home/lwestern/agage/meteorology/cfsv2/flexpart_inputs//GF19121901
  Trying cycle: 20191219
  Step filtering not needed (single numeric stepRange=1)
  Selected cycle: 20191214
Processing timestep: 201912190200
  Writing /home/lwestern/agage/meteorology/cfsv2/flexpart_inputs//GF19121902
  Trying cycle: 20191219
  Step filtering not needed (single numeric stepRange=2)
  Selected cycle: 20191214
Processing timestep: 201912190300
  Writing /home/lwestern/agage/meteorology/cfsv2/flexpart_inputs//GF19121903
  Trying cycle: 20191219
  Step filtering not needed (single numeric stepRange=3)
  Selected cycle: 20191214
Processing timestep: 201912190400
  Writing /home/lwestern/agage/meteorology/cfsv2/flexpart_inputs//GF19121904
  Trying cycle: 20191219
  Step filtering not needed (single numeric stepRange=4)
  Selected cycle: 20191214
Processing timestep: 201912190500
  Writing /home/lwestern/agage/meteorology/cfsv2/flexpart_inputs//GF19121905
  Trying cycle: 20191219
  Selected cycle: 20191214
Processing timestep: 201912190600
  Writing /home/lwestern/agage/meteorology/cfsv2/flexpart_inputs//GF19121906
  Trying cycle: 20191219
  Step filtering not needed (single numeric stepRange=5)
  Step filtering not needed (single numeric stepRange=6)
  Selected cycle: 20191214
Processing timestep: 201912190700
  Writing /home/lwestern/agage/meteorology/cfsv2/flexpart_inputs//GF19121907
  Trying cycle: 20191219
  Selected cycle: 20191214
Processing timestep: 201912190800
  Writing /home/lwestern/agage/meteorology/cfsv2/flexpart_inputs//GF19121908
  Trying cycle: 20191219
  Selected cycle: 20191219
Processing timestep: 201912190900
  Writing /home/lwestern/agage/meteorology/cfsv2/flexpart_inputs//GF19121909
  Trying cycle: 20191219
  Step filtering not needed (single numeric stepRange=1)
  Step filtering not needed (single numeric stepRange=2)
  Step filtering not needed (single numeric stepRange=3)
  Selected cycle: 20191219
Processing timestep: 201912191000
  Writing /home/lwestern/agage/meteorology/cfsv2/flexpart_inputs//GF19121910
  Trying cycle: 20191219
  Step filtering not needed (single numeric stepRange=4)
  Selected cycle: 20191219
Processing timestep: 201912191100
  Writing /home/lwestern/agage/meteorology/cfsv2/flexpart_inputs//GF19121911
  Trying cycle: 20191219
  Step filtering not needed (single numeric stepRange=5)
  Selected cycle: 20191219
Processing timestep: 201912191200
  Writing /home/lwestern/agage/meteorology/cfsv2/flexpart_inputs//GF19121912
  Trying cycle: 20191219
  Step filtering not needed (single numeric stepRange=6)
  Selected cycle: 20191219
Processing timestep: 201912191300
  Writing /home/lwestern/agage/meteorology/cfsv2/flexpart_inputs//GF19121913
  Trying cycle: 20191219
  Selected cycle: 20191219
Processing timestep: 201912191400
  Writing /home/lwestern/agage/meteorology/cfsv2/flexpart_inputs//GF19121914
  Trying cycle: 20191219
  Step filtering not needed (single numeric stepRange=1)
  Step filtering not needed (single numeric stepRange=2)
  Selected cycle: 20191219
Processing timestep: 201912191500
  Writing /home/lwestern/agage/meteorology/cfsv2/flexpart_inputs//GF19121915
  Trying cycle: 20191219
  Selected cycle: 20191219
Processing timestep: 201912191600
  Writing /home/lwestern/agage/meteorology/cfsv2/flexpart_inputs//GF19121916
  Step filtering not needed (single numeric stepRange=3)
  Trying cycle: 20191219
  Selected cycle: 20191219
Processing timestep: 201912191700
  Step filtering not needed (single numeric stepRange=4)
  Writing /home/lwestern/agage/meteorology/cfsv2/flexpart_inputs//GF19121917
  Trying cycle: 20191219
  Selected cycle: 20191219
Processing timestep: 201912191800
  Writing /home/lwestern/agage/meteorology/cfsv2/flexpart_inputs//GF19121918
  Trying cycle: 20191219
  Step filtering not needed (single numeric stepRange=5)
  Step filtering not needed (single numeric stepRange=6)
  Selected cycle: 20191219
Processing timestep: 201912191900
  Writing /home/lwestern/agage/meteorology/cfsv2/flexpart_inputs//GF19121919
  Trying cycle: 20191219
  Step filtering not needed (single numeric stepRange=1)
  Selected cycle: 20191219
Processing timestep: 201912192000
  Writing /home/lwestern/agage/meteorology/cfsv2/flexpart_inputs//GF19121920
  Trying cycle: 20191219
  Step filtering not needed (single numeric stepRange=2)
  Selected cycle: 20191219
Processing timestep: 201912192100
  Writing /home/lwestern/agage/meteorology/cfsv2/flexpart_inputs//GF19121921
  Trying cycle: 20191219
  Step filtering not needed (single numeric stepRange=3)
  Selected cycle: 20191219
Processing timestep: 201912192200
  Writing /home/lwestern/agage/meteorology/cfsv2/flexpart_inputs//GF19121922
  Trying cycle: 20191219
  Step filtering not needed (single numeric stepRange=4)
  Selected cycle: 20191219
Processing timestep: 201912192300
  Writing /home/lwestern/agage/meteorology/cfsv2/flexpart_inputs//GF19121923
  Trying cycle: 20191219
  Step filtering not needed (single numeric stepRange=5)
  Selected cycle: 20191219
Processing timestep: 201912200000
  Writing /home/lwestern/agage/meteorology/cfsv2/flexpart_inputs//GF19122000
  Trying cycle: 20191219
  Step filtering not needed (single numeric stepRange=6)
  Selected cycle: 20191219
Processing timestep: 201912240100
  Writing /home/lwestern/agage/meteorology/cfsv2/flexpart_inputs//GF19122401
  Trying cycle: 20191224
  Selected cycle: 20191219
Processing timestep: 201912240200
  Writing /home/lwestern/agage/meteorology/cfsv2/flexpart_inputs//GF19122402
  Trying cycle: 20191224
  WARNING: Missing ipvgrbh file for 201912240100 cycle 20191224 (continuing with pgrbh only)
  Step filtering not needed (single numeric stepRange=1)
  WARNING: Missing ipvgrbh file for 201912240200 cycle 20191224 (continuing with pgrbh only)
  Step filtering not needed (single numeric stepRange=2)
  Selected cycle: 20191219
Processing timestep: 201912240300
  Writing /home/lwestern/agage/meteorology/cfsv2/flexpart_inputs//GF19122403
  Trying cycle: 20191224
  WARNING: Missing ipvgrbh file for 201912240300 cycle 20191224 (continuing with pgrbh only)
  Step filtering not needed (single numeric stepRange=3)
  Selected cycle: 20191219
Processing timestep: 201912240400
  Writing /home/lwestern/agage/meteorology/cfsv2/flexpart_inputs//GF19122404
  Trying cycle: 20191224
  WARNING: Missing ipvgrbh file for 201912240400 cycle 20191224 (continuing with pgrbh only)
  Step filtering not needed (single numeric stepRange=4)
  Selected cycle: 20191219
Processing timestep: 201912240500
  Writing /home/lwestern/agage/meteorology/cfsv2/flexpart_inputs//GF19122405
  Trying cycle: 20191224
  WARNING: Missing ipvgrbh file for 201912240500 cycle 20191224 (continuing with pgrbh only)
  Step filtering not needed (single numeric stepRange=5)
  Selected cycle: 20191219
Processing timestep: 201912240600
  Writing /home/lwestern/agage/meteorology/cfsv2/flexpart_inputs//GF19122406
  Trying cycle: 20191224
  WARNING: Missing ipvgrbh file for 201912240600 cycle 20191224 (continuing with pgrbh only)
  Step filtering not needed (single numeric stepRange=6)
  Selected cycle: 20191219
Processing timestep: 201912240700
  Writing /home/lwestern/agage/meteorology/cfsv2/flexpart_inputs//GF19122407
  Trying cycle: 20191224
  WARNING: Missing ipvgrbh file for 201912240700 cycle 20191224 (continuing with pgrbh only)
  Step filtering not needed (single numeric stepRange=1)
  Selected cycle: 20191224
Processing timestep: 201912240800
  Writing /home/lwestern/agage/meteorology/cfsv2/flexpart_inputs//GF19122408
  Trying cycle: 20191224
  WARNING: Missing ipvgrbh file for 201912240800 cycle 20191224 (continuing with pgrbh only)
  Step filtering not needed (single numeric stepRange=2)
  Selected cycle: 20191219
Processing timestep: 201912240900
  Writing /home/lwestern/agage/meteorology/cfsv2/flexpart_inputs//GF19122409
  Trying cycle: 20191224
  WARNING: Missing ipvgrbh file for 201912240900 cycle 20191224 (continuing with pgrbh only)
  Step filtering not needed (single numeric stepRange=3)
  Selected cycle: 20191224
Processing timestep: 201912241000
  Writing /home/lwestern/agage/meteorology/cfsv2/flexpart_inputs//GF19122410
  Trying cycle: 20191224
  WARNING: Missing ipvgrbh file for 201912241000 cycle 20191224 (continuing with pgrbh only)
  Selected cycle: 20191224
Processing timestep: 201912241100
  Writing /home/lwestern/agage/meteorology/cfsv2/flexpart_inputs//GF19122411
  Trying cycle: 20191224
  Step filtering not needed (single numeric stepRange=4)
  WARNING: Missing ipvgrbh file for 201912241100 cycle 20191224 (continuing with pgrbh only)
  Step filtering not needed (single numeric stepRange=5)
  Selected cycle: 20191224
Processing timestep: 201912241200
  Writing /home/lwestern/agage/meteorology/cfsv2/flexpart_inputs//GF19122412
  Trying cycle: 20191224
  WARNING: Missing ipvgrbh file for 201912241200 cycle 20191224 (continuing with pgrbh only)
  Step filtering not needed (single numeric stepRange=6)
  Selected cycle: 20191224
Processing timestep: 201912241300
  Writing /home/lwestern/agage/meteorology/cfsv2/flexpart_inputs//GF19122413
  Trying cycle: 20191224
  WARNING: Missing ipvgrbh file for 201912241300 cycle 20191224 (continuing with pgrbh only)
  Step filtering not needed (single numeric stepRange=1)
  Selected cycle: 20191224
Processing timestep: 201912241400
  Writing /home/lwestern/agage/meteorology/cfsv2/flexpart_inputs//GF19122414
  Trying cycle: 20191224
  WARNING: Missing ipvgrbh file for 201912241400 cycle 20191224 (continuing with pgrbh only)
  Step filtering not needed (single numeric stepRange=2)
  Selected cycle: 20191224
Processing timestep: 201912241500
  Writing /home/lwestern/agage/meteorology/cfsv2/flexpart_inputs//GF19122415
  Trying cycle: 20191224
  WARNING: Missing ipvgrbh file for 201912241500 cycle 20191224 (continuing with pgrbh only)
  Step filtering not needed (single numeric stepRange=3)
  Selected cycle: 20191224
Processing timestep: 201912241600
  Writing /home/lwestern/agage/meteorology/cfsv2/flexpart_inputs//GF19122416
  Trying cycle: 20191224
  WARNING: Missing ipvgrbh file for 201912241600 cycle 20191224 (continuing with pgrbh only)
  Step filtering not needed (single numeric stepRange=4)
  Selected cycle: 20191224
Processing timestep: 201912241700
  Writing /home/lwestern/agage/meteorology/cfsv2/flexpart_inputs//GF19122417
  Trying cycle: 20191224
  Selected cycle: 20191224
Processing timestep: 201912241800
  Writing /home/lwestern/agage/meteorology/cfsv2/flexpart_inputs//GF19122418
  Trying cycle: 20191224
  WARNING: Missing ipvgrbh file for 201912241700 cycle 20191224 (continuing with pgrbh only)
  Selected cycle: 20191224
Processing timestep: 201912241900
  Writing /home/lwestern/agage/meteorology/cfsv2/flexpart_inputs//GF19122419
  Trying cycle: 20191224
  Step filtering not needed (single numeric stepRange=5)
  WARNING: Missing ipvgrbh file for 201912241800 cycle 20191224 (continuing with pgrbh only)
  Step filtering not needed (single numeric stepRange=6)
  WARNING: Missing ipvgrbh file for 201912241900 cycle 20191224 (continuing with pgrbh only)
  Step filtering not needed (single numeric stepRange=1)
  Selected cycle: 20191224
Processing timestep: 201912242000
  Writing /home/lwestern/agage/meteorology/cfsv2/flexpart_inputs//GF19122420
  Trying cycle: 20191224
  WARNING: Missing ipvgrbh file for 201912242000 cycle 20191224 (continuing with pgrbh only)
  Step filtering not needed (single numeric stepRange=2)
  Selected cycle: 20191224
Processing timestep: 201912242100
  Writing /home/lwestern/agage/meteorology/cfsv2/flexpart_inputs//GF19122421
  Trying cycle: 20191224
  WARNING: Missing ipvgrbh file for 201912242100 cycle 20191224 (continuing with pgrbh only)
  Step filtering not needed (single numeric stepRange=3)
  Selected cycle: 20191224
Processing timestep: 201912242200
  Writing /home/lwestern/agage/meteorology/cfsv2/flexpart_inputs//GF19122422
  Trying cycle: 20191224
  WARNING: Missing ipvgrbh file for 201912242200 cycle 20191224 (continuing with pgrbh only)
  Step filtering not needed (single numeric stepRange=4)
  Selected cycle: 20191224
Processing timestep: 201912242300
  Writing /home/lwestern/agage/meteorology/cfsv2/flexpart_inputs//GF19122423
  Trying cycle: 20191224
  WARNING: Missing ipvgrbh file for 201912242300 cycle 20191224 (continuing with pgrbh only)
  Step filtering not needed (single numeric stepRange=5)
  Selected cycle: 20191224
Processing timestep: 201912250000
  Writing /home/lwestern/agage/meteorology/cfsv2/flexpart_inputs//GF19122500
  Trying cycle: 20191224
  WARNING: Missing ipvgrbh file for 201912250000 cycle 20191224 (continuing with pgrbh only)
  Step filtering not needed (single numeric stepRange=6)
  Selected cycle: 20191224
Processing timestep: 201912260100
  Writing /home/lwestern/agage/meteorology/cfsv2/flexpart_inputs//GF19122601
  Trying cycle: 20191226
  Step filtering not needed (single numeric stepRange=1)
  Selected cycle: 20191224
Processing timestep: 201912260200
  Writing /home/lwestern/agage/meteorology/cfsv2/flexpart_inputs//GF19122602
  Trying cycle: 20191226
  Selected cycle: 20191224
Processing timestep: 201912260300
  Writing /home/lwestern/agage/meteorology/cfsv2/flexpart_inputs//GF19122603
  Trying cycle: 20191226
  Step filtering not needed (single numeric stepRange=2)
  Step filtering not needed (single numeric stepRange=3)
  Selected cycle: 20191224
Processing timestep: 201912260400
  Writing /home/lwestern/agage/meteorology/cfsv2/flexpart_inputs//GF19122604
  Trying cycle: 20191226
  Step filtering not needed (single numeric stepRange=4)
  Selected cycle: 20191224
Processing timestep: 201912260500
  Writing /home/lwestern/agage/meteorology/cfsv2/flexpart_inputs//GF19122605
  Trying cycle: 20191226
  Step filtering not needed (single numeric stepRange=5)
  Selected cycle: 20191224
Processing timestep: 201912260600
  Writing /home/lwestern/agage/meteorology/cfsv2/flexpart_inputs//GF19122606
  Trying cycle: 20191226
  Step filtering not needed (single numeric stepRange=6)
  Selected cycle: 20191224
Processing timestep: 201912260700
  Writing /home/lwestern/agage/meteorology/cfsv2/flexpart_inputs//GF19122607
  Trying cycle: 20191226
  Step filtering not needed (single numeric stepRange=1)
  Selected cycle: 20191224
Processing timestep: 201912260800
  Writing /home/lwestern/agage/meteorology/cfsv2/flexpart_inputs//GF19122608
  Trying cycle: 20191226
  Step filtering not needed (single numeric stepRange=2)
  Selected cycle: 20191226
Processing timestep: 201912260900
  Writing /home/lwestern/agage/meteorology/cfsv2/flexpart_inputs//GF19122609
  Trying cycle: 20191226
  Step filtering not needed (single numeric stepRange=3)
  Selected cycle: 20191226
Processing timestep: 201912261000
  Writing /home/lwestern/agage/meteorology/cfsv2/flexpart_inputs//GF19122610
  Trying cycle: 20191226
  Selected cycle: 20191226
Processing timestep: 201912261100
  Writing /home/lwestern/agage/meteorology/cfsv2/flexpart_inputs//GF19122611
  Trying cycle: 20191226
  Step filtering not needed (single numeric stepRange=4)
  Step filtering not needed (single numeric stepRange=5)
  Selected cycle: 20191226
Processing timestep: 201912261200
  Writing /home/lwestern/agage/meteorology/cfsv2/flexpart_inputs//GF19122612
  Trying cycle: 20191226
  Step filtering not needed (single numeric stepRange=6)
  Selected cycle: 20191226
Processing timestep: 201912261300
  Writing /home/lwestern/agage/meteorology/cfsv2/flexpart_inputs//GF19122613
  Trying cycle: 20191226
  Step filtering not needed (single numeric stepRange=1)
  Selected cycle: 20191226
Processing timestep: 201912261400
  Writing /home/lwestern/agage/meteorology/cfsv2/flexpart_inputs//GF19122614
  Trying cycle: 20191226
  Step filtering not needed (single numeric stepRange=2)
  Selected cycle: 20191226
Processing timestep: 201912261500
  Writing /home/lwestern/agage/meteorology/cfsv2/flexpart_inputs//GF19122615
  Trying cycle: 20191226
  Step filtering not needed (single numeric stepRange=3)
  Selected cycle: 20191226
Processing timestep: 201912261600
  Writing /home/lwestern/agage/meteorology/cfsv2/flexpart_inputs//GF19122616
  Trying cycle: 20191226
  Step filtering not needed (single numeric stepRange=4)
  Selected cycle: 20191226
Processing timestep: 201912261700
  Writing /home/lwestern/agage/meteorology/cfsv2/flexpart_inputs//GF19122617
  Trying cycle: 20191226
  Step filtering not needed (single numeric stepRange=5)
  Selected cycle: 20191226
Processing timestep: 201912261800
  Writing /home/lwestern/agage/meteorology/cfsv2/flexpart_inputs//GF19122618
  Trying cycle: 20191226
  Step filtering not needed (single numeric stepRange=6)
  Selected cycle: 20191226
Processing timestep: 201912261900
  Writing /home/lwestern/agage/meteorology/cfsv2/flexpart_inputs//GF19122619
  Trying cycle: 20191226
  Step filtering not needed (single numeric stepRange=1)
  Selected cycle: 20191226
Processing timestep: 201912262000
  Writing /home/lwestern/agage/meteorology/cfsv2/flexpart_inputs//GF19122620
  Trying cycle: 20191226
  Step filtering not needed (single numeric stepRange=2)
  Selected cycle: 20191226
Processing timestep: 201912262100
  Writing /home/lwestern/agage/meteorology/cfsv2/flexpart_inputs//GF19122621
  Trying cycle: 20191226
  Step filtering not needed (single numeric stepRange=3)
  Selected cycle: 20191226
Processing timestep: 201912262200
  Writing /home/lwestern/agage/meteorology/cfsv2/flexpart_inputs//GF19122622
  Trying cycle: 20191226
  Step filtering not needed (single numeric stepRange=4)
  Selected cycle: 20191226
Processing timestep: 201912262300
  Writing /home/lwestern/agage/meteorology/cfsv2/flexpart_inputs//GF19122623
  Trying cycle: 20191226
  Step filtering not needed (single numeric stepRange=5)
  Selected cycle: 20191226
Processing timestep: 201912270000
  Writing /home/lwestern/agage/meteorology/cfsv2/flexpart_inputs//GF19122700
  Trying cycle: 20191226
  Step filtering not needed (single numeric stepRange=6)
  Selected cycle: 20191226
Processing timestep: 201912280100
  Writing /home/lwestern/agage/meteorology/cfsv2/flexpart_inputs//GF19122801
  Trying cycle: 20191228
  WARNING: Missing ipvgrbh file for 201912280100 cycle 20191228 (continuing with pgrbh only)
  Selected cycle: 20191226
Processing timestep: 201912280200
  Writing /home/lwestern/agage/meteorology/cfsv2/flexpart_inputs//GF19122802
  Trying cycle: 20191228
  Step filtering not needed (single numeric stepRange=1)
  WARNING: Missing ipvgrbh file for 201912280200 cycle 20191228 (continuing with pgrbh only)
  Step filtering not needed (single numeric stepRange=2)
  Selected cycle: 20191226
Processing timestep: 201912280300
  Writing /home/lwestern/agage/meteorology/cfsv2/flexpart_inputs//GF19122803
  Trying cycle: 20191228
  WARNING: Missing ipvgrbh file for 201912280300 cycle 20191228 (continuing with pgrbh only)
  Step filtering not needed (single numeric stepRange=3)
  Selected cycle: 20191226
Processing timestep: 201912280400
  Writing /home/lwestern/agage/meteorology/cfsv2/flexpart_inputs//GF19122804
  Trying cycle: 20191228
  WARNING: Missing ipvgrbh file for 201912280400 cycle 20191228 (continuing with pgrbh only)
  Step filtering not needed (single numeric stepRange=4)
  Selected cycle: 20191226
Processing timestep: 201912280500
  Writing /home/lwestern/agage/meteorology/cfsv2/flexpart_inputs//GF19122805
  Trying cycle: 20191228
  WARNING: Missing ipvgrbh file for 201912280500 cycle 20191228 (continuing with pgrbh only)
  Step filtering not needed (single numeric stepRange=5)
  Selected cycle: 20191226
  Selected cycle: 20191226
Processing timestep: 201912280600
Processing timestep: 201912280700
  Writing /home/lwestern/agage/meteorology/cfsv2/flexpart_inputs//GF19122806
  Trying cycle: 20191228
  Writing /home/lwestern/agage/meteorology/cfsv2/flexpart_inputs//GF19122807
  Trying cycle: 20191228
  WARNING: Missing ipvgrbh file for 201912280700 cycle 20191228 (continuing with pgrbh only)
  WARNING: Missing ipvgrbh file for 201912280600 cycle 20191228 (continuing with pgrbh only)
  Step filtering not needed (single numeric stepRange=6)
  Step filtering not needed (single numeric stepRange=1)
  Selected cycle: 20191226
Processing timestep: 201912280800
  Writing /home/lwestern/agage/meteorology/cfsv2/flexpart_inputs//GF19122808
  Trying cycle: 20191228
  WARNING: Missing ipvgrbh file for 201912280800 cycle 20191228 (continuing with pgrbh only)
  Step filtering not needed (single numeric stepRange=2)
  Selected cycle: 20191228
Processing timestep: 201912280900
  Writing /home/lwestern/agage/meteorology/cfsv2/flexpart_inputs//GF19122809
  Trying cycle: 20191228
  WARNING: Missing ipvgrbh file for 201912280900 cycle 20191228 (continuing with pgrbh only)
  Selected cycle: 20191228
Processing timestep: 201912281000
  Writing /home/lwestern/agage/meteorology/cfsv2/flexpart_inputs//GF19122810
  Trying cycle: 20191228
  Step filtering not needed (single numeric stepRange=3)
  WARNING: Missing ipvgrbh file for 201912281000 cycle 20191228 (continuing with pgrbh only)
  Step filtering not needed (single numeric stepRange=4)
  Selected cycle: 20191228
Processing timestep: 201912281100
  Writing /home/lwestern/agage/meteorology/cfsv2/flexpart_inputs//GF19122811
  Trying cycle: 20191228
  WARNING: Missing ipvgrbh file for 201912281100 cycle 20191228 (continuing with pgrbh only)
  Step filtering not needed (single numeric stepRange=5)
  Selected cycle: 20191228
Processing timestep: 201912281200
  Writing /home/lwestern/agage/meteorology/cfsv2/flexpart_inputs//GF19122812
  Trying cycle: 20191228
  WARNING: Missing ipvgrbh file for 201912281200 cycle 20191228 (continuing with pgrbh only)
  Step filtering not needed (single numeric stepRange=6)
  Selected cycle: 20191228
Processing timestep: 201912281300
  Writing /home/lwestern/agage/meteorology/cfsv2/flexpart_inputs//GF19122813
  Trying cycle: 20191228
  WARNING: Missing ipvgrbh file for 201912281300 cycle 20191228 (continuing with pgrbh only)
  Step filtering not needed (single numeric stepRange=1)
  Selected cycle: 20191228
Processing timestep: 201912281400
  Writing /home/lwestern/agage/meteorology/cfsv2/flexpart_inputs//GF19122814
  Trying cycle: 20191228
  Selected cycle: 20191228
Processing timestep: 201912281500
  Writing /home/lwestern/agage/meteorology/cfsv2/flexpart_inputs//GF19122815
  Trying cycle: 20191228
  WARNING: Missing ipvgrbh file for 201912281400 cycle 20191228 (continuing with pgrbh only)
  Step filtering not needed (single numeric stepRange=2)
  WARNING: Missing ipvgrbh file for 201912281500 cycle 20191228 (continuing with pgrbh only)
  Step filtering not needed (single numeric stepRange=3)
  Selected cycle: 20191228
Processing timestep: 201912281600
  Writing /home/lwestern/agage/meteorology/cfsv2/flexpart_inputs//GF19122816
  Trying cycle: 20191228
  WARNING: Missing ipvgrbh file for 201912281600 cycle 20191228 (continuing with pgrbh only)
  Step filtering not needed (single numeric stepRange=4)
  Selected cycle: 20191228
Processing timestep: 201912281700
  Writing /home/lwestern/agage/meteorology/cfsv2/flexpart_inputs//GF19122817
  Trying cycle: 20191228
  Selected cycle: 20191228
Processing timestep: 201912281800
  Writing /home/lwestern/agage/meteorology/cfsv2/flexpart_inputs//GF19122818
  Trying cycle: 20191228
  WARNING: Missing ipvgrbh file for 201912281700 cycle 20191228 (continuing with pgrbh only)
  Step filtering not needed (single numeric stepRange=5)
  WARNING: Missing ipvgrbh file for 201912281800 cycle 20191228 (continuing with pgrbh only)
  Step filtering not needed (single numeric stepRange=6)
  Selected cycle: 20191228
Processing timestep: 201912281900
  Writing /home/lwestern/agage/meteorology/cfsv2/flexpart_inputs//GF19122819
  Trying cycle: 20191228
  WARNING: Missing ipvgrbh file for 201912281900 cycle 20191228 (continuing with pgrbh only)
  Step filtering not needed (single numeric stepRange=1)
  Selected cycle: 20191228
Processing timestep: 201912282000
  Writing /home/lwestern/agage/meteorology/cfsv2/flexpart_inputs//GF19122820
  Trying cycle: 20191228
  WARNING: Missing ipvgrbh file for 201912282000 cycle 20191228 (continuing with pgrbh only)
  Step filtering not needed (single numeric stepRange=2)
  Selected cycle: 20191228
Processing timestep: 201912282100
  Writing /home/lwestern/agage/meteorology/cfsv2/flexpart_inputs//GF19122821
  Trying cycle: 20191228
  Selected cycle: 20191228
Processing timestep: 201912282200
  Writing /home/lwestern/agage/meteorology/cfsv2/flexpart_inputs//GF19122822
  Trying cycle: 20191228
  WARNING: Missing ipvgrbh file for 201912282100 cycle 20191228 (continuing with pgrbh only)
  Step filtering not needed (single numeric stepRange=3)
  WARNING: Missing ipvgrbh file for 201912282200 cycle 20191228 (continuing with pgrbh only)
  Step filtering not needed (single numeric stepRange=4)
  Selected cycle: 20191228
Processing timestep: 201912282300
  Writing /home/lwestern/agage/meteorology/cfsv2/flexpart_inputs//GF19122823
  Trying cycle: 20191228
  WARNING: Missing ipvgrbh file for 201912282300 cycle 20191228 (continuing with pgrbh only)
  Step filtering not needed (single numeric stepRange=5)
  Selected cycle: 20191228
Processing timestep: 201912290000
  Writing /home/lwestern/agage/meteorology/cfsv2/flexpart_inputs//GF19122900
  Trying cycle: 20191228
  WARNING: Missing ipvgrbh file for 201912290000 cycle 20191228 (continuing with pgrbh only)
  Step filtering not needed (single numeric stepRange=6)
  Selected cycle: 20191228
Processing timestep: 201912290100
  Writing /home/lwestern/agage/meteorology/cfsv2/flexpart_inputs//GF19122901
  Trying cycle: 20191229
  WARNING: Missing ipvgrbh file for 201912290100 cycle 20191229 (continuing with pgrbh only)
  Step filtering not needed (single numeric stepRange=1)
  Selected cycle: 20191228
Processing timestep: 201912290200
  Writing /home/lwestern/agage/meteorology/cfsv2/flexpart_inputs//GF19122902
  Trying cycle: 20191229
  WARNING: Missing ipvgrbh file for 201912290200 cycle 20191229 (continuing with pgrbh only)
  Step filtering not needed (single numeric stepRange=2)
  Selected cycle: 20191228
Processing timestep: 201912290300
  Writing /home/lwestern/agage/meteorology/cfsv2/flexpart_inputs//GF19122903
  Trying cycle: 20191229
  WARNING: Missing ipvgrbh file for 201912290300 cycle 20191229 (continuing with pgrbh only)
  Step filtering not needed (single numeric stepRange=3)
  Selected cycle: 20191228
Processing timestep: 201912290400
  Writing /home/lwestern/agage/meteorology/cfsv2/flexpart_inputs//GF19122904
  Trying cycle: 20191229
  WARNING: Missing ipvgrbh file for 201912290400 cycle 20191229 (continuing with pgrbh only)
  Step filtering not needed (single numeric stepRange=4)
  Selected cycle: 20191228
Processing timestep: 201912290500
  Writing /home/lwestern/agage/meteorology/cfsv2/flexpart_inputs//GF19122905
  Trying cycle: 20191229
  WARNING: Missing ipvgrbh file for 201912290500 cycle 20191229 (continuing with pgrbh only)
  Step filtering not needed (single numeric stepRange=5)
  Selected cycle: 20191228
Processing timestep: 201912290600
  Writing /home/lwestern/agage/meteorology/cfsv2/flexpart_inputs//GF19122906
  Trying cycle: 20191229
  Selected cycle: 20191228
Processing timestep: 201912290700
  WARNING: Missing ipvgrbh file for 201912290600 cycle 20191229 (continuing with pgrbh only)
  Writing /home/lwestern/agage/meteorology/cfsv2/flexpart_inputs//GF19122907
  Trying cycle: 20191229
  Step filtering not needed (single numeric stepRange=6)
  WARNING: Missing ipvgrbh file for 201912290700 cycle 20191229 (continuing with pgrbh only)
  Step filtering not needed (single numeric stepRange=1)
  Selected cycle: 20191228
Processing timestep: 201912290800
  Writing /home/lwestern/agage/meteorology/cfsv2/flexpart_inputs//GF19122908
  Trying cycle: 20191229
  WARNING: Missing ipvgrbh file for 201912290800 cycle 20191229 (continuing with pgrbh only)
  Step filtering not needed (single numeric stepRange=2)
  Selected cycle: 20191229
Processing timestep: 201912290900
  Writing /home/lwestern/agage/meteorology/cfsv2/flexpart_inputs//GF19122909
  Trying cycle: 20191229
  WARNING: Missing ipvgrbh file for 201912290900 cycle 20191229 (continuing with pgrbh only)
  Step filtering not needed (single numeric stepRange=3)
  Selected cycle: 20191229
Processing timestep: 201912291000
  Writing /home/lwestern/agage/meteorology/cfsv2/flexpart_inputs//GF19122910
  Trying cycle: 20191229
  WARNING: Missing ipvgrbh file for 201912291000 cycle 20191229 (continuing with pgrbh only)
  Step filtering not needed (single numeric stepRange=4)
  Selected cycle: 20191229
Processing timestep: 201912291100
  Writing /home/lwestern/agage/meteorology/cfsv2/flexpart_inputs//GF19122911
  Trying cycle: 20191229
  WARNING: Missing ipvgrbh file for 201912291100 cycle 20191229 (continuing with pgrbh only)
  Step filtering not needed (single numeric stepRange=5)
  Selected cycle: 20191229
Processing timestep: 201912291200
  Writing /home/lwestern/agage/meteorology/cfsv2/flexpart_inputs//GF19122912
  Trying cycle: 20191229
  WARNING: Missing ipvgrbh file for 201912291200 cycle 20191229 (continuing with pgrbh only)
  Step filtering not needed (single numeric stepRange=6)
  Selected cycle: 20191229
Processing timestep: 201912291300
  Writing /home/lwestern/agage/meteorology/cfsv2/flexpart_inputs//GF19122913
  Trying cycle: 20191229
  WARNING: Missing ipvgrbh file for 201912291300 cycle 20191229 (continuing with pgrbh only)
  Step filtering not needed (single numeric stepRange=1)
  Selected cycle: 20191229
Processing timestep: 201912291400
  Writing /home/lwestern/agage/meteorology/cfsv2/flexpart_inputs//GF19122914
  Trying cycle: 20191229
  WARNING: Missing ipvgrbh file for 201912291400 cycle 20191229 (continuing with pgrbh only)
  Step filtering not needed (single numeric stepRange=2)
  Selected cycle: 20191229
Processing timestep: 201912291500
  Writing /home/lwestern/agage/meteorology/cfsv2/flexpart_inputs//GF19122915
  Trying cycle: 20191229
  WARNING: Missing ipvgrbh file for 201912291500 cycle 20191229 (continuing with pgrbh only)
  Step filtering not needed (single numeric stepRange=3)
  Selected cycle: 20191229
Processing timestep: 201912291600
  Writing /home/lwestern/agage/meteorology/cfsv2/flexpart_inputs//GF19122916
  Trying cycle: 20191229
  WARNING: Missing ipvgrbh file for 201912291600 cycle 20191229 (continuing with pgrbh only)
  Step filtering not needed (single numeric stepRange=4)
  Selected cycle: 20191229
Processing timestep: 201912291700
  Writing /home/lwestern/agage/meteorology/cfsv2/flexpart_inputs//GF19122917
  Trying cycle: 20191229
  WARNING: Missing ipvgrbh file for 201912291700 cycle 20191229 (continuing with pgrbh only)
  Step filtering not needed (single numeric stepRange=5)
  Selected cycle: 20191229
Processing timestep: 201912291800
  Writing /home/lwestern/agage/meteorology/cfsv2/flexpart_inputs//GF19122918
  Trying cycle: 20191229
  WARNING: Missing ipvgrbh file for 201912291800 cycle 20191229 (continuing with pgrbh only)
  Step filtering not needed (single numeric stepRange=6)
  Selected cycle: 20191229
Processing timestep: 201912291900
  Writing /home/lwestern/agage/meteorology/cfsv2/flexpart_inputs//GF19122919
  Trying cycle: 20191229
  WARNING: Missing ipvgrbh file for 201912291900 cycle 20191229 (continuing with pgrbh only)
  Step filtering not needed (single numeric stepRange=1)
  Selected cycle: 20191229
Processing timestep: 201912292000
  Selected cycle: 20191229
Processing timestep: 201912292100
  Writing /home/lwestern/agage/meteorology/cfsv2/flexpart_inputs//GF19122920
  Trying cycle: 20191229
  Writing /home/lwestern/agage/meteorology/cfsv2/flexpart_inputs//GF19122921
  Trying cycle: 20191229
  WARNING: Missing ipvgrbh file for 201912292000 cycle 20191229 (continuing with pgrbh only)
  WARNING: Missing ipvgrbh file for 201912292100 cycle 20191229 (continuing with pgrbh only)
  Step filtering not needed (single numeric stepRange=2)
  Step filtering not needed (single numeric stepRange=3)
  Selected cycle: 20191229
Processing timestep: 201912292200
  Writing /home/lwestern/agage/meteorology/cfsv2/flexpart_inputs//GF19122922
  Trying cycle: 20191229
  WARNING: Missing ipvgrbh file for 201912292200 cycle 20191229 (continuing with pgrbh only)
  Step filtering not needed (single numeric stepRange=4)
  Selected cycle: 20191229
Processing timestep: 201912292300
  Writing /home/lwestern/agage/meteorology/cfsv2/flexpart_inputs//GF19122923
  Trying cycle: 20191229
  WARNING: Missing ipvgrbh file for 201912292300 cycle 20191229 (continuing with pgrbh only)
  Step filtering not needed (single numeric stepRange=5)
  Selected cycle: 20191229
Processing timestep: 201912300000
  Writing /home/lwestern/agage/meteorology/cfsv2/flexpart_inputs//GF19123000
  Trying cycle: 20191229
  WARNING: Missing ipvgrbh file for 201912300000 cycle 20191229 (continuing with pgrbh only)
  Step filtering not needed (single numeric stepRange=6)
  Selected cycle: 20191229
Processing timestep: 201912310100
  Writing /home/lwestern/agage/meteorology/cfsv2/flexpart_inputs//GF19123101
  Trying cycle: 20191231
  WARNING: Missing ipvgrbh file for 201912310100 cycle 20191231 (continuing with pgrbh only)
  Selected cycle: 20191229
Processing timestep: 201912310200
  Writing /home/lwestern/agage/meteorology/cfsv2/flexpart_inputs//GF19123102
  Trying cycle: 20191231
  Step filtering not needed (single numeric stepRange=1)
  WARNING: Missing ipvgrbh file for 201912310200 cycle 20191231 (continuing with pgrbh only)
  Step filtering not needed (single numeric stepRange=2)
  Selected cycle: 20191229
Processing timestep: 201912310300
  Writing /home/lwestern/agage/meteorology/cfsv2/flexpart_inputs//GF19123103
  Trying cycle: 20191231
  WARNING: Missing ipvgrbh file for 201912310300 cycle 20191231 (continuing with pgrbh only)
  Step filtering not needed (single numeric stepRange=3)
  Selected cycle: 20191229
Processing timestep: 201912310400
  Writing /home/lwestern/agage/meteorology/cfsv2/flexpart_inputs//GF19123104
  Trying cycle: 20191231
  WARNING: Missing ipvgrbh file for 201912310400 cycle 20191231 (continuing with pgrbh only)
  Step filtering not needed (single numeric stepRange=4)
  Selected cycle: 20191229
Processing timestep: 201912310500
  Writing /home/lwestern/agage/meteorology/cfsv2/flexpart_inputs//GF19123105
  Trying cycle: 20191231
  WARNING: Missing ipvgrbh file for 201912310500 cycle 20191231 (continuing with pgrbh only)
  Step filtering not needed (single numeric stepRange=5)
  Selected cycle: 20191229
Processing timestep: 201912310600
  Writing /home/lwestern/agage/meteorology/cfsv2/flexpart_inputs//GF19123106
  Trying cycle: 20191231
  WARNING: Missing ipvgrbh file for 201912310600 cycle 20191231 (continuing with pgrbh only)
  Step filtering not needed (single numeric stepRange=6)
  Selected cycle: 20191229
Processing timestep: 201912310700
  Writing /home/lwestern/agage/meteorology/cfsv2/flexpart_inputs//GF19123107
  Trying cycle: 20191231
  WARNING: Missing ipvgrbh file for 201912310700 cycle 20191231 (continuing with pgrbh only)
  Step filtering not needed (single numeric stepRange=1)
  Selected cycle: 20191229
Processing timestep: 201912310800
  Writing /home/lwestern/agage/meteorology/cfsv2/flexpart_inputs//GF19123108
  Trying cycle: 20191231
  WARNING: Missing ipvgrbh file for 201912310800 cycle 20191231 (continuing with pgrbh only)
  Step filtering not needed (single numeric stepRange=2)
  Selected cycle: 20191231
Processing timestep: 201912310900
  Writing /home/lwestern/agage/meteorology/cfsv2/flexpart_inputs//GF19123109
  Trying cycle: 20191231
  WARNING: Missing ipvgrbh file for 201912310900 cycle 20191231 (continuing with pgrbh only)
  Step filtering not needed (single numeric stepRange=3)
  Selected cycle: 20191231
Processing timestep: 201912311000
  Writing /home/lwestern/agage/meteorology/cfsv2/flexpart_inputs//GF19123110
  Trying cycle: 20191231
  WARNING: Missing ipvgrbh file for 201912311000 cycle 20191231 (continuing with pgrbh only)
  Step filtering not needed (single numeric stepRange=4)
  Selected cycle: 20191231
Processing timestep: 201912311100
  Writing /home/lwestern/agage/meteorology/cfsv2/flexpart_inputs//GF19123111
  Trying cycle: 20191231
  WARNING: Missing ipvgrbh file for 201912311100 cycle 20191231 (continuing with pgrbh only)
  Step filtering not needed (single numeric stepRange=5)
  Selected cycle: 20191231
Processing timestep: 201912311200
  Writing /home/lwestern/agage/meteorology/cfsv2/flexpart_inputs//GF19123112
  Trying cycle: 20191231
  WARNING: Missing ipvgrbh file for 201912311200 cycle 20191231 (continuing with pgrbh only)
  Step filtering not needed (single numeric stepRange=6)
  Selected cycle: 20191231
Processing timestep: 201912311300
  Writing /home/lwestern/agage/meteorology/cfsv2/flexpart_inputs//GF19123113
  Trying cycle: 20191231
  WARNING: Missing ipvgrbh file for 201912311300 cycle 20191231 (continuing with pgrbh only)
  Step filtering not needed (single numeric stepRange=1)
  Selected cycle: 20191231
Processing timestep: 201912311400
  Writing /home/lwestern/agage/meteorology/cfsv2/flexpart_inputs//GF19123114
  Trying cycle: 20191231
  WARNING: Missing ipvgrbh file for 201912311400 cycle 20191231 (continuing with pgrbh only)
  Step filtering not needed (single numeric stepRange=2)
  Selected cycle: 20191231
Processing timestep: 201912311500
  Writing /home/lwestern/agage/meteorology/cfsv2/flexpart_inputs//GF19123115
  Trying cycle: 20191231
  WARNING: Missing ipvgrbh file for 201912311500 cycle 20191231 (continuing with pgrbh only)
  Step filtering not needed (single numeric stepRange=3)
  Selected cycle: 20191231
Processing timestep: 201912311600
  Writing /home/lwestern/agage/meteorology/cfsv2/flexpart_inputs//GF19123116
  Trying cycle: 20191231
  Selected cycle: 20191231
Processing timestep: 201912311700
  Writing /home/lwestern/agage/meteorology/cfsv2/flexpart_inputs//GF19123117
  Trying cycle: 20191231
  WARNING: Missing ipvgrbh file for 201912311600 cycle 20191231 (continuing with pgrbh only)
  Step filtering not needed (single numeric stepRange=4)
  WARNING: Missing ipvgrbh file for 201912311700 cycle 20191231 (continuing with pgrbh only)
  Step filtering not needed (single numeric stepRange=5)
  Selected cycle: 20191231
Processing timestep: 201912311800
  Writing /home/lwestern/agage/meteorology/cfsv2/flexpart_inputs//GF19123118
  Trying cycle: 20191231
  WARNING: Missing ipvgrbh file for 201912311800 cycle 20191231 (continuing with pgrbh only)
  Step filtering not needed (single numeric stepRange=6)
  Selected cycle: 20191231
Processing timestep: 201912311900
  Writing /home/lwestern/agage/meteorology/cfsv2/flexpart_inputs//GF19123119
  Trying cycle: 20191231
  WARNING: Missing ipvgrbh file for 201912311900 cycle 20191231 (continuing with pgrbh only)
  Step filtering not needed (single numeric stepRange=1)
  Selected cycle: 20191231
Processing timestep: 201912312000
  Writing /home/lwestern/agage/meteorology/cfsv2/flexpart_inputs//GF19123120
  Trying cycle: 20191231
  Selected cycle: 20191231
Processing timestep: 201912312100
  Writing /home/lwestern/agage/meteorology/cfsv2/flexpart_inputs//GF19123121
  Trying cycle: 20191231
  WARNING: Missing ipvgrbh file for 201912312000 cycle 20191231 (continuing with pgrbh only)
  Step filtering not needed (single numeric stepRange=2)
  WARNING: Missing ipvgrbh file for 201912312100 cycle 20191231 (continuing with pgrbh only)
  Step filtering not needed (single numeric stepRange=3)
  Selected cycle: 20191231
Processing timestep: 201912312200
  Writing /home/lwestern/agage/meteorology/cfsv2/flexpart_inputs//GF19123122
  Trying cycle: 20191231
  WARNING: Missing ipvgrbh file for 201912312200 cycle 20191231 (continuing with pgrbh only)
  Step filtering not needed (single numeric stepRange=4)
  Selected cycle: 20191231
Processing timestep: 201912312300
  Writing /home/lwestern/agage/meteorology/cfsv2/flexpart_inputs//GF19123123
  Trying cycle: 20191231
  WARNING: Missing ipvgrbh file for 201912312300 cycle 20191231 (continuing with pgrbh only)
  Step filtering not needed (single numeric stepRange=5)
  Selected cycle: 20191231
Processing timestep: 202001010000
  Writing /home/lwestern/agage/meteorology/cfsv2/flexpart_inputs//GF20010100
  Trying cycle: 20191231
  Selected cycle: 20191231
  Selected cycle: 20191231
  WARNING: Missing ipvgrbh file for 202001010000 cycle 20191231 (continuing with pgrbh only)
  Step filtering not needed (single numeric stepRange=6)
  Selected cycle: 20191231
  Selected cycle: 20191231
  Selected cycle: 20191231
  Selected cycle: 20191231
  Selected cycle: 20191231
  Selected cycle: 20191231
Done.
Wrote 3216 meteorological files
Reused 0 existing meteorological files
Applied step filtering to 0 files
Skipped step filtering for 3216 single-step files
Skipped 0 timesteps
AVAILABLE written to /home/lwestern/agage/meteorology/cfsv2/flexpart_inputs/AVAILABLE
